INSERT INTO `libro` (`LIBROID`,`TIPO_LIBROID`,`ABADIAID`,`FECHA_CREACION`,`FECHA_ADQUISICION`,`ESTADO`,`IDIOMAID`,`PAGINAS_COPIADAS`,`PRECIO_COPIA`) VALUES (NULL,'760',' 1000029509','1170-01-04','1170-01-04','2','22','500','300000');
insert into libro_tipo (TIPO_LIBROID, LITERALID, DESCRIPCIONID, DESCRIPCION, COPIABLE, GRAFICO) values (760, 20760, 30760, 'Memoriale Sanctorum' , 1, 'biblia');
insert into libro_nivel (TIPO_LIBROID, NIVEL, PAGINAS, PUNTUACION, PRECIO_MIN, PRECIO_MAX, CTD_PIEL_ENCUADERNAR, DESGASTE) values (760, 1, 500, 500000, 280000, 330000, 6, 0.027);
insert into literales (LITERALID, IDIOMAID, LITERAL) values (20760, 1, 'Memoriale Sanctorum');
insert into literales (LITERALID, IDIOMAID, LITERAL) values (30760, 1, 'Eulogio de Cordoba  relata las biografias de los martires cristianos que  dieron testimonio de su fe a traves del martirio voluntario a medidados del siglo IX'); 
INSERT INTO `libro` (`LIBROID`,`TIPO_LIBROID`,`ABADIAID`,`FECHA_CREACION`,`FECHA_ADQUISICION`,`ESTADO`,`IDIOMAID`,`PAGINAS_COPIADAS`,`PRECIO_COPIA`) VALUES (NULL,'761',' 1000029419','1170-01-04','1170-01-04','2','22','500','300000');
insert into libro_tipo (TIPO_LIBROID, LITERALID, DESCRIPCIONID, DESCRIPCION, COPIABLE, GRAFICO) values (761, 20761, 30761, 'Historia Episcopi Hilalius Lucienensis' , 1, 'biblia');
insert into libro_nivel (TIPO_LIBROID, NIVEL, PAGINAS, PUNTUACION, PRECIO_MIN, PRECIO_MAX, CTD_PIEL_ENCUADERNAR, DESGASTE) values (761, 1, 500, 500000, 280000, 330000, 6, 0.027);
insert into literales (LITERALID, IDIOMAID, LITERAL) values (20761, 1, 'Historia Episcopi Hilalius Lucienensis' );
insert into literales (LITERALID, IDIOMAID, LITERAL) values (30761, 1, 'Fray Cide de Cordoba relata el episcopado de Su Ilustrisima Hilal de Lucena, primer obispo de la diocesis de Al Andalus'); 
INSERT INTO `libro` (`LIBROID`,`TIPO_LIBROID`,`ABADIAID`,`FECHA_CREACION`,`FECHA_ADQUISICION`,`ESTADO`,`IDIOMAID`,`PAGINAS_COPIADAS`,`PRECIO_COPIA`) VALUES (NULL,'762',' 1000031730','1170-01-04','1170-01-04','2','22','500','300000');

insert into libro_tipo (TIPO_LIBROID, LITERALID, DESCRIPCIONID, DESCRIPCION, COPIABLE, GRAFICO) values (762, 20762, 30762, 'Historia Episcopi Wernerus Origniacumensis' , 1, 'biblia');
insert into libro_nivel (TIPO_LIBROID, NIVEL, PAGINAS, PUNTUACION, PRECIO_MIN, PRECIO_MAX, CTD_PIEL_ENCUADERNAR, DESGASTE) values (762, 1, 500, 500000, 280000, 330000, 6, 0.027);
insert into literales (LITERALID, IDIOMAID, LITERAL) values (20762, 1, 'Historia Wernerus Origniacumensis');
insert into literales (LITERALID, IDIOMAID, LITERAL) values (30762, 1, 'El fraile cartujo Damian de Toledo narra en esta obra el episcopado de Su Ilustrisima Wernerus de Origny, segundo obispo de la diocesis de Al Andalus'); 
INSERT INTO `libro` (`LIBROID`,`TIPO_LIBROID`,`ABADIAID`,`FECHA_CREACION`,`FECHA_ADQUISICION`,`ESTADO`,`IDIOMAID`,`PAGINAS_COPIADAS`,`PRECIO_COPIA`) VALUES (NULL,'763',' 1000032372','1170-01-04','1170-01-04','2','21','500','300000');
insert into libro_tipo (TIPO_LIBROID, LITERALID, DESCRIPCIONID, DESCRIPCION, COPIABLE, GRAFICO) values (763, 20763, 30763, 'Chronicon Aquitanicum et Francicum' , 1, 'biblia');
insert into libro_nivel (TIPO_LIBROID, NIVEL, PAGINAS, PUNTUACION, PRECIO_MIN, PRECIO_MAX, CTD_PIEL_ENCUADERNAR, DESGASTE) values (763, 1, 500, 500000, 280000, 330000, 6, 0.027);
insert into literales (LITERALID, IDIOMAID, LITERAL) values (20763, 1, 'Chronicon Aquitanicum et Francicum');
insert into literales (LITERALID, IDIOMAID, LITERAL) values (30763, 1, 'Compuesta por tres volumenes, la Cronica de Aquitania y Francia narra la historia de la region desde el fabuloso reino de Pharamond rey de los francos en 1028 constituyendo una obra de singular importancia historica'); 
INSERT INTO `libro` (`LIBROID`,`TIPO_LIBROID`,`ABADIAID`,`FECHA_CREACION`,`FECHA_ADQUISICION`,`ESTADO`,`IDIOMAID`,`PAGINAS_COPIADAS`,`PRECIO_COPIA`) VALUES (NULL,'764',' 1000032372','1170-01-04','1170-01-04','2','21','500','300000');
insert into libro_tipo (TIPO_LIBROID, LITERALID, DESCRIPCIONID, DESCRIPCION, COPIABLE, GRAFICO) values (764, 20764, 30764, 'Historia Episcopi Dominitianus Palumensis' , 1, 'biblia');
insert into libro_nivel (TIPO_LIBROID, NIVEL, PAGINAS, PUNTUACION, PRECIO_MIN, PRECIO_MAX, CTD_PIEL_ENCUADERNAR, DESGASTE) values (764, 1, 500, 500000, 280000, 330000, 6, 0.027);
insert into literales (LITERALID, IDIOMAID, LITERAL) values (20764, 1, ' Historia Episcopi Dominitianus Palumensis' ); 
insert into literales (LITERALID, IDIOMAID, LITERAL) values (30764, 1, 'Gailharde de Cognac relata en este volumen el episcopado de Su Ilustrisima Dominitiano de Pau, primer obispo del Ducado de Aquitania quien fallecio asesinado en 1165'); 
INSERT INTO `libro` (`LIBROID`,`TIPO_LIBROID`,`ABADIAID`,`FECHA_CREACION`,`FECHA_ADQUISICION`,`ESTADO`,`IDIOMAID`,`PAGINAS_COPIADAS`,`PRECIO_COPIA`) VALUES (NULL,'765',' 1000032372','1170-01-04','1170-01-04','2','21','500','300000');
insert into libro_tipo (TIPO_LIBROID, LITERALID, DESCRIPCIONID, DESCRIPCION, COPIABLE, GRAFICO) values (765, 20765, 30765, 'Historia Episcopi Raphael Gordoniumensis' , 1, 'biblia');
insert into libro_nivel (TIPO_LIBROID, NIVEL, PAGINAS, PUNTUACION, PRECIO_MIN, PRECIO_MAX, CTD_PIEL_ENCUADERNAR, DESGASTE) values (765, 1, 500, 500000, 280000, 330000, 6, 0.027);
insert into literales (LITERALID, IDIOMAID, LITERAL) values (20765, 1, 'Historia Episcopi Raphael Gordoniumensis');
insert into literales (LITERALID, IDIOMAID, LITERAL) values (30765, 1, 'El franciscano Hugues de Chatellerault recoge en esta obra el episcado de Su Ilustrisima Raphael de Gourdon, tercer obispo del Ducado de Aquitania'); 
INSERT INTO `libro` (`LIBROID`,`TIPO_LIBROID`,`ABADIAID`,`FECHA_CREACION`,`FECHA_ADQUISICION`,`ESTADO`,`IDIOMAID`,`PAGINAS_COPIADAS`,`PRECIO_COPIA`) VALUES (NULL,'766','1000033587','1170-01-04','1170-01-04','2','23','500','300000');
insert into libro_tipo (TIPO_LIBROID, LITERALID, DESCRIPCIONID, DESCRIPCION, COPIABLE, GRAFICO) values (766, 20766, 30766, 'Pax Srtralsundae' , 1, 'biblia');
insert into libro_nivel (TIPO_LIBROID, NIVEL, PAGINAS, PUNTUACION, PRECIO_MIN, PRECIO_MAX, CTD_PIEL_ENCUADERNAR, DESGASTE) values (766, 1, 500, 500000, 280000, 330000, 6, 0.027);
insert into literales (LITERALID, IDIOMAID, LITERAL) values (20766, 1, 'Pax Srtralsundae');
insert into literales (LITERALID, IDIOMAID, LITERAL) values (30766, 1, 'Este tratado constituye el fin de hostilidades belicas entre el reino de Dinamarca con la llamada Liga Hanseatica en conflicto por el control comercial del Baltico'); 
INSERT INTO `libro` (`LIBROID`,`TIPO_LIBROID`,`ABADIAID`,`FECHA_CREACION`,`FECHA_ADQUISICION`,`ESTADO`,`IDIOMAID`,`PAGINAS_COPIADAS`,`PRECIO_COPIA`) VALUES (NULL,'767','1000033587','1170-01-04','1170-01-04','2','23','500','300000');
insert into libro_tipo (TIPO_LIBROID, LITERALID, DESCRIPCIONID, DESCRIPCION, COPIABLE, GRAFICO) values (767, 20767, 30767, 'Historia Episcopi Baldemarus  Pyrethiensis' , 1, 'biblia');
insert into libro_nivel (TIPO_LIBROID, NIVEL, PAGINAS, PUNTUACION, PRECIO_MIN, PRECIO_MAX, CTD_PIEL_ENCUADERNAR, DESGASTE) values (767, 1, 500, 500000, 280000, 330000, 6, 0.027);
insert into literales (LITERALID, IDIOMAID, LITERAL) values (20767, 1, 'Historia Episcopi Baldemarus  Pyrethiensis' );
insert into literales (LITERALID, IDIOMAID, LITERAL) values (30767, 1, 'Fray Mestwin de Ankalm narra el episcopado de Su Ilustrisima  Baldemarus de Pyritz , obispo del Ducado de Pomerania'); 
INSERT INTO `libro` (`LIBROID`,`TIPO_LIBROID`,`ABADIAID`,`FECHA_CREACION`,`FECHA_ADQUISICION`,`ESTADO`,`IDIOMAID`,`PAGINAS_COPIADAS`,`PRECIO_COPIA`) VALUES (NULL,'768','1000033587','1170-01-04','1170-01-04','2','23','500','300000');
insert into libro_tipo (TIPO_LIBROID, LITERALID, DESCRIPCIONID, DESCRIPCION, COPIABLE, GRAFICO) values (768, 20768, 30768, 'Pergamenae Monachi  Vladislaus Memelensis' , 1, 'biblia');
insert into libro_nivel (TIPO_LIBROID, NIVEL, PAGINAS, PUNTUACION, PRECIO_MIN, PRECIO_MAX, CTD_PIEL_ENCUADERNAR, DESGASTE) values (768, 1, 500, 500000, 280000, 330000, 6, 0.027);
insert into literales (LITERALID, IDIOMAID, LITERAL) values (20768, 1, 'Pergamenae Monachi  Vladislaus Memelensis');
insert into literales (LITERALID, IDIOMAID, LITERAL) values (30768, 1, 'Los pergaminos del monje Wladyslaw de Klaipeda nos narran, desde un punto de vista tradicional, la vida en una abadia pomena en el siglo XII'); 
INSERT INTO `libro` (`LIBROID`,`TIPO_LIBROID`,`ABADIAID`,`FECHA_CREACION`,`FECHA_ADQUISICION`,`ESTADO`,`IDIOMAID`,`PAGINAS_COPIADAS`,`PRECIO_COPIA`) VALUES (NULL,'769','1000008671','1170-01-04','1170-01-04','2','1','500','300000');
insert into libro_tipo (TIPO_LIBROID, LITERALID, DESCRIPCIONID, DESCRIPCION, COPIABLE, GRAFICO) values (769, 20769, 30769, 'Adefonsi Tertii Chronica' , 1, 'biblia');
insert into libro_nivel (TIPO_LIBROID, NIVEL, PAGINAS, PUNTUACION, PRECIO_MIN, PRECIO_MAX, CTD_PIEL_ENCUADERNAR, DESGASTE) values (769, 1, 500, 500000, 280000, 330000, 6, 0.027);
insert into literales (LITERALID, IDIOMAID, LITERAL) values (20769, 1, 'Adefonsi Tertii Chronica');
insert into literales (LITERALID, IDIOMAID, LITERAL) values (30769, 1, 'La Cronica del rey Alfonso III pudo haber sido escrita por el propio monarca. La obra pretendia haber sido una continuacion de la Historia de los Godos escrita por Isidoro . Retocada por el obispo Sebastian, se introducen ciertas matizaciones sobre el origen de Pelayo'); 
INSERT INTO `libro` (`LIBROID`,`TIPO_LIBROID`,`ABADIAID`,`FECHA_CREACION`,`FECHA_ADQUISICION`,`ESTADO`,`IDIOMAID`,`PAGINAS_COPIADAS`,`PRECIO_COPIA`) VALUES (NULL,'770','1000030795','1170-01-04','1170-01-04','2','1','500','300000');
insert into libro_tipo (TIPO_LIBROID, LITERALID, DESCRIPCIONID, DESCRIPCION, COPIABLE, GRAFICO) values (770, 20770, 30770, 'Vita Sancti Recamundus Flavionaviensis' , 1, 'biblia');
insert into libro_nivel (TIPO_LIBROID, NIVEL, PAGINAS, PUNTUACION, PRECIO_MIN, PRECIO_MAX, CTD_PIEL_ENCUADERNAR, DESGASTE) values (770, 1, 500, 500000, 280000, 330000, 6, 0.027);
insert into literales (LITERALID, IDIOMAID, LITERAL) values (20770, 1, 'Vita Sancti Recamundus Flavionaviensis' );
insert into literales (LITERALID, IDIOMAID, LITERAL) values (30770, 1, 'El dominico Lecino de Medina del Pomar narra la hagiografia del primer santo conocido en el reino asturiano, Recamundo de Pravia'); 
INSERT INTO `libro` (`LIBROID`,`TIPO_LIBROID`,`ABADIAID`,`FECHA_CREACION`,`FECHA_ADQUISICION`,`ESTADO`,`IDIOMAID`,`PAGINAS_COPIADAS`,`PRECIO_COPIA`) VALUES (NULL,'771','1000029896','1170-01-04','1170-01-04','2','1','500','300000');
insert into libro_tipo (TIPO_LIBROID, LITERALID, DESCRIPCIONID, DESCRIPCION, COPIABLE, GRAFICO) values (771, 20771, 30771, 'Historia Episcopi Felanus Derensis' , 1, 'biblia');
insert into libro_nivel (TIPO_LIBROID, NIVEL, PAGINAS, PUNTUACION, PRECIO_MIN, PRECIO_MAX, CTD_PIEL_ENCUADERNAR, DESGASTE) values (771, 1, 500, 500000, 280000, 330000, 6, 0.027);
insert into literales (LITERALID, IDIOMAID, LITERAL) values (20771, 1, 'Historia Episcopi Felanus Derensis');
insert into literales (LITERALID, IDIOMAID, LITERAL) values (30771, 1, 'Alfoneta de Primoiras, abad franciscano, narra el episcopado de Su Ilustrisima Faelan de Derry, primer obispo del Reino de Asturias quien ejercio su episcopado desde 1170 a 1168'); 
INSERT INTO `libro` (`LIBROID`,`TIPO_LIBROID`,`ABADIAID`,`FECHA_CREACION`,`FECHA_ADQUISICION`,`ESTADO`,`IDIOMAID`,`PAGINAS_COPIADAS`,`PRECIO_COPIA`) VALUES (NULL,'772','1000033534','1170-01-04','1170-01-04','2','25','500','300000');
insert into libro_tipo (TIPO_LIBROID, LITERALID, DESCRIPCIONID, DESCRIPCION, COPIABLE, GRAFICO) values (772, 20772, 30772, 'Memoriale' , 1, 'biblia');
insert into libro_nivel (TIPO_LIBROID, NIVEL, PAGINAS, PUNTUACION, PRECIO_MIN, PRECIO_MAX, CTD_PIEL_ENCUADERNAR, DESGASTE) values (772, 1, 500, 500000, 280000, 330000, 6, 0.027);
insert into literales (LITERALID, IDIOMAID, LITERAL) values (20772, 1, 'Memoriale');
insert into literales (LITERALID, IDIOMAID, LITERAL) values (30772, 1, 'Fray Arnaldo recoge las explicaciones de la Beata Angela de Foligno sobre su vida, abarcando desde la conversion de la mistica italiana hasta el año 1296, centradose en sus experiencia espirituales'); 
INSERT INTO `libro` (`LIBROID`,`TIPO_LIBROID`,`ABADIAID`,`FECHA_CREACION`,`FECHA_ADQUISICION`,`ESTADO`,`IDIOMAID`,`PAGINAS_COPIADAS`,`PRECIO_COPIA`) VALUES (NULL,'773','1000033534','1170-01-04','1170-01-04','2','25','500','300000');
insert into libro_tipo (TIPO_LIBROID, LITERALID, DESCRIPCIONID, DESCRIPCION, COPIABLE, GRAFICO) values (773, 20773, 30773, 'Historia Episcopi Humbertus  Mallianumensis' , 1, 'biblia');
insert into libro_nivel (TIPO_LIBROID, NIVEL, PAGINAS, PUNTUACION, PRECIO_MIN, PRECIO_MAX, CTD_PIEL_ENCUADERNAR, DESGASTE) values (773, 1, 500, 500000, 280000, 330000, 6, 0.027);
insert into literales (LITERALID, IDIOMAID, LITERAL) values (20773, 1, 'Historia Episcopi Humbertus  Mallianumensis'  );
insert into literales (LITERALID, IDIOMAID, LITERAL) values (30773, 1, 'El prior Cosma de Capua relata el episcopado de Su Ilustrisima Umberto de Maiano, primer obispo de la diocesis del Ducado de Spoleto'); 
INSERT INTO `libro` (`LIBROID`,`TIPO_LIBROID`,`ABADIAID`,`FECHA_CREACION`,`FECHA_ADQUISICION`,`ESTADO`,`IDIOMAID`,`PAGINAS_COPIADAS`,`PRECIO_COPIA`) VALUES (NULL,'774','1000033534','1170-01-04','1170-01-04','2','25','500','300000');
insert into libro_tipo (TIPO_LIBROID, LITERALID, DESCRIPCIONID, DESCRIPCION, COPIABLE, GRAFICO) values (774, 20774, 30774, 'Historia Episcopi Bonifatus Marruviumensis' , 1, 'biblia');
insert into libro_nivel (TIPO_LIBROID, NIVEL, PAGINAS, PUNTUACION, PRECIO_MIN, PRECIO_MAX, CTD_PIEL_ENCUADERNAR, DESGASTE) values (774, 1, 500, 500000, 280000, 330000, 6, 0.027);
insert into literales (LITERALID, IDIOMAID, LITERAL) values (20774, 1, 'Historia Episcopi Bonifatus Marruviumensis');
insert into literales (LITERALID, IDIOMAID, LITERAL) values (30774, 1, 'El benedictino Sandro de Asis narra en esta obra el episcopado de Su Ilustrisima Bonifacio de Marsos, segundo obispo de la diocesis de Spoleto'); 
INSERT INTO `libro` (`LIBROID`,`TIPO_LIBROID`,`ABADIAID`,`FECHA_CREACION`,`FECHA_ADQUISICION`,`ESTADO`,`IDIOMAID`,`PAGINAS_COPIADAS`,`PRECIO_COPIA`) VALUES (NULL,'775','1000033401','1170-01-04','1170-01-04','2','38','500','300000');
insert into libro_tipo (TIPO_LIBROID, LITERALID, DESCRIPCIONID, DESCRIPCION, COPIABLE, GRAFICO) values (775, 20775, 30775, 'Livlandische Reimchronik' , 1, 'biblia');
insert into libro_nivel (TIPO_LIBROID, NIVEL, PAGINAS, PUNTUACION, PRECIO_MIN, PRECIO_MAX, CTD_PIEL_ENCUADERNAR, DESGASTE) values (775, 1, 500, 500000, 280000, 330000, 6, 0.027);
insert into literales (LITERALID, IDIOMAID, LITERAL) values (20775, 1, 'Livlandische Reimchronik'); 
insert into literales (LITERALID, IDIOMAID, LITERAL) values (30775, 1, 'La cronica rimada fue compuesta para ser leida a los caballeros cruzados de la Orden de Livonia durante sus almuerzos. Contiene abundantes detalles sobre Estonia, Letonia y Lituania siendo su funcion esencial la de legitimar la cristianizacion del Baltico'); 
INSERT INTO `libro` (`LIBROID`,`TIPO_LIBROID`,`ABADIAID`,`FECHA_CREACION`,`FECHA_ADQUISICION`,`ESTADO`,`IDIOMAID`,`PAGINAS_COPIADAS`,`PRECIO_COPIA`) VALUES (NULL,'776','1000033401','1170-01-04','1170-01-04','2','38','500','300000');
insert into libro_tipo (TIPO_LIBROID, LITERALID, DESCRIPCIONID, DESCRIPCION, COPIABLE, GRAFICO) values (776, 20776, 30776, 'Historia Episcopi Paulus Verpelensis' , 1, 'biblia');
insert into libro_nivel (TIPO_LIBROID, NIVEL, PAGINAS, PUNTUACION, PRECIO_MIN, PRECIO_MAX, CTD_PIEL_ENCUADERNAR, DESGASTE) values (776, 1, 500, 500000, 280000, 330000, 6, 0.027);
insert into literales (LITERALID, IDIOMAID, LITERAL) values (20776, 1, 'Historia Episcopi Paulus Verpelensis'  );
insert into literales (LITERALID, IDIOMAID, LITERAL) values (30776, 1, 'El abad Jaan de Rositen recoge el episcopado de Su Ilustrisima Pauvels de Borpael que ejercio un breve episcopado en la diocesis de Livonia'); 
INSERT INTO `libro` (`LIBROID`,`TIPO_LIBROID`,`ABADIAID`,`FECHA_CREACION`,`FECHA_ADQUISICION`,`ESTADO`,`IDIOMAID`,`PAGINAS_COPIADAS`,`PRECIO_COPIA`) VALUES (NULL,'777','1000033401','1170-01-04','1170-01-04','2','38','500','300000');
insert into libro_tipo (TIPO_LIBROID, LITERALID, DESCRIPCIONID, DESCRIPCION, COPIABLE, GRAFICO) values (777, 20777, 30777, 'Folii Abbatis Samuel Rigensis' , 1, 'biblia');
insert into libro_nivel (TIPO_LIBROID, NIVEL, PAGINAS, PUNTUACION, PRECIO_MIN, PRECIO_MAX, CTD_PIEL_ENCUADERNAR, DESGASTE) values (777, 1, 500, 500000, 280000, 330000, 6, 0.027);
insert into literales (LITERALID, IDIOMAID, LITERAL) values (20777, 1, 'Folii Abbatis Samuel Rigensis');
insert into literales (LITERALID, IDIOMAID, LITERAL) values (30777, 1, 'El monje cartujo Samuel de Riga nos relata magistralmente la vida cotidiana en una abadia livona en plena edad media'); 
INSERT INTO `libro` (`LIBROID`,`TIPO_LIBROID`,`ABADIAID`,`FECHA_CREACION`,`FECHA_ADQUISICION`,`ESTADO`,`IDIOMAID`,`PAGINAS_COPIADAS`,`PRECIO_COPIA`) VALUES (NULL,'778','1000033506','1170-01-04','1170-01-04','2','39','500','300000');
insert into libro_tipo (TIPO_LIBROID, LITERALID, DESCRIPCIONID, DESCRIPCION, COPIABLE, GRAFICO) values (778, 20778, 30778, 'Ancoratus' , 1, 'biblia');
insert into libro_nivel (TIPO_LIBROID, NIVEL, PAGINAS, PUNTUACION, PRECIO_MIN, PRECIO_MAX, CTD_PIEL_ENCUADERNAR, DESGASTE) values (778, 1, 500, 500000, 280000, 330000, 6, 0.027);
insert into literales (LITERALID, IDIOMAID, LITERAL) values (20778, 1, 'Ancoratus'); 
insert into literales (LITERALID, IDIOMAID, LITERAL) values (30778, 1, 'La obra catequetica de Epifanio de Salamina examina algunos temas dogmaticos a la luz de las herejias del siglo IV incluyendo ademas dos profesiones de fe. La relativa al rito bautismal fue adoptada por el concilio de Constantinopla en 381'); 
INSERT INTO `libro` (`LIBROID`,`TIPO_LIBROID`,`ABADIAID`,`FECHA_CREACION`,`FECHA_ADQUISICION`,`ESTADO`,`IDIOMAID`,`PAGINAS_COPIADAS`,`PRECIO_COPIA`) VALUES (NULL,'779','1000033506','1170-01-04','1170-01-04','2','39','500','300000');
insert into libro_tipo (TIPO_LIBROID, LITERALID, DESCRIPCIONID, DESCRIPCION, COPIABLE, GRAFICO) values (779, 20779, 30779, 'Historia Episcopi Simeon Neapaphusiensis' , 1, 'biblia');
insert into libro_nivel (TIPO_LIBROID, NIVEL, PAGINAS, PUNTUACION, PRECIO_MIN, PRECIO_MAX, CTD_PIEL_ENCUADERNAR, DESGASTE) values (779, 1, 500, 500000, 280000, 330000, 6, 0.027);
insert into literales (LITERALID, IDIOMAID, LITERAL) values (20779, 1, 'Historia Episcopi Simeon Neapaphusiensis'  );
insert into literales (LITERALID, IDIOMAID, LITERAL) values (30779, 1, 'El monje Phoebammon de Zygi relata el episcopado de Su Ilustrisima Simeon de Nea Paphos, primer obispo del Reino de Chipre'); 
INSERT INTO `libro` (`LIBROID`,`TIPO_LIBROID`,`ABADIAID`,`FECHA_CREACION`,`FECHA_ADQUISICION`,`ESTADO`,`IDIOMAID`,`PAGINAS_COPIADAS`,`PRECIO_COPIA`) VALUES (NULL,'780','1000033506','1170-01-04','1170-01-04','2','39','500','300000');
insert into libro_tipo (TIPO_LIBROID, LITERALID, DESCRIPCIONID, DESCRIPCION, COPIABLE, GRAFICO) values (780, 20780, 30780, 'Historia Episcopi Cyrillus Carpasianensis' , 1, 'biblia');
insert into libro_nivel (TIPO_LIBROID, NIVEL, PAGINAS, PUNTUACION, PRECIO_MIN, PRECIO_MAX, CTD_PIEL_ENCUADERNAR, DESGASTE) values (780, 1, 500, 500000, 280000, 330000, 6, 0.027);
insert into literales (LITERALID, IDIOMAID, LITERAL) values (20780, 1, 'Historia Episcopi Cyrillus Carpasianensis');
insert into literales (LITERALID, IDIOMAID, LITERAL) values (30780, 1, 'Metodio de Agrinou relata el episcopado de Su Ilustrisima Cyrul de Rizokarpaso, segundo obispo del Reino de Chipre'); 
INSERT INTO `libro` (`LIBROID`,`TIPO_LIBROID`,`ABADIAID`,`FECHA_CREACION`,`FECHA_ADQUISICION`,`ESTADO`,`IDIOMAID`,`PAGINAS_COPIADAS`,`PRECIO_COPIA`) VALUES (NULL,'781','1000012821','1170-01-04','1170-01-04','2','31','500','300000');
insert into libro_tipo (TIPO_LIBROID, LITERALID, DESCRIPCIONID, DESCRIPCION, COPIABLE, GRAFICO) values (781, 20781, 30781, 'Fyrsta Malfraediritgerdin' , 1, 'biblia');
insert into libro_nivel (TIPO_LIBROID, NIVEL, PAGINAS, PUNTUACION, PRECIO_MIN, PRECIO_MAX, CTD_PIEL_ENCUADERNAR, DESGASTE) values (781, 1, 500, 500000, 280000, 330000, 6, 0.027);
insert into literales (LITERALID, IDIOMAID, LITERAL) values (20781, 1, 'Fyrsta malfraediritgerdin'); 
insert into literales (LITERALID, IDIOMAID, LITERAL) values (30781, 1, 'El volumen es  un trabajo sobre la fonología del Nordico Antiguo o Viejo idioma islandes con un estudio completo de la pronunciación de la lengua  adaptando el alfabeto runico al latino'); 
INSERT INTO `libro` (`LIBROID`,`TIPO_LIBROID`,`ABADIAID`,`FECHA_CREACION`,`FECHA_ADQUISICION`,`ESTADO`,`IDIOMAID`,`PAGINAS_COPIADAS`,`PRECIO_COPIA`) VALUES (NULL,'782','1000012821','1170-01-04','1170-01-04','2','31','500','300000');
insert into libro_tipo (TIPO_LIBROID, LITERALID, DESCRIPCIONID, DESCRIPCION, COPIABLE, GRAFICO) values (782, 20782, 30782, 'Historia Episcopi Philippus Tiberiensis' , 1, 'biblia');
insert into libro_nivel (TIPO_LIBROID, NIVEL, PAGINAS, PUNTUACION, PRECIO_MIN, PRECIO_MAX, CTD_PIEL_ENCUADERNAR, DESGASTE) values (782, 1, 500, 500000, 280000, 330000, 6, 0.027);
insert into literales (LITERALID, IDIOMAID, LITERAL) values (20782, 1, 'Historia Episcopi Philippus Tiberiensis'  );
insert into literales (LITERALID, IDIOMAID, LITERAL) values (30782, 1, 'El fraile Asketil de Bardastrond narra el episcopado de Su Ilustrisima Philippos de Tiberias, primer obispo del Reino de Islandia'); 
INSERT INTO `libro` (`LIBROID`,`TIPO_LIBROID`,`ABADIAID`,`FECHA_CREACION`,`FECHA_ADQUISICION`,`ESTADO`,`IDIOMAID`,`PAGINAS_COPIADAS`,`PRECIO_COPIA`) VALUES (NULL,'783','1000012821','1170-01-04','1170-01-04','2','31','500','300000');
insert into libro_tipo (TIPO_LIBROID, LITERALID, DESCRIPCIONID, DESCRIPCION, COPIABLE, GRAFICO) values (783, 20783, 30783, ' Liber Abbatis  Brynjolfurus Schlholtiensis' , 1, 'biblia');
insert into libro_nivel (TIPO_LIBROID, NIVEL, PAGINAS, PUNTUACION, PRECIO_MIN, PRECIO_MAX, CTD_PIEL_ENCUADERNAR, DESGASTE) values (783, 1, 500, 500000, 280000, 330000, 6, 0.027);
insert into literales (LITERALID, IDIOMAID, LITERAL) values (20783, 1, 'Liber Abbatis  Brynjolfurus Schlholtiensis');
insert into literales (LITERALID, IDIOMAID, LITERAL) values (30783, 1, 'El monje Thordis de Oddi narra el abadengo de Brynjolfur de Skalholt que fue abad largo tiempo en una sencilla abadia del Reino de Islandia'); 
INSERT INTO `libro` (`LIBROID`,`TIPO_LIBROID`,`ABADIAID`,`FECHA_CREACION`,`FECHA_ADQUISICION`,`ESTADO`,`IDIOMAID`,`PAGINAS_COPIADAS`,`PRECIO_COPIA`) VALUES (NULL,'784','1000025896','1170-01-04','1170-01-04','2','1','500','300000');
insert into libro_tipo (TIPO_LIBROID, LITERALID, DESCRIPCIONID, DESCRIPCION, COPIABLE, GRAFICO) values (784, 20784, 30784, 'Fuero Juzgo' , 1, 'biblia');
insert into libro_nivel (TIPO_LIBROID, NIVEL, PAGINAS, PUNTUACION, PRECIO_MIN, PRECIO_MAX, CTD_PIEL_ENCUADERNAR, DESGASTE) values (784, 1, 500, 500000, 280000, 330000, 6, 0.027);
insert into literales (LITERALID, IDIOMAID, LITERAL) values (20784, 1, 'Fuero Juzgo'); 
insert into literales (LITERALID, IDIOMAID, LITERAL) values (30784, 1, 'Constituye el cuerpo legal castellano leones elaborado en 1241 bajo el reinado de Fernando III siendo la traducción del Liber Iudiciorum del 654 aplicandose como derecho local'); 
INSERT INTO `libro` (`LIBROID`,`TIPO_LIBROID`,`ABADIAID`,`FECHA_CREACION`,`FECHA_ADQUISICION`,`ESTADO`,`IDIOMAID`,`PAGINAS_COPIADAS`,`PRECIO_COPIA`) VALUES (NULL,'785','1000028859','1170-01-04','1170-01-04','2','1','500','300000');
insert into libro_tipo (TIPO_LIBROID, LITERALID, DESCRIPCIONID, DESCRIPCION, COPIABLE, GRAFICO) values (785, 20785, 30785, 'Historia Episcopi Gerlacus Arelapensis' , 1, 'biblia');
insert into libro_nivel (TIPO_LIBROID, NIVEL, PAGINAS, PUNTUACION, PRECIO_MIN, PRECIO_MAX, CTD_PIEL_ENCUADERNAR, DESGASTE) values (785, 1, 500, 500000, 280000, 330000, 6, 0.027);
insert into literales (LITERALID, IDIOMAID, LITERAL) values (20785, 1, 'Historia Episcopi Gerlacus Arelapensis'  );
insert into literales (LITERALID, IDIOMAID, LITERAL) values (30785, 1, 'El dominico Osorio de Plasencia relata el episcopado de Su Ilustrisima Gerlacus de Pochlarn, primer obispo del Reino de Leon'); 
INSERT INTO `libro` (`LIBROID`,`TIPO_LIBROID`,`ABADIAID`,`FECHA_CREACION`,`FECHA_ADQUISICION`,`ESTADO`,`IDIOMAID`,`PAGINAS_COPIADAS`,`PRECIO_COPIA`) VALUES (NULL,'786','1000032334','1170-01-04','1170-01-04','2','1','500','300000');
insert into libro_tipo (TIPO_LIBROID, LITERALID, DESCRIPCIONID, DESCRIPCION, COPIABLE, GRAFICO) values (786, 20786, 30786, 'Libelus Cardinalis Ansfridus Persenianensis' , 1, 'biblia');
insert into libro_nivel (TIPO_LIBROID, NIVEL, PAGINAS, PUNTUACION, PRECIO_MIN, PRECIO_MAX, CTD_PIEL_ENCUADERNAR, DESGASTE) values (786, 1, 500, 500000, 280000, 330000, 6, 0.027);
insert into literales (LITERALID, IDIOMAID, LITERAL) values (20786, 1, 'Libelus Cardinalis Ansfridus Persenianensis');
insert into literales (LITERALID, IDIOMAID, LITERAL) values (30786, 1, 'El abad Ambrosio de Benavente relata la ascension al cardenalato de Su Eminencia Reverendisima Anfroi de Perseigne, quien ocupo el segundo episcopado leones y ostento la primera capela cardenalicia de un obispo de dicho reino durante el pontificado de Su Santidad Damaso I'); 
INSERT INTO `libro` (`LIBROID`,`TIPO_LIBROID`,`ABADIAID`,`FECHA_CREACION`,`FECHA_ADQUISICION`,`ESTADO`,`IDIOMAID`,`PAGINAS_COPIADAS`,`PRECIO_COPIA`) VALUES (NULL,'787','1000028375','1170-01-04','1170-01-04','2','25','500','300000');
insert into libro_tipo (TIPO_LIBROID, LITERALID, DESCRIPCIONID, DESCRIPCION, COPIABLE, GRAFICO) values (787, 20787, 30787, 'Portulanus' , 1, 'biblia');
insert into libro_nivel (TIPO_LIBROID, NIVEL, PAGINAS, PUNTUACION, PRECIO_MIN, PRECIO_MAX, CTD_PIEL_ENCUADERNAR, DESGASTE) values (787, 1, 500, 500000, 280000, 330000, 6, 0.027);
insert into literales (LITERALID, IDIOMAID, LITERAL) values (20787, 1, 'Portulanus'); 
insert into literales (LITERALID, IDIOMAID, LITERAL) values (30787, 1, 'El portulano de Genova fue realizado por Petrus Vesconte siendo uno de los documentos graficos mas antiguos conocidos, consta de lineas de rumbo, nombres de lugares y sus respectivas fronteras'); 
INSERT INTO `libro` (`LIBROID`,`TIPO_LIBROID`,`ABADIAID`,`FECHA_CREACION`,`FECHA_ADQUISICION`,`ESTADO`,`IDIOMAID`,`PAGINAS_COPIADAS`,`PRECIO_COPIA`) VALUES (NULL,'788','1000007152','1170-01-04','1170-01-04','2','25','500','300000');
insert into libro_tipo (TIPO_LIBROID, LITERALID, DESCRIPCIONID, DESCRIPCION, COPIABLE, GRAFICO) values (788, 20788, 30788, 'Liber Abbatis Edvardus Ianuensis' , 1, 'biblia');
insert into libro_nivel (TIPO_LIBROID, NIVEL, PAGINAS, PUNTUACION, PRECIO_MIN, PRECIO_MAX, CTD_PIEL_ENCUADERNAR, DESGASTE) values (788, 1, 500, 500000, 280000, 330000, 6, 0.027);
insert into literales (LITERALID, IDIOMAID, LITERAL) values (20788, 1, 'Liber Abbatis Edvardus Ianuensis'  );
insert into literales (LITERALID, IDIOMAID, LITERAL) values (30788, 1, 'El cartujo Ottobuono de Trebbia relata el abadengo de Edoardo de Bonzolo, quien dirigio una abadia en la Republica de Genova'); 
INSERT INTO `libro` (`LIBROID`,`TIPO_LIBROID`,`ABADIAID`,`FECHA_CREACION`,`FECHA_ADQUISICION`,`ESTADO`,`IDIOMAID`,`PAGINAS_COPIADAS`,`PRECIO_COPIA`) VALUES (NULL,'789','1000032922','1170-01-04','1170-01-04','2','25','500','300000');
insert into libro_tipo (TIPO_LIBROID, LITERALID, DESCRIPCIONID, DESCRIPCION, COPIABLE, GRAFICO) values (789, 20789, 30789, 'Historia Episcopi Stephanus Aquasextiensis' , 1, 'biblia');
insert into libro_nivel (TIPO_LIBROID, NIVEL, PAGINAS, PUNTUACION, PRECIO_MIN, PRECIO_MAX, CTD_PIEL_ENCUADERNAR, DESGASTE) values (789, 1, 500, 500000, 280000, 330000, 6, 0.027);
insert into literales (LITERALID, IDIOMAID, LITERAL) values (20789, 1, 'Historia Episcopi Stephanus Aquasextiensis');
insert into literales (LITERALID, IDIOMAID, LITERAL) values (30789, 1, 'El monje Mattio de Polcevera relata el episcopado de Su Ilustrisima Estevot de Aix, primer obispo de la Republica de Genova'); 

INSERT INTO `libro` (`LIBROID`,`TIPO_LIBROID`,`ABADIAID`,`FECHA_CREACION`,`FECHA_ADQUISICION`,`ESTADO`,`IDIOMAID`,`PAGINAS_COPIADAS`,`PRECIO_COPIA`) VALUES (NULL,'707','1000026051','1164-01-01','1164-01-01','2','34','500','300000'); 
 
insert into libro_tipo (TIPO_LIBROID, LITERALID, DESCRIPCIONID, DESCRIPCION, COPIABLE, GRAFICO) values (707, 20707, 30707, 'Historia Episcopi Albertus Lundensis' , 1, 'biblia'); 
 
insert into libro_nivel (TIPO_LIBROID, NIVEL, PAGINAS, PUNTUACION, PRECIO_MIN, PRECIO_MAX, CTD_PIEL_ENCUADERNAR, DESGASTE) values (707, 1, 500, 500000, 280000, 330000, 6, 0.027); 
 
insert into literales (LITERALID, IDIOMAID, LITERAL) values (20707, 1, 'Historia Episcopi Albertus Lundensis'); 
insert into literales (LITERALID, IDIOMAID, LITERAL) values (30707, 1, 'Ruthardus de Slesvik narra el episcopado de Su Ilustrisima Albertus de Lund'); 
 
INSERT INTO `libro` (`LIBROID`,`TIPO_LIBROID`,`ABADIAID`,`FECHA_CREACION`,`FECHA_ADQUISICION`,`ESTADO`,`IDIOMAID`,`PAGINAS_COPIADAS`,`PRECIO_COPIA`) VALUES (NULL,'706','1000026051','1164-01-01','1164-01-01','2','34','500','300000'); 
 
insert into libro_tipo (TIPO_LIBROID, LITERALID, DESCRIPCIONID, DESCRIPCION, COPIABLE, GRAFICO) values (706, 20706, 30706, 'Historia Episcopi Eberhardus Elsenorensis' , 1, 'biblia'); 
 
insert into libro_nivel (TIPO_LIBROID, NIVEL, PAGINAS, PUNTUACION, PRECIO_MIN, PRECIO_MAX, CTD_PIEL_ENCUADERNAR, DESGASTE) values (706, 1, 500, 500000, 280000, 330000, 6, 0.027); 
 
insert into literales (LITERALID, IDIOMAID, LITERAL) values (20706, 1, 'Historia Episcopi Eberhardus Elsenorensis'); 
insert into literales (LITERALID, IDIOMAID, LITERAL) values (30706, 1, 'El abad Godesmannus de Lannewerk  relata en esta obra el episcopado de Su Ilustrisima Eberhardus de Helsingor'); 
 
INSERT INTO `libro` (`LIBROID`,`TIPO_LIBROID`,`ABADIAID`,`FECHA_CREACION`,`FECHA_ADQUISICION`,`ESTADO`,`IDIOMAID`,`PAGINAS_COPIADAS`,`PRECIO_COPIA`) VALUES (NULL,'721','1000027265','1164-01-01','1164-01-01','2','23','500','300000'); 
 
insert into libro_tipo (TIPO_LIBROID, LITERALID, DESCRIPCIONID, DESCRIPCION, COPIABLE, GRAFICO) values (721, 20721, 30721, 'Historia Episcopi Iohannes Lauriacumensis' , 1, 'biblia'); 
 
insert into libro_nivel (TIPO_LIBROID, NIVEL, PAGINAS, PUNTUACION, PRECIO_MIN, PRECIO_MAX, CTD_PIEL_ENCUADERNAR, DESGASTE) values (721, 1, 500, 500000, 280000, 330000, 6, 0.027); 
 
insert into literales (LITERALID, IDIOMAID, LITERAL) values (20721, 1, 'Historia Episcopi Iohannes Lauriacumensis'); 
insert into literales (LITERALID, IDIOMAID, LITERAL) values (30721, 1, 'El abad Helfricus de Creussen escribio esta obra que relata el episcopado de Su Ilustrisima Ivvanus de Lorch'); 

INSERT INTO `libro` (`LIBROID`,`TIPO_LIBROID`,`ABADIAID`,`FECHA_CREACION`,`FECHA_ADQUISICION`,`ESTADO`,`IDIOMAID`,`PAGINAS_COPIADAS`,`PRECIO_COPIA`) VALUES (NULL,'742','1000014783','1164-01-01','1164-01-01','2','21','500','300000'); 
 
insert into libro_tipo (TIPO_LIBROID, LITERALID, DESCRIPCIONID, DESCRIPCION, COPIABLE, GRAFICO) values (742, 20742, 30742, 'Libelus Cardinalis Domenicus Buxentunensis' , 1, 'biblia'); 
 
insert into libro_nivel (TIPO_LIBROID, NIVEL, PAGINAS, PUNTUACION, PRECIO_MIN, PRECIO_MAX, CTD_PIEL_ENCUADERNAR, DESGASTE) values (742, 1, 500, 500000, 280000, 330000, 6, 0.027); 
 
insert into literales (LITERALID, IDIOMAID, LITERAL) values (20742, 1, 'Libelus Cardinalis Domenicus Buxentunensis'); 
insert into literales (LITERALID, IDIOMAID, LITERAL) values (30742, 1, 'El monje Chele de Diria relata en esta obra el cardenalato de Su Eminencia Reverendisima Domenico de Policastro'); 
 
INSERT INTO `libro` (`LIBROID`,`TIPO_LIBROID`,`ABADIAID`,`FECHA_CREACION`,`FECHA_ADQUISICION`,`ESTADO`,`IDIOMAID`,`PAGINAS_COPIADAS`,`PRECIO_COPIA`) VALUES (NULL,'743','1000014783','1164-01-01','1164-01-01','2','21','500','300000'); 
 
insert into libro_tipo (TIPO_LIBROID, LITERALID, DESCRIPCIONID, DESCRIPCION, COPIABLE, GRAFICO) values (743, 20743, 30743, 'Vita Sancti Neridonatus Odruntumensis' , 1, 'biblia'); 
 
insert into libro_nivel (TIPO_LIBROID, NIVEL, PAGINAS, PUNTUACION, PRECIO_MIN, PRECIO_MAX, CTD_PIEL_ENCUADERNAR, DESGASTE) values (743, 1, 500, 500000, 280000, 330000, 6, 0.027); 
 
insert into literales (LITERALID, IDIOMAID, LITERAL) values (20743, 1, 'Vita Sancti Neridonatus Odruntumensis'); 
insert into literales (LITERALID, IDIOMAID, LITERAL) values (30743, 1, 'El monje Cionetto de Ostuni escribió esta hagiografia sobre San Neridotano de Otranto'); 
 

INSERT INTO `libro` (`LIBROID`,`TIPO_LIBROID`,`ABADIAID`,`FECHA_CREACION`,`FECHA_ADQUISICION`,`ESTADO`,`IDIOMAID`,`PAGINAS_COPIADAS`,`PRECIO_COPIA`) VALUES (NULL,'752','1000030669','1164-01-01','1164-01-01','2','17','500','300000'); 
 
insert into libro_tipo (TIPO_LIBROID, LITERALID, DESCRIPCIONID, DESCRIPCION, COPIABLE, GRAFICO) values (752, 20752, 30752, 'Libelus Cardenalis Cuannus Cashelensis' , 1, 'biblia'); 
 
insert into libro_nivel (TIPO_LIBROID, NIVEL, PAGINAS, PUNTUACION, PRECIO_MIN, PRECIO_MAX, CTD_PIEL_ENCUADERNAR, DESGASTE) values (752, 1, 500, 500000, 280000, 330000, 6, 0.027); 
 
insert into literales (LITERALID, IDIOMAID, LITERAL) values (20752, 1, 'Libelus Cardenalis Cuannus Cashelensis'); 
insert into literales (LITERALID, IDIOMAID, LITERAL) values (30752, 1, 'El monje Cairpre de Kilkenny relata en esta obra el cardenalato de Su Eminencia Reverendisima Cuan de Cashel'); 
 
 
 
INSERT INTO `libro` (`LIBROID`,`TIPO_LIBROID`,`ABADIAID`,`FECHA_CREACION`,`FECHA_ADQUISICION`,`ESTADO`,`IDIOMAID`,`PAGINAS_COPIADAS`,`PRECIO_COPIA`) VALUES (NULL,'753','1000030669','1164-01-01','1164-01-01','2','17','500','300000'); 
 
insert into libro_tipo (TIPO_LIBROID, LITERALID, DESCRIPCIONID, DESCRIPCION, COPIABLE, GRAFICO) values (753, 20753, 30753, 'Vita Sancti Baetanus Achatensis' , 1, 'biblia'); 
 
insert into libro_nivel (TIPO_LIBROID, NIVEL, PAGINAS, PUNTUACION, PRECIO_MIN, PRECIO_MAX, CTD_PIEL_ENCUADERNAR, DESGASTE) values (753, 1, 500, 500000, 280000, 330000, 6, 0.027); 
 
insert into literales (LITERALID, IDIOMAID, LITERAL) values (20753, 1, 'Vita Sancti Baetanus Achatensis'); 
insert into literales (LITERALID, IDIOMAID, LITERAL) values (30753, 1, 'El monje cartujo Eochu de Cloyne  escribió la hagiografia de San Baetan de Aghadore'); 
 
INSERT INTO `libro` (`LIBROID`,`TIPO_LIBROID`,`ABADIAID`,`FECHA_CREACION`,`FECHA_ADQUISICION`,`ESTADO`,`IDIOMAID`,`PAGINAS_COPIADAS`,`PRECIO_COPIA`) VALUES (NULL,'408','1000030669','1163-11-20','1163-11-12','2','17','500','400000'); 
insert into libro_tipo (TIPO_LIBROID, LITERALID, DESCRIPCIONID, DESCRIPCION, COPIABLE, GRAFICO) values (408, 20408, 30408, 'Leabhar Ghabhala Erenn' , 1, 'biblia'); 
insert into libro_nivel (TIPO_LIBROID, NIVEL, PAGINAS, PUNTUACION, PRECIO_MIN, PRECIO_MAX, CTD_PIEL_ENCUADERNAR, DESGASTE) values (408, 1, 500, 500000, 280000, 330000, 6, 0.027); 
insert into literales (LITERALID, IDIOMAID, LITERAL) values (20408, 1, 'Leabhar Ghabhala Erenn'); 
insert into literales (LITERALID, IDIOMAID, LITERAL) values (30408, 1, 'Conjunto de manuscritos que relatan las invasiones celtas de Irlanda hasta el siglo XI');