INSERT INTO `libro` (`LIBROID`,`TIPO_LIBROID`,`ABADIAID`,`FECHA_CREACION`,`FECHA_ADQUISICION`,`ESTADO`,`IDIOMAID`,`PAGINAS_COPIADAS`,`PRECIO_COPIA`) VALUES (NULL,'644','1000006567','1164-01-04','1164-01-04','2','11','500','300000');

insert into libro_tipo (TIPO_LIBROID, LITERALID, DESCRIPCIONID, DESCRIPCION, COPIABLE, GRAFICO) values (644, 20644, 30644, 'Libelus Cardenalis Facundus Monfortiensis' , 1, 'biblia');

insert into libro_nivel (TIPO_LIBROID, NIVEL, PAGINAS, PUNTUACION, PRECIO_MIN, PRECIO_MAX, CTD_PIEL_ENCUADERNAR, DESGASTE) values (644, 1, 500, 500000, 280000, 330000, 6, 0.027);

insert into literales (LITERALID, IDIOMAID, LITERAL) values (20644, 1, 'Libelus Cardenalis Facundus Monfortiensis');
insert into literales (LITERALID, IDIOMAID, LITERAL) values (30644, 1, 'Escrita por el abad Pero de Castilla, la obra nos narra la vida de Su Eminencia Reverendisima Fagund de Monforte');

INSERT INTO `libro` (`LIBROID`,`TIPO_LIBROID`,`ABADIAID`,`FECHA_CREACION`,`FECHA_ADQUISICION`,`ESTADO`,`IDIOMAID`,`PAGINAS_COPIADAS`,`PRECIO_COPIA`) VALUES (NULL,'644','1000006567','1164-01-04','1164-01-04','2','11','500','300000');

insert into libro_tipo (TIPO_LIBROID, LITERALID, DESCRIPCIONID, DESCRIPCION, COPIABLE, GRAFICO) values (645, 20645, 30645, 'Libelus Cardenalis Georgius Frumistensis' , 1, 'biblia');

insert into libro_nivel (TIPO_LIBROID, NIVEL, PAGINAS, PUNTUACION, PRECIO_MIN, PRECIO_MAX, CTD_PIEL_ENCUADERNAR, DESGASTE) values (645, 1, 500, 500000, 280000, 330000, 6, 0.027);

insert into literales (LITERALID, IDIOMAID, LITERAL) values (20645, 1, 'Libelus Cardenalis Georgius Frumistensis');
insert into literales (LITERALID, IDIOMAID, LITERAL) values (30645, 1, ' Obra de Ioannes de León donde relata la proclamacion de Su Eminencia Reverendisima Jorge de Fromista como cardenal en 1152');
 

INSERT INTO `libro` (`LIBROID`,`TIPO_LIBROID`,`ABADIAID`,`FECHA_CREACION`,`FECHA_ADQUISICION`,`ESTADO`,`IDIOMAID`,`PAGINAS_COPIADAS`,`PRECIO_COPIA`) VALUES (NULL,'646',' 1000001360','1164-01-01','1164-01-01','2','16','500','300000');

insert into libro_tipo (TIPO_LIBROID, LITERALID, DESCRIPCIONID, DESCRIPCION, COPIABLE, GRAFICO) values (646, 20646, 30646, ' Libelus Cardinalis Rodericus Milieratensis' , 1, 'biblia');

insert into libro_nivel (TIPO_LIBROID, NIVEL, PAGINAS, PUNTUACION, PRECIO_MIN, PRECIO_MAX, CTD_PIEL_ENCUADERNAR, DESGASTE) values (646, 1, 500, 500000, 280000, 330000, 6, 0.027);

insert into literales (LITERALID, IDIOMAID, LITERAL) values (20646, 1, ' Libelus Cardinalis Rodericus Milieratensis');
insert into literales (LITERALID, IDIOMAID, LITERAL) values (30646, 1, 'El monje Lopo de Betanzos narra en esta obra el cardenalato de Su Eminencia Reverendisima Rodrigo de Mellide');

 

INSERT INTO `libro` (`LIBROID`,`TIPO_LIBROID`,`ABADIAID`,`FECHA_CREACION`,`FECHA_ADQUISICION`,`ESTADO`,`IDIOMAID`,`PAGINAS_COPIADAS`,`PRECIO_COPIA`) VALUES (NULL,'647',' 1000001360','1164-01-01','1164-01-01','2','16','500','300000');

insert into libro_tipo (TIPO_LIBROID, LITERALID, DESCRIPCIONID, DESCRIPCION, COPIABLE, GRAFICO) values (647, 20647, 30647, 'Libelus Cardinalis Iohannes Sarrianensis' , 1, 'biblia');

insert into libro_nivel (TIPO_LIBROID, NIVEL, PAGINAS, PUNTUACION, PRECIO_MIN, PRECIO_MAX, CTD_PIEL_ENCUADERNAR, DESGASTE) values (647, 1, 500, 500000, 280000, 330000, 6, 0.027);

insert into literales (LITERALID, IDIOMAID, LITERAL) values (20647, 1, 'Libelus Cardinalis Iohannes Sarrianensis');
insert into literales (LITERALID, IDIOMAID, LITERAL) values (30647, 1, 'El abad franciscano Nuno de Lavacolla relata en esta obra el cardenalato de Su Eminencia Reverendisima Johan de Sarria');


INSERT INTO `libro` (`LIBROID`,`TIPO_LIBROID`,`ABADIAID`,`FECHA_CREACION`,`FECHA_ADQUISICION`,`ESTADO`,`IDIOMAID`,`PAGINAS_COPIADAS`,`PRECIO_COPIA`) VALUES (NULL,'648',' 2036','1164-01-01','1164-01-01','2','14','500','300000');

insert into libro_tipo (TIPO_LIBROID, LITERALID, DESCRIPCIONID, DESCRIPCION, COPIABLE, GRAFICO) values (648, 20648, 30648, 'Historia Episcopi Alvarus Mirandensis' , 1, 'biblia');

insert into libro_nivel (TIPO_LIBROID, NIVEL, PAGINAS, PUNTUACION, PRECIO_MIN, PRECIO_MAX, CTD_PIEL_ENCUADERNAR, DESGASTE) values (648, 1, 500, 500000, 280000, 330000, 6, 0.027);

insert into literales (LITERALID, IDIOMAID, LITERAL) values (20648, 1, 'Historia Episcopi Alvarus Mirandensis');
insert into literales (LITERALID, IDIOMAID, LITERAL) values (30648, 1, 'Loa sobre el episcopado de Su Ilustrisima Alvoro de Miranda do Douro hasta 1139, momento de su retiro, escrita por fray Gunsaldo de Coimbra');

INSERT INTO `libro` (`LIBROID`,`TIPO_LIBROID`,`ABADIAID`,`FECHA_CREACION`,`FECHA_ADQUISICION`,`ESTADO`,`IDIOMAID`,`PAGINAS_COPIADAS`,`PRECIO_COPIA`) VALUES (NULL,'649',' 2036','1164-01-01','1164-01-01','2','14','500','300000');

insert into libro_tipo (TIPO_LIBROID, LITERALID, DESCRIPCIONID, DESCRIPCION, COPIABLE, GRAFICO) values (649, 20649, 30649, 'Historia Episcopi Laurentius Brigantiensis' , 1, 'biblia');

insert into libro_nivel (TIPO_LIBROID, NIVEL, PAGINAS, PUNTUACION, PRECIO_MIN, PRECIO_MAX, CTD_PIEL_ENCUADERNAR, DESGASTE) values (649, 1, 500, 500000, 280000, 330000, 6, 0.027);

insert into literales (LITERALID, IDIOMAID, LITERAL) values (20649, 1, 'Historia Episcopi Laurentius Brigantiensis');
insert into literales (LITERALID, IDIOMAID, LITERAL) values (30649, 1, 'Redactada  por Nuno de Pinhel, esta obra narra el episcopado de Su Ilustrisima el Obispo de Portugal Loureço de Braganza');


INSERT INTO `libro` (`LIBROID`,`TIPO_LIBROID`,`ABADIAID`,`FECHA_CREACION`,`FECHA_ADQUISICION`,`ESTADO`,`IDIOMAID`,`PAGINAS_COPIADAS`,`PRECIO_COPIA`) VALUES (NULL,'650',' 1000026081','1164-01-01','1164-01-01','2','17','500','300000');

insert into libro_tipo (TIPO_LIBROID, LITERALID, DESCRIPCIONID, DESCRIPCION, COPIABLE, GRAFICO) values (650, 20650, 30650, 'Historia Episcopi Rupertus Vallicrucensis' , 1, 'biblia');

insert into libro_nivel (TIPO_LIBROID, NIVEL, PAGINAS, PUNTUACION, PRECIO_MIN, PRECIO_MAX, CTD_PIEL_ENCUADERNAR, DESGASTE) values (650, 1, 500, 500000, 280000, 330000, 6, 0.027);

insert into literales (LITERALID, IDIOMAID, LITERAL) values (20650, 1, 'Historia Episcopi Rupertus Vallicrucensis');
insert into literales (LITERALID, IDIOMAID, LITERAL) values (30650, 1, 'Recopilada por el abad Caradog de Rhos, la obra relata el episcopado de Ropert de Valle Crucis Obispo de Gwynedd desde 1138 a 1144');

 

INSERT INTO `libro` (`LIBROID`,`TIPO_LIBROID`,`ABADIAID`,`FECHA_CREACION`,`FECHA_ADQUISICION`,`ESTADO`,`IDIOMAID`,`PAGINAS_COPIADAS`,`PRECIO_COPIA`) VALUES (NULL,'651',' 1000026081','1164-01-01','1164-01-01','2','17','500','300000');

insert into libro_tipo (TIPO_LIBROID, LITERALID, DESCRIPCIONID, DESCRIPCION, COPIABLE, GRAFICO) values (651, 20651, 30651, 'Historia Episcopi Caeduallus Dunodensis' , 1, 'biblia');

insert into libro_nivel (TIPO_LIBROID, NIVEL, PAGINAS, PUNTUACION, PRECIO_MIN, PRECIO_MAX, CTD_PIEL_ENCUADERNAR, DESGASTE) values (651, 1, 500, 500000, 280000, 330000, 6, 0.027);

insert into literales (LITERALID, IDIOMAID, LITERAL) values (20651, 1, ' Historia Episcopi Caeduallus Dunodensis');
insert into literales (LITERALID, IDIOMAID, LITERAL) values (30651, 1, 'Escrita por  Aeddan de Fachwen, la obra relata los hechos ocurridos durante el episcopado de Cadwallon de Dunoding');


INSERT INTO `libro` (`LIBROID`,`TIPO_LIBROID`,`ABADIAID`,`FECHA_CREACION`,`FECHA_ADQUISICION`,`ESTADO`,`IDIOMAID`,`PAGINAS_COPIADAS`,`PRECIO_COPIA`) VALUES (NULL,'652',' 1000031657','1164-01-01','1164-01-01','2','17','500','300000');

insert into libro_tipo (TIPO_LIBROID, LITERALID, DESCRIPCIONID, DESCRIPCION, COPIABLE, GRAFICO) values (652, 20652, 30652, 'Vita Sancti Catguallaun Daugleddauiensis' , 1, 'biblia');

insert into libro_nivel (TIPO_LIBROID, NIVEL, PAGINAS, PUNTUACION, PRECIO_MIN, PRECIO_MAX, CTD_PIEL_ENCUADERNAR, DESGASTE) values (652, 1, 500, 500000, 280000, 330000, 6, 0.027);

insert into literales (LITERALID, IDIOMAID, LITERAL) values (20652, 1, 'Vita Sancti Catguallaun Daugleddauiensis');
insert into literales (LITERALID, IDIOMAID, LITERAL) values (30652, 1, 'Hagiografia de San Catguallaun de Deugleddyf  recogida de mano del amanuense Gwgon de Gower');

INSERT INTO `libro` (`LIBROID`,`TIPO_LIBROID`,`ABADIAID`,`FECHA_CREACION`,`FECHA_ADQUISICION`,`ESTADO`,`IDIOMAID`,`PAGINAS_COPIADAS`,`PRECIO_COPIA`) VALUES (NULL,'653',' 1000031657','1164-01-01','1164-01-01','2','17','500','300000');

insert into libro_tipo (TIPO_LIBROID, LITERALID, DESCRIPCIONID, DESCRIPCION, COPIABLE, GRAFICO) values (653, 20653, 30653, 'Historia Episcopi Iacobus Emlynensis' , 1, 'biblia');

insert into libro_nivel (TIPO_LIBROID, NIVEL, PAGINAS, PUNTUACION, PRECIO_MIN, PRECIO_MAX, CTD_PIEL_ENCUADERNAR, DESGASTE) values (653, 1, 500, 500000, 280000, 330000, 6, 0.027);

insert into literales (LITERALID, IDIOMAID, LITERAL) values (20653, 1, 'Historia Episcopi Iacobus Emlynensis');
insert into literales (LITERALID, IDIOMAID, LITERAL) values (30653, 1, 'Fray Cerenhir de Y Cantref Mawr  recoge los singulares acontecimientos acaecidos durante el episcopado de Su Ilustrisima Iago de Emlyn');


INSERT INTO `libro` (`LIBROID`,`TIPO_LIBROID`,`ABADIAID`,`FECHA_CREACION`,`FECHA_ADQUISICION`,`ESTADO`,`IDIOMAID`,`PAGINAS_COPIADAS`,`PRECIO_COPIA`) VALUES (NULL,'654','1538','1164-01-01','1164-01-01','2','19','500','300000');

insert into libro_tipo (TIPO_LIBROID, LITERALID, DESCRIPCIONID, DESCRIPCION, COPIABLE, GRAFICO) values (654, 20654, 30654, 'Historia Episcopi Garcia Maiensis' , 1, 'biblia');

insert into libro_nivel (TIPO_LIBROID, NIVEL, PAGINAS, PUNTUACION, PRECIO_MIN, PRECIO_MAX, CTD_PIEL_ENCUADERNAR, DESGASTE) values (654, 1, 500, 500000, 280000, 330000, 6, 0.027);

insert into literales (LITERALID, IDIOMAID, LITERAL) values (20654, 1, 'Historia Episcopi Garcia Maiensis');
insert into literales (LITERALID, IDIOMAID, LITERAL) values (30654, 1, 'Obra de Gelmiro de Estella, la obra nos relata el episcopado de Su Ilustrisima Garcia de Maya');

 

 

INSERT INTO `libro` (`LIBROID`,`TIPO_LIBROID`,`ABADIAID`,`FECHA_CREACION`,`FECHA_ADQUISICION`,`ESTADO`,`IDIOMAID`,`PAGINAS_COPIADAS`,`PRECIO_COPIA`) VALUES (NULL,'655','1538','1164-01-01','1164-01-01','2','19','500','300000');

insert into libro_tipo (TIPO_LIBROID, LITERALID, DESCRIPCIONID, DESCRIPCION, COPIABLE, GRAFICO) values (655, 20655, 30655, ' Historia Episcopi Raimondus Roncisvallensis' , 1, 'biblia');

insert into libro_nivel (TIPO_LIBROID, NIVEL, PAGINAS, PUNTUACION, PRECIO_MIN, PRECIO_MAX, CTD_PIEL_ENCUADERNAR, DESGASTE) values (655, 1, 500, 500000, 280000, 330000, 6, 0.027);

insert into literales (LITERALID, IDIOMAID, LITERAL) values (20655, 1, 'Historia Episcopi Raimondus Roncisvallensis');
insert into literales (LITERALID, IDIOMAID, LITERAL) values (30655, 1, 'El monje Marcos de Tudela narra la ascensión y episcopado de Su Ilustrisima Ramon de Roncesvalles');


INSERT INTO `libro` (`LIBROID`,`TIPO_LIBROID`,`ABADIAID`,`FECHA_CREACION`,`FECHA_ADQUISICION`,`ESTADO`,`IDIOMAID`,`PAGINAS_COPIADAS`,`PRECIO_COPIA`) VALUES (NULL,'656',' 1680','1164-01-01','1164-01-01','2','13','500','300000');

insert into libro_tipo (TIPO_LIBROID, LITERALID, DESCRIPCIONID, DESCRIPCION, COPIABLE, GRAFICO) values (656, 20656, 30656, 'Libelus Cardinalis Alvarus Iaquensis' , 1, 'biblia');

insert into libro_nivel (TIPO_LIBROID, NIVEL, PAGINAS, PUNTUACION, PRECIO_MIN, PRECIO_MAX, CTD_PIEL_ENCUADERNAR, DESGASTE) values (656, 1, 500, 500000, 280000, 330000, 6, 0.027);

insert into literales (LITERALID, IDIOMAID, LITERAL) values (20656, 1, 'Libelus Cardinalis Alvarus Iaquensis');
insert into literales (LITERALID, IDIOMAID, LITERAL) values (30656, 1, 'De la mano del monje fransciscano Pedro de Ainsa, la obra nos narra el transcurso del cardenalato de Su Eminencia Reverendisima Alvar de Jaca');

 

 

INSERT INTO `libro` (`LIBROID`,`TIPO_LIBROID`,`ABADIAID`,`FECHA_CREACION`,`FECHA_ADQUISICION`,`ESTADO`,`IDIOMAID`,`PAGINAS_COPIADAS`,`PRECIO_COPIA`) VALUES (NULL,'657',' 1680','1164-01-01','1164-01-01','2','13','500','300000');

insert into libro_tipo (TIPO_LIBROID, LITERALID, DESCRIPCIONID, DESCRIPCION, COPIABLE, GRAFICO) values (657, 20657, 30657, 'Historia Episcopi Favila Iaquensis' , 1, 'biblia');

insert into libro_nivel (TIPO_LIBROID, NIVEL, PAGINAS, PUNTUACION, PRECIO_MIN, PRECIO_MAX, CTD_PIEL_ENCUADERNAR, DESGASTE) values (657, 1, 500, 500000, 280000, 330000, 6, 0.027);

insert into literales (LITERALID, IDIOMAID, LITERAL) values (20657, 1, 'Historia Episcopi Favila Iaquensis');
insert into literales (LITERALID, IDIOMAID, LITERAL) values (30657, 1, 'El fraile Jose de San Juan de la Peña nos relata el episcopado de Favila de Jaca quien ascendio al episcopado aragones en 1142');


INSERT INTO `libro` (`LIBROID`,`TIPO_LIBROID`,`ABADIAID`,`FECHA_CREACION`,`FECHA_ADQUISICION`,`ESTADO`,`IDIOMAID`,`PAGINAS_COPIADAS`,`PRECIO_COPIA`) VALUES (NULL,'658',' 1000028957','1164-01-01','1164-01-01','2','12','500','300000');

insert into libro_tipo (TIPO_LIBROID, LITERALID, DESCRIPCIONID, DESCRIPCION, COPIABLE, GRAFICO) values (658, 20658, 30658, 'Vita Sancti Fernandus Frontanianensis' , 1, 'biblia');

insert into libro_nivel (TIPO_LIBROID, NIVEL, PAGINAS, PUNTUACION, PRECIO_MIN, PRECIO_MAX, CTD_PIEL_ENCUADERNAR, DESGASTE) values (658, 1, 500, 500000, 280000, 330000, 6, 0.027);

insert into literales (LITERALID, IDIOMAID, LITERAL) values (20658, 1, 'Vita Sancti Fernandus Frontanianensis');
insert into literales (LITERALID, IDIOMAID, LITERAL) values (30658, 1, 'Amat de Santes Creus traza esta hagiografia sobre San Fernando de Frontanya');

 

INSERT INTO `libro` (`LIBROID`,`TIPO_LIBROID`,`ABADIAID`,`FECHA_CREACION`,`FECHA_ADQUISICION`,`ESTADO`,`IDIOMAID`,`PAGINAS_COPIADAS`,`PRECIO_COPIA`) VALUES (NULL,'659',' 1000028957','1164-01-01','1164-01-01','2','12','500','300000');

insert into libro_tipo (TIPO_LIBROID, LITERALID, DESCRIPCIONID, DESCRIPCION, COPIABLE, GRAFICO) values (659, 20659, 30659, 'Historia Episcopi Albertus Perpinianumensis' , 1, 'biblia');

insert into libro_nivel (TIPO_LIBROID, NIVEL, PAGINAS, PUNTUACION, PRECIO_MIN, PRECIO_MAX, CTD_PIEL_ENCUADERNAR, DESGASTE) values (659, 1, 500, 500000, 280000, 330000, 6, 0.027);

insert into literales (LITERALID, IDIOMAID, LITERAL) values (20659, 1, 'Historia Episcopi Albertus Perpinianumensis');
insert into literales (LITERALID, IDIOMAID, LITERAL) values (30659, 1, 'El abad Guillelmus de Besalu relata profusamente el episcopado de  Su Ilustrisima Alberto de Perpignan');


INSERT INTO `libro` (`LIBROID`,`TIPO_LIBROID`,`ABADIAID`,`FECHA_CREACION`,`FECHA_ADQUISICION`,`ESTADO`,`IDIOMAID`,`PAGINAS_COPIADAS`,`PRECIO_COPIA`) VALUES (NULL,'660','1000029254','1164-01-01','1164-01-01','2','18','500','300000');

insert into libro_tipo (TIPO_LIBROID, LITERALID, DESCRIPCIONID, DESCRIPCION, COPIABLE, GRAFICO) values (660, 20660, 30660, 'Vita Sanctae Wivina Bruxellariensis' , 1, 'biblia');

insert into libro_nivel (TIPO_LIBROID, NIVEL, PAGINAS, PUNTUACION, PRECIO_MIN, PRECIO_MAX, CTD_PIEL_ENCUADERNAR, DESGASTE) values (660, 1, 500, 500000, 280000, 330000, 6, 0.027);

insert into literales (LITERALID, IDIOMAID, LITERAL) values (20660, 1, 'Vita Sanctae Wivina Bruxellariensis');
insert into literales (LITERALID, IDIOMAID, LITERAL) values (30660, 1, 'El dominico Nindungus de Amiens elaboro esta hagiografia sobre Santa Vivina de Bruselas');



INSERT INTO `libro` (`LIBROID`,`TIPO_LIBROID`,`ABADIAID`,`FECHA_CREACION`,`FECHA_ADQUISICION`,`ESTADO`,`IDIOMAID`,`PAGINAS_COPIADAS`,`PRECIO_COPIA`) VALUES (NULL,'661','1000029254','1164-01-01','1164-01-01','2','18','500','300000');

insert into libro_tipo (TIPO_LIBROID, LITERALID, DESCRIPCIONID, DESCRIPCION, COPIABLE, GRAFICO) values (661, 20661, 30661, 'Vita Sancti Poponus Marchiennensis' , 1, 'biblia');

insert into libro_nivel (TIPO_LIBROID, NIVEL, PAGINAS, PUNTUACION, PRECIO_MIN, PRECIO_MAX, CTD_PIEL_ENCUADERNAR, DESGASTE) values (661, 1, 500, 500000, 280000, 330000, 6, 0.027);

insert into literales (LITERALID, IDIOMAID, LITERAL) values (20661, 1, 'Vita Sancti Poponus Marchiennensis');
insert into literales (LITERALID, IDIOMAID, LITERAL) values (30661, 1, 'El prior Theodericus de Auchi les Moines traza esta interesante hagiografia de San Popon de Marchiennes');


INSERT INTO `libro` (`LIBROID`,`TIPO_LIBROID`,`ABADIAID`,`FECHA_CREACION`,`FECHA_ADQUISICION`,`ESTADO`,`IDIOMAID`,`PAGINAS_COPIADAS`,`PRECIO_COPIA`) VALUES (NULL,'662','1000016567','1164-01-01','1164-01-01','2','21','500','300000');

insert into libro_tipo (TIPO_LIBROID, LITERALID, DESCRIPCIONID, DESCRIPCION, COPIABLE, GRAFICO) values (662, 20662, 30662, ' Historia Episcopi Andrionis Cerisynensis' , 1, 'biblia');

insert into libro_nivel (TIPO_LIBROID, NIVEL, PAGINAS, PUNTUACION, PRECIO_MIN, PRECIO_MAX, CTD_PIEL_ENCUADERNAR, DESGASTE) values (662, 1, 500, 500000, 280000, 330000, 6, 0.027);

insert into literales (LITERALID, IDIOMAID, LITERAL) values (20662, 1, 'Historia Episcopi Andrionis Cerisynensis');
insert into literales (LITERALID, IDIOMAID, LITERAL) values (30662, 1, 'Jolis de Avaranches expone, en esta obra, el episcopado de Su Ilustrisima Andrion de Cerisy');

INSERT INTO `libro` (`LIBROID`,`TIPO_LIBROID`,`ABADIAID`,`FECHA_CREACION`,`FECHA_ADQUISICION`,`ESTADO`,`IDIOMAID`,`PAGINAS_COPIADAS`,`PRECIO_COPIA`) VALUES (NULL,'663','1000016567','1164-01-01','1164-01-01','2','21','500','300000');

insert into libro_tipo (TIPO_LIBROID, LITERALID, DESCRIPCIONID, DESCRIPCION, COPIABLE, GRAFICO) values (663, 20663, 30663, 'Vita Sancti Radulphus Baioquensis' , 1, 'biblia');

insert into libro_nivel (TIPO_LIBROID, NIVEL, PAGINAS, PUNTUACION, PRECIO_MIN, PRECIO_MAX, CTD_PIEL_ENCUADERNAR, DESGASTE) values (663, 1, 500, 500000, 280000, 330000, 6, 0.027);

insert into literales (LITERALID, IDIOMAID, LITERAL) values (20663, 1, 'Vita Sancti Radulphus Baioquensis');
insert into literales (LITERALID, IDIOMAID, LITERAL) values (30663, 1, 'El cartujo Guymar de Rouen redacto esta hagiografia de San Raolin de Bayeaux');


INSERT INTO `libro` (`LIBROID`,`TIPO_LIBROID`,`ABADIAID`,`FECHA_CREACION`,`FECHA_ADQUISICION`,`ESTADO`,`IDIOMAID`,`PAGINAS_COPIADAS`,`PRECIO_COPIA`) VALUES (NULL,'664','1000032334','1164-01-01','1164-01-01','2','21','500','300000');

insert into libro_tipo (TIPO_LIBROID, LITERALID, DESCRIPCIONID, DESCRIPCION, COPIABLE, GRAFICO) values (664, 20664, 30664, 'Vita Sancti Hunifredus Nivernumiensis' , 1, 'biblia');

insert into libro_nivel (TIPO_LIBROID, NIVEL, PAGINAS, PUNTUACION, PRECIO_MIN, PRECIO_MAX, CTD_PIEL_ENCUADERNAR, DESGASTE) values (664, 1, 500, 500000, 280000, 330000, 6, 0.027);

insert into literales (LITERALID, IDIOMAID, LITERAL) values (20664, 1, 'Vita Sancti Hunifredus Nivernumiensis');
insert into literales (LITERALID, IDIOMAID, LITERAL) values (30664, 1, 'El monje benedictino Guarnier de San Denis redacto esta vida de San Onfroi de Nevers');


INSERT INTO `libro` (`LIBROID`,`TIPO_LIBROID`,`ABADIAID`,`FECHA_CREACION`,`FECHA_ADQUISICION`,`ESTADO`,`IDIOMAID`,`PAGINAS_COPIADAS`,`PRECIO_COPIA`) VALUES (NULL,'665','1000032334','1164-01-01','1164-01-01','2','21','500','300000');

insert into libro_tipo (TIPO_LIBROID, LITERALID, DESCRIPCIONID, DESCRIPCION, COPIABLE, GRAFICO) values (665, 20665, 30665, 'Historia Episcopi Otho Lutetiensis' , 1, 'biblia');

insert into libro_nivel (TIPO_LIBROID, NIVEL, PAGINAS, PUNTUACION, PRECIO_MIN, PRECIO_MAX, CTD_PIEL_ENCUADERNAR, DESGASTE) values (665, 1, 500, 500000, 280000, 330000, 6, 0.027);

insert into literales (LITERALID, IDIOMAID, LITERAL) values (20665, 1, 'Historia Episcopi Otho Lutetiensis');
insert into literales (LITERALID, IDIOMAID, LITERAL) values (30665, 1, 'Mosse de Verdun, monje franco, realizo esta obra que nos relata la vida y obra de Su Ilustrisima Oduart de Paris');

INSERT INTO `libro` (`LIBROID`,`TIPO_LIBROID`,`ABADIAID`,`FECHA_CREACION`,`FECHA_ADQUISICION`,`ESTADO`,`IDIOMAID`,`PAGINAS_COPIADAS`,`PRECIO_COPIA`) VALUES (NULL,'666',' 4840','1164-01-01','1164-01-01','2','20','500','300000');

insert into libro_tipo (TIPO_LIBROID, LITERALID, DESCRIPCIONID, DESCRIPCION, COPIABLE, GRAFICO) values (666, 20666, 30666, 'Libelus Cardinalis Fridericus Melgueirensis' , 1, 'biblia');

insert into libro_nivel (TIPO_LIBROID, NIVEL, PAGINAS, PUNTUACION, PRECIO_MIN, PRECIO_MAX, CTD_PIEL_ENCUADERNAR, DESGASTE) values (666, 1, 500, 500000, 280000, 330000, 6, 0.027);

insert into literales (LITERALID, IDIOMAID, LITERAL) values (20666, 1, 'Libelus Cardinalis Fridericus Melgueirensis');
insert into literales (LITERALID, IDIOMAID, LITERAL) values (30666, 1, 'Gefroi de Nimes recopila en esta obra el episcopado y cardenalato de Su Eminencia Reverendisima Federyc de Maguelonne, Cardenal de Su Santidad hasta su fallecimiento');


 

INSERT INTO `libro` (`LIBROID`,`TIPO_LIBROID`,`ABADIAID`,`FECHA_CREACION`,`FECHA_ADQUISICION`,`ESTADO`,`IDIOMAID`,`PAGINAS_COPIADAS`,`PRECIO_COPIA`) VALUES (NULL,'667',' 4840','1164-01-01','1164-01-01','2','20','500','300000');

insert into libro_tipo (TIPO_LIBROID, LITERALID, DESCRIPCIONID, DESCRIPCION, COPIABLE, GRAFICO) values (667, 20667, 30667, 'Historia Episcopi Thomas Narbonensis' , 1, 'biblia');

insert into libro_nivel (TIPO_LIBROID, NIVEL, PAGINAS, PUNTUACION, PRECIO_MIN, PRECIO_MAX, CTD_PIEL_ENCUADERNAR, DESGASTE) values (667, 1, 500, 500000, 280000, 330000, 6, 0.027);

insert into literales (LITERALID, IDIOMAID, LITERAL) values (20667, 1, ' Historia Episcopi Thomas Narbonensis');
insert into literales (LITERALID, IDIOMAID, LITERAL) values (30667, 1, 'El franciscano Guiot de St. Pons relata el episcopado de Su Ilustrísima Thomas de Narbona, Obispo de Tolosa desde 1121 a 1144');


INSERT INTO `libro` (`LIBROID`,`TIPO_LIBROID`,`ABADIAID`,`FECHA_CREACION`,`FECHA_ADQUISICION`,`ESTADO`,`IDIOMAID`,`PAGINAS_COPIADAS`,`PRECIO_COPIA`) VALUES (NULL,'668','1000005460','1164-01-01','1164-01-01','2','24','500','300000');

insert into libro_tipo (TIPO_LIBROID, LITERALID, DESCRIPCIONID, DESCRIPCION, COPIABLE, GRAFICO) values (668, 20668, 30668, 'Vita Sancti Sugerius Crussensis' , 1, 'biblia');

insert into libro_nivel (TIPO_LIBROID, NIVEL, PAGINAS, PUNTUACION, PRECIO_MIN, PRECIO_MAX, CTD_PIEL_ENCUADERNAR, DESGASTE) values (668, 1, 500, 500000, 280000, 330000, 6, 0.027);

insert into literales (LITERALID, IDIOMAID, LITERAL) values (20668, 1, 'Vita Sancti Sugerius Crussensis');
insert into literales (LITERALID, IDIOMAID, LITERAL) values (30668, 1, 'Denyse de Lerins realiza una rica hagiografia sobre San Sugier de Crusse');


INSERT INTO `libro` (`LIBROID`,`TIPO_LIBROID`,`ABADIAID`,`FECHA_CREACION`,`FECHA_ADQUISICION`,`ESTADO`,`IDIOMAID`,`PAGINAS_COPIADAS`,`PRECIO_COPIA`) VALUES (NULL,'669','1000005460','1164-01-01','1164-01-01','2','24','500','300000');

insert into libro_tipo (TIPO_LIBROID, LITERALID, DESCRIPCIONID, DESCRIPCION, COPIABLE, GRAFICO) values (669, 20669, 30669, 'Historia Episcopi Samuel Aquaesextiaensis' , 1, 'biblia');

insert into libro_nivel (TIPO_LIBROID, NIVEL, PAGINAS, PUNTUACION, PRECIO_MIN, PRECIO_MAX, CTD_PIEL_ENCUADERNAR, DESGASTE) values (669, 1, 500, 500000, 280000, 330000, 6, 0.027);

insert into literales (LITERALID, IDIOMAID, LITERAL) values (20669, 1, 'Historia Episcopi Samuel Aquaesextiaensis');
insert into literales (LITERALID, IDIOMAID, LITERAL) values (30669, 1, 'El abad Nicholas de Arles e relata en este volumen el episcopado de Su Ilustrisima Samuel de Aix, Obispo de Provenza desde 1126 a 1131');

INSERT INTO `libro` (`LIBROID`,`TIPO_LIBROID`,`ABADIAID`,`FECHA_CREACION`,`FECHA_ADQUISICION`,`ESTADO`,`IDIOMAID`,`PAGINAS_COPIADAS`,`PRECIO_COPIA`) VALUES (NULL,'670',' 1000008429','1164-01-01','1164-01-01','2','21','500','300000');

insert into libro_tipo (TIPO_LIBROID, LITERALID, DESCRIPCIONID, DESCRIPCION, COPIABLE, GRAFICO) values (670, 20670, 30670, ' Historia Episcopi Artus Aulorouiensis' , 1, 'biblia');

insert into libro_nivel (TIPO_LIBROID, NIVEL, PAGINAS, PUNTUACION, PRECIO_MIN, PRECIO_MAX, CTD_PIEL_ENCUADERNAR, DESGASTE) values (670, 1, 500, 500000, 280000, 330000, 6, 0.027);

insert into literales (LITERALID, IDIOMAID, LITERAL) values (20670, 1, ' Historiae Episcopi Artus Aulorouiensis');
insert into literales (LITERALID, IDIOMAID, LITERAL) values (30670, 1, 'El abad Lorens de Eause relata el episcopado de Su Ilustrisima Arot de Oloron');


 

INSERT INTO `libro` (`LIBROID`,`TIPO_LIBROID`,`ABADIAID`,`FECHA_CREACION`,`FECHA_ADQUISICION`,`ESTADO`,`IDIOMAID`,`PAGINAS_COPIADAS`,`PRECIO_COPIA`) VALUES (NULL,'671',' 1000008429','1164-01-01','1164-01-01','2','21','500','300000');

insert into libro_tipo (TIPO_LIBROID, LITERALID, DESCRIPCIONID, DESCRIPCION, COPIABLE, GRAFICO) values (671, 20671, 30671, 'Historia Episcopi Dooinus Aulorouiensis' , 1, 'biblia');

insert into libro_nivel (TIPO_LIBROID, NIVEL, PAGINAS, PUNTUACION, PRECIO_MIN, PRECIO_MAX, CTD_PIEL_ENCUADERNAR, DESGASTE) values (671, 1, 500, 500000, 280000, 330000, 6, 0.027);

insert into literales (LITERALID, IDIOMAID, LITERAL) values (20671, 1, 'Historia Episcopi Dooinus Aulorouiensis');
insert into literales (LITERALID, IDIOMAID, LITERAL) values (30671, 1, 'El monje gascon Mittainne de Dax narra en esta obra el episcopado de Su Ilustrisima Dooin de Olorot');


INSERT INTO `libro` (`LIBROID`,`TIPO_LIBROID`,`ABADIAID`,`FECHA_CREACION`,`FECHA_ADQUISICION`,`ESTADO`,`IDIOMAID`,`PAGINAS_COPIADAS`,`PRECIO_COPIA`) VALUES (NULL,'672','1000029135','1164-01-01','1164-01-01','2','28','500','300000');

insert into libro_tipo (TIPO_LIBROID, LITERALID, DESCRIPCIONID, DESCRIPCION, COPIABLE, GRAFICO) values (672, 20672, 30672, 'Vita Sancti Reginaldus Surregiensis' , 1, 'biblia');

insert into libro_nivel (TIPO_LIBROID, NIVEL, PAGINAS, PUNTUACION, PRECIO_MIN, PRECIO_MAX, CTD_PIEL_ENCUADERNAR, DESGASTE) values (672, 1, 500, 500000, 280000, 330000, 6, 0.027);

insert into literales (LITERALID, IDIOMAID, LITERAL) values (20672, 1, 'Vita Sancti Reginaldus Surregiensis');
insert into literales (LITERALID, IDIOMAID, LITERAL) values (30672, 1, 'El monje dominico Laurence de Stanley escribió esta semblanza sobre San Reginald de Stoneleigh');

INSERT INTO `libro` (`LIBROID`,`TIPO_LIBROID`,`ABADIAID`,`FECHA_CREACION`,`FECHA_ADQUISICION`,`ESTADO`,`IDIOMAID`,`PAGINAS_COPIADAS`,`PRECIO_COPIA`) VALUES (NULL,'673','1000029135','1164-01-01','1164-01-01','2','28','500','300000');

insert into libro_tipo (TIPO_LIBROID, LITERALID, DESCRIPCIONID, DESCRIPCION, COPIABLE, GRAFICO) values (673, 20673, 30673, 'Vita Sancti Harrius Coriniumensis' , 1, 'biblia');

insert into libro_nivel (TIPO_LIBROID, NIVEL, PAGINAS, PUNTUACION, PRECIO_MIN, PRECIO_MAX, CTD_PIEL_ENCUADERNAR, DESGASTE) values (673, 1, 500, 500000, 280000, 330000, 6, 0.027);

insert into literales (LITERALID, IDIOMAID, LITERAL) values (20673, 1, 'Vita Sancti Harrius Coriniumensis');
insert into literales (LITERALID, IDIOMAID, LITERAL) values (30673, 1, 'El abad Nicholas de Evesham traza esta hagiografia sobre San Harry de Cirencester');

INSERT INTO `libro` (`LIBROID`,`TIPO_LIBROID`,`ABADIAID`,`FECHA_CREACION`,`FECHA_ADQUISICION`,`ESTADO`,`IDIOMAID`,`PAGINAS_COPIADAS`,`PRECIO_COPIA`) VALUES (NULL,'674','1000024929','1164-01-01','1164-01-01','2','21','500','300000');

insert into libro_tipo (TIPO_LIBROID, LITERALID, DESCRIPCIONID, DESCRIPCION, COPIABLE, GRAFICO) values (674, 20674, 30674, 'Libelus Cardinalis Emichus Sancti Goaris' , 1, 'biblia');

insert into libro_nivel (TIPO_LIBROID, NIVEL, PAGINAS, PUNTUACION, PRECIO_MIN, PRECIO_MAX, CTD_PIEL_ENCUADERNAR, DESGASTE) values (674, 1, 500, 500000, 280000, 330000, 6, 0.027);

insert into literales (LITERALID, IDIOMAID, LITERAL) values (20674, 1, 'Libelus Cardinalis Emichus Sancti Goaris');
insert into literales (LITERALID, IDIOMAID, LITERAL) values (30674, 1, 'El monje Marquardus de Toul narra el cardenalato de Su Eminencia Reverendisima el Cardenal Emicho de St Goar');


INSERT INTO `libro` (`LIBROID`,`TIPO_LIBROID`,`ABADIAID`,`FECHA_CREACION`,`FECHA_ADQUISICION`,`ESTADO`,`IDIOMAID`,`PAGINAS_COPIADAS`,`PRECIO_COPIA`) VALUES (NULL,'675','1000024929','1164-01-01','1164-01-01','2','21','500','300000');

insert into libro_tipo (TIPO_LIBROID, LITERALID, DESCRIPCIONID, DESCRIPCION, COPIABLE, GRAFICO) values (675, 20675, 30675, 'Historia Episcopi Burchardus Veromanduorumensis' , 1, 'biblia');

insert into libro_nivel (TIPO_LIBROID, NIVEL, PAGINAS, PUNTUACION, PRECIO_MIN, PRECIO_MAX, CTD_PIEL_ENCUADERNAR, DESGASTE) values (675, 1, 500, 500000, 280000, 330000, 6, 0.027);

insert into literales (LITERALID, IDIOMAID, LITERAL) values (20675, 1, 'Historia Episcopi Burchardus Veromanduorumensis');
insert into literales (LITERALID, IDIOMAID, LITERAL) values (30675, 1, 'El cartujo Baldemarus de Metz relata en esta obra el episcopado de Su Ilustrisima Burkardus de Spires');

 

INSERT INTO `libro` (`LIBROID`,`TIPO_LIBROID`,`ABADIAID`,`FECHA_CREACION`,`FECHA_ADQUISICION`,`ESTADO`,`IDIOMAID`,`PAGINAS_COPIADAS`,`PRECIO_COPIA`) VALUES (NULL,'676','1000023248','1164-01-01','1164-01-01','2','21','500','300000');

insert into libro_tipo (TIPO_LIBROID, LITERALID, DESCRIPCIONID, DESCRIPCION, COPIABLE, GRAFICO) values (676, 20676, 30676, 'Vita Sancti Sigibertus Salmensis' , 1, 'biblia');

insert into libro_nivel (TIPO_LIBROID, NIVEL, PAGINAS, PUNTUACION, PRECIO_MIN, PRECIO_MAX, CTD_PIEL_ENCUADERNAR, DESGASTE) values (676, 1, 500, 500000, 280000, 330000, 6, 0.027);

insert into literales (LITERALID, IDIOMAID, LITERAL) values (20676, 1, 'Vita Sancti Sigibertus Salmensis');
insert into literales (LITERALID, IDIOMAID, LITERAL) values (30676, 1, 'El abad Swikerus de Tongres redacto esta hagiografia sobre San Sibragtus de Salm');


INSERT INTO `libro` (`LIBROID`,`TIPO_LIBROID`,`ABADIAID`,`FECHA_CREACION`,`FECHA_ADQUISICION`,`ESTADO`,`IDIOMAID`,`PAGINAS_COPIADAS`,`PRECIO_COPIA`) VALUES (NULL,'677','1000023248','1164-01-01','1164-01-01','2','21','500','300000');

insert into libro_tipo (TIPO_LIBROID, LITERALID, DESCRIPCIONID, DESCRIPCION, COPIABLE, GRAFICO) values (677, 20677, 30677, ' Historia Episcopi Sancti Robertus Lovaniumensis' , 1, 'biblia');

insert into libro_nivel (TIPO_LIBROID, NIVEL, PAGINAS, PUNTUACION, PRECIO_MIN, PRECIO_MAX, CTD_PIEL_ENCUADERNAR, DESGASTE) values (677, 1, 500, 500000, 280000, 330000, 6, 0.027);

insert into literales (LITERALID, IDIOMAID, LITERAL) values (20677, 1, 'Historia Episcopi Sancti Robertus Lovaniumensis');
insert into literales (LITERALID, IDIOMAID, LITERAL) values (30677, 1, 'El abad Hupertus de Salm s relata el episcopado de Su Ilustrisima San Robertus de Louvain, Obispo del Ducado de Baja Lorena desde 1147 a 1149');

INSERT INTO `libro` (`LIBROID`,`TIPO_LIBROID`,`ABADIAID`,`FECHA_CREACION`,`FECHA_ADQUISICION`,`ESTADO`,`IDIOMAID`,`PAGINAS_COPIADAS`,`PRECIO_COPIA`) VALUES (NULL,'678','1000019671','1164-01-01','1164-01-01','2','21','500','300000');

insert into libro_tipo (TIPO_LIBROID, LITERALID, DESCRIPCIONID, DESCRIPCION, COPIABLE, GRAFICO) values (678, 20678, 30678, 'Historia Episcopi Daniel Lausoniensis' , 1, 'biblia');

insert into libro_nivel (TIPO_LIBROID, NIVEL, PAGINAS, PUNTUACION, PRECIO_MIN, PRECIO_MAX, CTD_PIEL_ENCUADERNAR, DESGASTE) values (678, 1, 500, 500000, 280000, 330000, 6, 0.027);

insert into literales (LITERALID, IDIOMAID, LITERAL) values (20678, 1, 'Historia Episcopi Daniel Lausoniensis');
insert into literales (LITERALID, IDIOMAID, LITERAL) values (30678, 1, 'Escrita por el monje benedictino Colet de Cluny la obra relata el episcopado de Su Ilustrisima Daniel de Lausana');

INSERT INTO `libro` (`LIBROID`,`TIPO_LIBROID`,`ABADIAID`,`FECHA_CREACION`,`FECHA_ADQUISICION`,`ESTADO`,`IDIOMAID`,`PAGINAS_COPIADAS`,`PRECIO_COPIA`) VALUES (NULL,'679','1000019671','1164-01-01','1164-01-01','2','21','500','300000');

insert into libro_tipo (TIPO_LIBROID, LITERALID, DESCRIPCIONID, DESCRIPCION, COPIABLE, GRAFICO) values (679, 20679, 30679, 'Historia Episcopi Virartus Valentiniensis' , 1, 'biblia');

insert into libro_nivel (TIPO_LIBROID, NIVEL, PAGINAS, PUNTUACION, PRECIO_MIN, PRECIO_MAX, CTD_PIEL_ENCUADERNAR, DESGASTE) values (679, 1, 500, 500000, 280000, 330000, 6, 0.027);

insert into literales (LITERALID, IDIOMAID, LITERAL) values (20679, 1, 'Historia Episcopi Virartus Valentiniensis');
insert into literales (LITERALID, IDIOMAID, LITERAL) values (30679, 1, 'Recopilacion realizada por el prior Loyset de Montriond sobre el episcopado de Su Ilustrisima Virart de Valence');

 
INSERT INTO `libro` (`LIBROID`,`TIPO_LIBROID`,`ABADIAID`,`FECHA_CREACION`,`FECHA_ADQUISICION`,`ESTADO`,`IDIOMAID`,`PAGINAS_COPIADAS`,`PRECIO_COPIA`) VALUES (NULL,'680','1000025896','1164-01-01','1164-01-01','2','21','500','300000');

insert into libro_tipo (TIPO_LIBROID, LITERALID, DESCRIPCIONID, DESCRIPCION, COPIABLE, GRAFICO) values (680, 20680, 30680, 'Historia Episcopus Mailletus Nemoriensis' , 1, 'biblia');

insert into libro_nivel (TIPO_LIBROID, NIVEL, PAGINAS, PUNTUACION, PRECIO_MIN, PRECIO_MAX, CTD_PIEL_ENCUADERNAR, DESGASTE) values (680, 1, 500, 500000, 280000, 330000, 6, 0.027);

insert into literales (LITERALID, IDIOMAID, LITERAL) values (20680, 1, 'Historia Episcopus Mailletus Nemoriensis');
insert into literales (LITERALID, IDIOMAID, LITERAL) values (30680, 1, 'El monje Ansel de Font Marigny relata el episcopado de Su Ilustrisima Maillet de La Boisiere, Obispo de Anjou e Inquisidor  General del Santo Oficio');


INSERT INTO `libro` (`LIBROID`,`TIPO_LIBROID`,`ABADIAID`,`FECHA_CREACION`,`FECHA_ADQUISICION`,`ESTADO`,`IDIOMAID`,`PAGINAS_COPIADAS`,`PRECIO_COPIA`) VALUES (NULL,'681','1000025896','1164-01-01','1164-01-01','2','21','500','300000');

insert into libro_tipo (TIPO_LIBROID, LITERALID, DESCRIPCIONID, DESCRIPCION, COPIABLE, GRAFICO) values (681, 20681, 30681, 'Historia Episcopi Sancti Michael Blesaensis' , 1, 'biblia');

insert into libro_nivel (TIPO_LIBROID, NIVEL, PAGINAS, PUNTUACION, PRECIO_MIN, PRECIO_MAX, CTD_PIEL_ENCUADERNAR, DESGASTE) values (681, 1, 500, 500000, 280000, 330000, 6, 0.027);

insert into literales (LITERALID, IDIOMAID, LITERAL) values (20681, 1, 'Historia Episcopi Sancti Michael Blesaensis');
insert into literales (LITERALID, IDIOMAID, LITERAL) values (30681, 1, 'El abad dominico Eude de Bourges narra el episcopado de Su Ilustrisima San Michelet de Blois, Obispo de Anjou desde 1138 a 1143');


INSERT INTO `libro` (`LIBROID`,`TIPO_LIBROID`,`ABADIAID`,`FECHA_CREACION`,`FECHA_ADQUISICION`,`ESTADO`,`IDIOMAID`,`PAGINAS_COPIADAS`,`PRECIO_COPIA`) VALUES (NULL,'682','1000021973','1164-01-01','1164-01-01','2','21','500','300000');

insert into libro_tipo (TIPO_LIBROID, LITERALID, DESCRIPCIONID, DESCRIPCION, COPIABLE, GRAFICO) values (682, 20682, 30682, 'Historia Episcopi Lucas Durocorturiensis' , 1, 'biblia');

insert into libro_nivel (TIPO_LIBROID, NIVEL, PAGINAS, PUNTUACION, PRECIO_MIN, PRECIO_MAX, CTD_PIEL_ENCUADERNAR, DESGASTE) values (682, 1, 500, 500000, 280000, 330000, 6, 0.027);

insert into literales (LITERALID, IDIOMAID, LITERAL) values (20682, 1, 'Historia Episcopi Lucas Durocorturiensis');
insert into literales (LITERALID, IDIOMAID, LITERAL) values (30682, 1, 'El prior Obert de Laon relata el episcopado de Su Ilustrisima Lucas de Reims');

INSERT INTO `libro` (`LIBROID`,`TIPO_LIBROID`,`ABADIAID`,`FECHA_CREACION`,`FECHA_ADQUISICION`,`ESTADO`,`IDIOMAID`,`PAGINAS_COPIADAS`,`PRECIO_COPIA`) VALUES (NULL,'683','1000021973','1164-01-01','1164-01-01','2','21','500','300000');

insert into libro_tipo (TIPO_LIBROID, LITERALID, DESCRIPCIONID, DESCRIPCION, COPIABLE, GRAFICO) values (683, 20683, 30683, 'Historia Episcopi Guarinus  Durocatalaunumensis' , 1, 'biblia');

insert into libro_nivel (TIPO_LIBROID, NIVEL, PAGINAS, PUNTUACION, PRECIO_MIN, PRECIO_MAX, CTD_PIEL_ENCUADERNAR, DESGASTE) values (683, 1, 500, 500000, 280000, 330000, 6, 0.027);

insert into literales (LITERALID, IDIOMAID, LITERAL) values (20683, 1, 'Historia Episcopi Guarinus  Durocatalaunumensis');
insert into literales (LITERALID, IDIOMAID, LITERAL) values (30683, 1, 'El cartujo Rufier de Soissoons  narra el episcopado de Su Ilustrisima Guerinnet de Chalons');

INSERT INTO `libro` (`LIBROID`,`TIPO_LIBROID`,`ABADIAID`,`FECHA_CREACION`,`FECHA_ADQUISICION`,`ESTADO`,`IDIOMAID`,`PAGINAS_COPIADAS`,`PRECIO_COPIA`) VALUES (NULL,'684','1000001256','1164-01-01','1164-01-01','2','17','500','300000');

insert into libro_tipo (TIPO_LIBROID, LITERALID, DESCRIPCIONID, DESCRIPCION, COPIABLE, GRAFICO) values (684, 20684, 30684, 'Vita Sancti Gilbertus Rossensis' , 1, 'biblia');

insert into libro_nivel (TIPO_LIBROID, NIVEL, PAGINAS, PUNTUACION, PRECIO_MIN, PRECIO_MAX, CTD_PIEL_ENCUADERNAR, DESGASTE) values (684, 1, 500, 500000, 280000, 330000, 6, 0.027);

insert into literales (LITERALID, IDIOMAID, LITERAL) values (20684, 1, 'Vita Sancti Gilbertus Rossensis');
insert into literales (LITERALID, IDIOMAID, LITERAL) values (30684, 1, 'El monje Neill de Duriblaine escribió esta hagiografia sobre San Gilbert de Rosemarkie');


INSERT INTO `libro` (`LIBROID`,`TIPO_LIBROID`,`ABADIAID`,`FECHA_CREACION`,`FECHA_ADQUISICION`,`ESTADO`,`IDIOMAID`,`PAGINAS_COPIADAS`,`PRECIO_COPIA`) VALUES (NULL,'685','1000001256','1164-01-01','1164-01-01','2','17','500','300000');

insert into libro_tipo (TIPO_LIBROID, LITERALID, DESCRIPCIONID, DESCRIPCION, COPIABLE, GRAFICO) values (685, 20685, 30685, 'Libelus Cardinalis Simon Caledoniensis' , 1, 'biblia');

insert into libro_nivel (TIPO_LIBROID, NIVEL, PAGINAS, PUNTUACION, PRECIO_MIN, PRECIO_MAX, CTD_PIEL_ENCUADERNAR, DESGASTE) values (685, 1, 500, 500000, 280000, 330000, 6, 0.027);

insert into literales (LITERALID, IDIOMAID, LITERAL) values (20685, 1, 'Libelus Cardinalis Simon Caledoniensis');
insert into literales (LITERALID, IDIOMAID, LITERAL) values (30685, 1, 'El abad Lowrens de Edimburgo escribió esta obra sobre el cardenalato de Su Eminencia Reverendisima el Cardenal Sym de Dunkeld quien ocupo un puesto en la curia pontificia hasta 1156');


INSERT INTO `libro` (`LIBROID`,`TIPO_LIBROID`,`ABADIAID`,`FECHA_CREACION`,`FECHA_ADQUISICION`,`ESTADO`,`IDIOMAID`,`PAGINAS_COPIADAS`,`PRECIO_COPIA`) VALUES (NULL,'686','1000025922','1164-01-01','1164-01-01','2','17','500','300000');

insert into libro_tipo (TIPO_LIBROID, LITERALID, DESCRIPCIONID, DESCRIPCION, COPIABLE, GRAFICO) values (686, 20686, 30686, 'Vita Sancti Magnus Primaterrensis' , 1, 'biblia');

insert into libro_nivel (TIPO_LIBROID, NIVEL, PAGINAS, PUNTUACION, PRECIO_MIN, PRECIO_MAX, CTD_PIEL_ENCUADERNAR, DESGASTE) values (686, 1, 500, 500000, 280000, 330000, 6, 0.027);

insert into literales (LITERALID, IDIOMAID, LITERAL) values (20686, 1, 'Vita Sancti Magnus Primaterrensis');
insert into literales (LITERALID, IDIOMAID, LITERAL) values (30686, 1, 'El monje Morris de Iona escribió esta hagiografia sobre San Magnus Erlendsson');

 



INSERT INTO `libro` (`LIBROID`,`TIPO_LIBROID`,`ABADIAID`,`FECHA_CREACION`,`FECHA_ADQUISICION`,`ESTADO`,`IDIOMAID`,`PAGINAS_COPIADAS`,`PRECIO_COPIA`) VALUES (NULL,'687','1000025922','1164-01-01','1164-01-01','2','17','500','300000');

insert into libro_tipo (TIPO_LIBROID, LITERALID, DESCRIPCIONID, DESCRIPCION, COPIABLE, GRAFICO) values (687, 20687, 30687, 'Vita Sancti David Ionensis' , 1, 'biblia');

insert into libro_nivel (TIPO_LIBROID, NIVEL, PAGINAS, PUNTUACION, PRECIO_MIN, PRECIO_MAX, CTD_PIEL_ENCUADERNAR, DESGASTE) values (687, 1, 500, 500000, 280000, 330000, 6, 0.027);

insert into literales (LITERALID, IDIOMAID, LITERAL) values (20687, 1, 'Vita Sancti David Ionensis');
insert into literales (LITERALID, IDIOMAID, LITERAL) values (30687, 1, 'El abad Donald de Lismore trazo esta hagiografia sobre San David de Iona');
 

INSERT INTO `libro` (`LIBROID`,`TIPO_LIBROID`,`ABADIAID`,`FECHA_CREACION`,`FECHA_ADQUISICION`,`ESTADO`,`IDIOMAID`,`PAGINAS_COPIADAS`,`PRECIO_COPIA`) VALUES (NULL,'688','1000002733','1164-01-01','1164-01-01','2','33','500','300000');

insert into libro_tipo (TIPO_LIBROID, LITERALID, DESCRIPCIONID, DESCRIPCION, COPIABLE, GRAFICO) values (688, 20688, 30688, 'Historia Episcopi Sancti Lambelinus Fanumbrioquensis' , 1, 'biblia');

insert into libro_nivel (TIPO_LIBROID, NIVEL, PAGINAS, PUNTUACION, PRECIO_MIN, PRECIO_MAX, CTD_PIEL_ENCUADERNAR, DESGASTE) values (688, 1, 500, 500000, 280000, 330000, 6, 0.027);

insert into literales (LITERALID, IDIOMAID, LITERAL) values (20688, 1, 'Historia Episcopi Sancti Lambelinus Fanumbrioquensis');
insert into literales (LITERALID, IDIOMAID, LITERAL) values (30688, 1, 'El abad breton Tybout de Bayeux  relata el episcopado de Su Ilustrisima San Lambelin de St Briec');


INSERT INTO `libro` (`LIBROID`,`TIPO_LIBROID`,`ABADIAID`,`FECHA_CREACION`,`FECHA_ADQUISICION`,`ESTADO`,`IDIOMAID`,`PAGINAS_COPIADAS`,`PRECIO_COPIA`) VALUES (NULL,'689','1000002733','1164-01-01','1164-01-01','2','33','500','300000');

insert into libro_tipo (TIPO_LIBROID, LITERALID, DESCRIPCIONID, DESCRIPCION, COPIABLE, GRAFICO) values (689, 20689, 30689, 'Historia Episcopi Sancti Virartus Legionensis' , 1, 'biblia');

insert into libro_nivel (TIPO_LIBROID, NIVEL, PAGINAS, PUNTUACION, PRECIO_MIN, PRECIO_MAX, CTD_PIEL_ENCUADERNAR, DESGASTE) values (689, 1, 500, 500000, 280000, 330000, 6, 0.027);

insert into literales (LITERALID, IDIOMAID, LITERAL) values (20689, 1, 'Historia Episcopi Sancti Virartus Legionensis');
insert into literales (LITERALID, IDIOMAID, LITERAL) values (30689, 1, 'El monje Julien de Nantes realizo esta compilacion sobre el episcopado de Su Ilustrisima San Virart de St Pol de Leon');


INSERT INTO `libro` (`LIBROID`,`TIPO_LIBROID`,`ABADIAID`,`FECHA_CREACION`,`FECHA_ADQUISICION`,`ESTADO`,`IDIOMAID`,`PAGINAS_COPIADAS`,`PRECIO_COPIA`) VALUES (NULL,'690','1000024066','1164-01-01','1164-01-01','2','25','500','300000');

insert into libro_tipo (TIPO_LIBROID, LITERALID, DESCRIPCIONID, DESCRIPCION, COPIABLE, GRAFICO) values (690, 20690, 30690, 'Vita Sancti Tannous Langobardus' , 1, 'biblia');

insert into libro_nivel (TIPO_LIBROID, NIVEL, PAGINAS, PUNTUACION, PRECIO_MIN, PRECIO_MAX, CTD_PIEL_ENCUADERNAR, DESGASTE) values (690, 1, 500, 500000, 280000, 330000, 6, 0.027);

insert into literales (LITERALID, IDIOMAID, LITERAL) values (20690, 1, 'Vita Sancti Tannous Langobardus');
insert into literales (LITERALID, IDIOMAID, LITERAL) values (30690, 1, 'El prior Cosimo de Bergamo redacto esta hagiografia sobre San Tano de Lombardia');


INSERT INTO `libro` (`LIBROID`,`TIPO_LIBROID`,`ABADIAID`,`FECHA_CREACION`,`FECHA_ADQUISICION`,`ESTADO`,`IDIOMAID`,`PAGINAS_COPIADAS`,`PRECIO_COPIA`) VALUES (NULL,'691','1000024066','1164-01-01','1164-01-01','2','25','500','300000');

insert into libro_tipo (TIPO_LIBROID, LITERALID, DESCRIPCIONID, DESCRIPCION, COPIABLE, GRAFICO) values (691, 20691, 30691, 'Historia Episcopi Sancti Meseius Lausnovensis' , 1, 'biblia');

insert into libro_nivel (TIPO_LIBROID, NIVEL, PAGINAS, PUNTUACION, PRECIO_MIN, PRECIO_MAX, CTD_PIEL_ENCUADERNAR, DESGASTE) values (691, 1, 500, 500000, 280000, 330000, 6, 0.027);

insert into literales (LITERALID, IDIOMAID, LITERAL) values (20691, 1, 'Historia Episcopi Sancti Meseius Lausnovensis');
insert into literales (LITERALID, IDIOMAID, LITERAL) values (30691, 1, 'El franciscano Ubertino de Bologna relata el episcopado de Su Ilustrisima San Mese de Lodi, Obispo de Lombardia  desde 1129 a 1146');


INSERT INTO `libro` (`LIBROID`,`TIPO_LIBROID`,`ABADIAID`,`FECHA_CREACION`,`FECHA_ADQUISICION`,`ESTADO`,`IDIOMAID`,`PAGINAS_COPIADAS`,`PRECIO_COPIA`) VALUES (NULL,'692','10218','1164-01-01','1164-01-01','2','25','500','300000');

insert into libro_tipo (TIPO_LIBROID, LITERALID, DESCRIPCIONID, DESCRIPCION, COPIABLE, GRAFICO) values (692, 20692, 30692, 'Historia Episocpi Iohannis Franciscus Gardiensis' , 1, 'biblia');

insert into libro_nivel (TIPO_LIBROID, NIVEL, PAGINAS, PUNTUACION, PRECIO_MIN, PRECIO_MAX, CTD_PIEL_ENCUADERNAR, DESGASTE) values (692, 1, 500, 500000, 280000, 330000, 6, 0.027);

insert into literales (LITERALID, IDIOMAID, LITERAL) values (20692, 1, 'Historia Episocpi Iohannis Franciscus Gardiensis');
insert into literales (LITERALID, IDIOMAID, LITERAL) values (30692, 1, 'El monje Guarente de Udine relata el episcopado de Gianfranscesco de Garda, Obispo del Marquesado de Verona desde 1120 a 1157 ');


INSERT INTO `libro` (`LIBROID`,`TIPO_LIBROID`,`ABADIAID`,`FECHA_CREACION`,`FECHA_ADQUISICION`,`ESTADO`,`IDIOMAID`,`PAGINAS_COPIADAS`,`PRECIO_COPIA`) VALUES (NULL,'693','10218','1164-01-01','1164-01-01','2','25','500','300000');

insert into libro_tipo (TIPO_LIBROID, LITERALID, DESCRIPCIONID, DESCRIPCION, COPIABLE, GRAFICO) values (693, 20693, 30693, 'Vita Sancti Gregorius Utinumensis' , 1, 'biblia');

insert into libro_nivel (TIPO_LIBROID, NIVEL, PAGINAS, PUNTUACION, PRECIO_MIN, PRECIO_MAX, CTD_PIEL_ENCUADERNAR, DESGASTE) values (693, 1, 500, 500000, 280000, 330000, 6, 0.027);

insert into literales (LITERALID, IDIOMAID, LITERAL) values (20693, 1, 'Vita Sancti Gregorius Utinumensis');
insert into literales (LITERALID, IDIOMAID, LITERAL) values (30693, 1, 'El abad benedictino Enea de Ravena realizo esta hagiografia sobre San Gregorio de Udine');


INSERT INTO `libro` (`LIBROID`,`TIPO_LIBROID`,`ABADIAID`,`FECHA_CREACION`,`FECHA_ADQUISICION`,`ESTADO`,`IDIOMAID`,`PAGINAS_COPIADAS`,`PRECIO_COPIA`) VALUES (NULL,'694','1000029509','1164-01-01','1164-01-01','2','25','500','300000');

insert into libro_tipo (TIPO_LIBROID, LITERALID, DESCRIPCIONID, DESCRIPCION, COPIABLE, GRAFICO) values (694, 20694, 30694, ' Historiae Episcopi Petrus Caraliensis' , 1, 'biblia');

insert into libro_nivel (TIPO_LIBROID, NIVEL, PAGINAS, PUNTUACION, PRECIO_MIN, PRECIO_MAX, CTD_PIEL_ENCUADERNAR, DESGASTE) values (694, 1, 500, 500000, 280000, 330000, 6, 0.027);

insert into literales (LITERALID, IDIOMAID, LITERAL) values (20694, 1, 'Historiae Episcopi Petrus Caraliensis');
insert into literales (LITERALID, IDIOMAID, LITERAL) values (30694, 1, 'El franciscano Gioseppe de Vicopisano narra el episcopado de Su Ilustrisima Pero de Cagliari, Obispo de los Dominios de Pisa desde 1134 a 1140 y 1141 a 1148');



INSERT INTO `libro` (`LIBROID`,`TIPO_LIBROID`,`ABADIAID`,`FECHA_CREACION`,`FECHA_ADQUISICION`,`ESTADO`,`IDIOMAID`,`PAGINAS_COPIADAS`,`PRECIO_COPIA`) VALUES (NULL,'695','1000029509','1164-01-01','1164-01-01','2','25','500','300000');

insert into libro_tipo (TIPO_LIBROID, LITERALID, DESCRIPCIONID, DESCRIPCION, COPIABLE, GRAFICO) values (695, 20695, 30695, 'Vita Sancti Matthaeus Aristaniensis' , 1, 'biblia');

insert into libro_nivel (TIPO_LIBROID, NIVEL, PAGINAS, PUNTUACION, PRECIO_MIN, PRECIO_MAX, CTD_PIEL_ENCUADERNAR, DESGASTE) values (695, 1, 500, 500000, 280000, 330000, 6, 0.027);

insert into literales (LITERALID, IDIOMAID, LITERAL) values (20695, 1, 'Vita Sancti Matthaeus Aristaniensis');
insert into literales (LITERALID, IDIOMAID, LITERAL) values (30695, 1, 'El abad  Sostegno de Ajaccio trazo esta hagiografia sobre San Mato de Oristano');

 

INSERT INTO `libro` (`LIBROID`,`TIPO_LIBROID`,`ABADIAID`,`FECHA_CREACION`,`FECHA_ADQUISICION`,`ESTADO`,`IDIOMAID`,`PAGINAS_COPIADAS`,`PRECIO_COPIA`) VALUES (NULL,'696','1000020700','1164-01-01','1164-01-01','2','25','500','300000');

insert into libro_tipo (TIPO_LIBROID, LITERALID, DESCRIPCIONID, DESCRIPCION, COPIABLE, GRAFICO) values (696, 20696, 30696, 'Vita Sancti Nerozzius Clodiamaiorensis' , 1, 'biblia');

insert into libro_nivel (TIPO_LIBROID, NIVEL, PAGINAS, PUNTUACION, PRECIO_MIN, PRECIO_MAX, CTD_PIEL_ENCUADERNAR, DESGASTE) values (696, 1, 500, 500000, 280000, 330000, 6, 0.027);

insert into literales (LITERALID, IDIOMAID, LITERAL) values (20696, 1, 'Vita Sancti Nerozzius Clodiamaiorensis');
insert into literales (LITERALID, IDIOMAID, LITERAL) values (30696, 1, 'Gianmaria de Tadera, monje veneciano, realizo esta hagiografia sobre San Nerozzo de Chioggia');


INSERT INTO `libro` (`LIBROID`,`TIPO_LIBROID`,`ABADIAID`,`FECHA_CREACION`,`FECHA_ADQUISICION`,`ESTADO`,`IDIOMAID`,`PAGINAS_COPIADAS`,`PRECIO_COPIA`) VALUES (NULL,'697','1000020700','1164-01-01','1164-01-01','2','25','500','300000');

insert into libro_tipo (TIPO_LIBROID, LITERALID, DESCRIPCIONID, DESCRIPCION, COPIABLE, GRAFICO) values (697, 20697, 30697, 'Historia Episcopi Nicolaus Spalatumensis' , 1, 'biblia');

insert into libro_nivel (TIPO_LIBROID, NIVEL, PAGINAS, PUNTUACION, PRECIO_MIN, PRECIO_MAX, CTD_PIEL_ENCUADERNAR, DESGASTE) values (697, 1, 500, 500000, 280000, 330000, 6, 0.027);

insert into literales (LITERALID, IDIOMAID, LITERAL) values (20697, 1, 'Historia Episcopi Nicolaus Spalatumensis');
insert into literales (LITERALID, IDIOMAID, LITERAL) values (30697, 1, 'El abad Tolosino de Cuorle  narra el episcopado de Su Ilustrisima Nicolo de Spalato');

INSERT INTO `libro` (`LIBROID`,`TIPO_LIBROID`,`ABADIAID`,`FECHA_CREACION`,`FECHA_ADQUISICION`,`ESTADO`,`IDIOMAID`,`PAGINAS_COPIADAS`,`PRECIO_COPIA`) VALUES (NULL,'698','1000015579','1164-01-01','1164-01-01','2','15','500','300000');

insert into libro_tipo (TIPO_LIBROID, LITERALID, DESCRIPCIONID, DESCRIPCION, COPIABLE, GRAFICO) values (698, 20698, 30698, 'Historia Episcopus Damianus Clusiuniensis' , 1, 'biblia');

insert into libro_nivel (TIPO_LIBROID, NIVEL, PAGINAS, PUNTUACION, PRECIO_MIN, PRECIO_MAX, CTD_PIEL_ENCUADERNAR, DESGASTE) values (698, 1, 500, 500000, 280000, 330000, 6, 0.027);

insert into literales (LITERALID, IDIOMAID, LITERAL) values (20698, 1, 'Historia Episcopus Damianus Clusiuniensis');
insert into literales (LITERALID, IDIOMAID, LITERAL) values (30698, 1, 'Niccolino de Cortona, monje toscano, escribió esta obra donde relata el episcopado de Su Ilustrisima Damiano de Chiusi');

INSERT INTO `libro` (`LIBROID`,`TIPO_LIBROID`,`ABADIAID`,`FECHA_CREACION`,`FECHA_ADQUISICION`,`ESTADO`,`IDIOMAID`,`PAGINAS_COPIADAS`,`PRECIO_COPIA`) VALUES (NULL,'699','1000015579','1164-01-01','1164-01-01','2','15','500','300000');

insert into libro_tipo (TIPO_LIBROID, LITERALID, DESCRIPCIONID, DESCRIPCION, COPIABLE, GRAFICO) values (699, 20699, 30699, 'Historia Episcopi Galgani Aretiumensis' , 1, 'biblia');

insert into libro_nivel (TIPO_LIBROID, NIVEL, PAGINAS, PUNTUACION, PRECIO_MIN, PRECIO_MAX, CTD_PIEL_ENCUADERNAR, DESGASTE) values (699, 1, 500, 500000, 280000, 330000, 6, 0.027);

insert into literales (LITERALID, IDIOMAID, LITERAL) values (20699, 1, 'Historia Episcopi Galgani Aretiumensis');
insert into literales (LITERALID, IDIOMAID, LITERAL) values (30699, 1, 'El prior Lucente de Perugia relata el episcopado de Su Ilustrisima Galgano de Arezzo');


INSERT INTO `libro` (`LIBROID`,`TIPO_LIBROID`,`ABADIAID`,`FECHA_CREACION`,`FECHA_ADQUISICION`,`ESTADO`,`IDIOMAID`,`PAGINAS_COPIADAS`,`PRECIO_COPIA`) VALUES (NULL,'700','6469','1164-01-01','1164-01-01','2','31','500','300000'); 
 
insert into libro_tipo (TIPO_LIBROID, LITERALID, DESCRIPCIONID, DESCRIPCION, COPIABLE, GRAFICO) values (700, 20700, 30700, 'Vita  Sancti Rudolfus Varburgumensis' , 1, 'biblia'); 
 
insert into libro_nivel (TIPO_LIBROID, NIVEL, PAGINAS, PUNTUACION, PRECIO_MIN, PRECIO_MAX, CTD_PIEL_ENCUADERNAR, DESGASTE) values (700, 1, 500, 500000, 280000, 330000, 6, 0.027); 
 
insert into literales (LITERALID, IDIOMAID, LITERAL) values (20700, 1, 'Vita  Sancti Rudolfus Varburgumensis'); 
insert into literales (LITERALID, IDIOMAID, LITERAL) values (30700, 1, 'El monje cartujo Stephan de Upsala escribió esta hagiografia sobre San Rudolfus de Warberg'); 

 

INSERT INTO `libro` (`LIBROID`,`TIPO_LIBROID`,`ABADIAID`,`FECHA_CREACION`,`FECHA_ADQUISICION`,`ESTADO`,`IDIOMAID`,`PAGINAS_COPIADAS`,`PRECIO_COPIA`) VALUES (NULL,'701','6469','1164-01-01','1164-01-01','2','31','500','300000'); 
 
insert into libro_tipo (TIPO_LIBROID, LITERALID, DESCRIPCIONID, DESCRIPCION, COPIABLE, GRAFICO) values (701, 20701, 30701, 'Historia Episcopi Gulielmus Holmianensis' , 1, 'biblia'); 
 
insert into libro_nivel (TIPO_LIBROID, NIVEL, PAGINAS, PUNTUACION, PRECIO_MIN, PRECIO_MAX, CTD_PIEL_ENCUADERNAR, DESGASTE) values (701, 1, 500, 500000, 280000, 330000, 6, 0.027); 
 
insert into literales (LITERALID, IDIOMAID, LITERAL) values (20701, 1, 'Historia Episcopi Gulielmus Holmianensis'); 
insert into literales (LITERALID, IDIOMAID, LITERAL) values (30701, 1, 'El abad Emercho de Wisby escribió esta obra donde relata el episcopado de Su Ilustrisima Wilhelmus de Estocolmo'); 


INSERT INTO `libro` (`LIBROID`,`TIPO_LIBROID`,`ABADIAID`,`FECHA_CREACION`,`FECHA_ADQUISICION`,`ESTADO`,`IDIOMAID`,`PAGINAS_COPIADAS`,`PRECIO_COPIA`) VALUES (NULL,'702','9984','1164-01-01','1164-01-01','2','31','500','300000'); 
 
insert into libro_tipo (TIPO_LIBROID, LITERALID, DESCRIPCIONID, DESCRIPCION, COPIABLE, GRAFICO) values (702, 20702, 30702, 'Vita Sancti Berwelfus Norvegiensis' , 1, 'biblia'); 
 
insert into libro_nivel (TIPO_LIBROID, NIVEL, PAGINAS, PUNTUACION, PRECIO_MIN, PRECIO_MAX, CTD_PIEL_ENCUADERNAR, DESGASTE) values (702, 1, 500, 500000, 280000, 330000, 6, 0.027); 
 
insert into literales (LITERALID, IDIOMAID, LITERAL) values (20702, 1, 'Vita Sancti Berwelfus Norvegiensis'); 
insert into literales (LITERALID, IDIOMAID, LITERAL) values (30702, 1, 'El monje Nibelungus de Oslo escribio esta hagiografia sobre San Berwelfus de Noruega'); 
 

 

INSERT INTO `libro` (`LIBROID`,`TIPO_LIBROID`,`ABADIAID`,`FECHA_CREACION`,`FECHA_ADQUISICION`,`ESTADO`,`IDIOMAID`,`PAGINAS_COPIADAS`,`PRECIO_COPIA`) VALUES (NULL,'703','9984','1164-01-01','1164-01-01','2','31','500','300000'); 
 
insert into libro_tipo (TIPO_LIBROID, LITERALID, DESCRIPCIONID, DESCRIPCION, COPIABLE, GRAFICO) values (703, 20703, 30703, 'Vita Sancti Vlricus Aoslensis' , 1, 'biblia'); 
 
insert into libro_nivel (TIPO_LIBROID, NIVEL, PAGINAS, PUNTUACION, PRECIO_MIN, PRECIO_MAX, CTD_PIEL_ENCUADERNAR, DESGASTE) values (703, 1, 500, 500000, 280000, 330000, 6, 0.027); 
 
insert into literales (LITERALID, IDIOMAID, LITERAL) values (20703, 1, 'Vita Sancti Vlricus Aoslensis'); 
insert into literales (LITERALID, IDIOMAID, LITERAL) values (30703, 1, 'El abad Hartmudus de Trondhjem escribio esta hagiografia sobre San Vlricus de Oslo'); 

INSERT INTO `libro` (`LIBROID`,`TIPO_LIBROID`,`ABADIAID`,`FECHA_CREACION`,`FECHA_ADQUISICION`,`ESTADO`,`IDIOMAID`,`PAGINAS_COPIADAS`,`PRECIO_COPIA`) VALUES (NULL,'704',' 1000026360','1164-01-01','1164-01-01','2','27','500','300000'); 
 
insert into libro_tipo (TIPO_LIBROID, LITERALID, DESCRIPCIONID, DESCRIPCION, COPIABLE, GRAFICO) values (704, 20704, 30704, 'Historia Episcopi Ghevardus Brielensis' , 1, 'biblia'); 
 
insert into libro_nivel (TIPO_LIBROID, NIVEL, PAGINAS, PUNTUACION, PRECIO_MIN, PRECIO_MAX, CTD_PIEL_ENCUADERNAR, DESGASTE) values (704, 1, 500, 500000, 280000, 330000, 6, 0.027); 
 
insert into literales (LITERALID, IDIOMAID, LITERAL) values (20704, 1, 'Historia Episcopi Ghevardus Brielensis'); 
insert into literales (LITERALID, IDIOMAID, LITERAL) values (30704, 1, 'El monje dominico Bollard de Zuerikzee narra el episcopado de Su Ilustrisima Ghevardus de Briel');

 

INSERT INTO `libro` (`LIBROID`,`TIPO_LIBROID`,`ABADIAID`,`FECHA_CREACION`,`FECHA_ADQUISICION`,`ESTADO`,`IDIOMAID`,`PAGINAS_COPIADAS`,`PRECIO_COPIA`) VALUES (NULL,'705',' 1000026360','1164-01-01','1164-01-01','2','27','500','300000'); 
 
insert into libro_tipo (TIPO_LIBROID, LITERALID, DESCRIPCIONID, DESCRIPCION, COPIABLE, GRAFICO) values (705, 20705, 30705, 'Historia Episcopi Pelegimus Groningensis' , 1, 'biblia'); 
 
insert into libro_nivel (TIPO_LIBROID, NIVEL, PAGINAS, PUNTUACION, PRECIO_MIN, PRECIO_MAX, CTD_PIEL_ENCUADERNAR, DESGASTE) values (705, 1, 500, 500000, 280000, 330000, 6, 0.027); 
 
insert into literales (LITERALID, IDIOMAID, LITERAL) values (20705, 1, 'Historia Episcopi Pelegimus Groningensis'); 
insert into literales (LITERALID, IDIOMAID, LITERAL) values (30705, 1, 'El abad Everocker de Utrech  relata en esta obra el episcopado de Su Ilustrisima Pelegim de Groningen');


INSERT INTO `libro` (`LIBROID`,`TIPO_LIBROID`,`ABADIAID`,`FECHA_CREACION`,`FECHA_ADQUISICION`,`ESTADO`,`IDIOMAID`,`PAGINAS_COPIADAS`,`PRECIO_COPIA`) VALUES (NULL,'706',' 8719','1164-01-01','1164-01-01','2','34','500','300000'); 
 
insert into libro_tipo (TIPO_LIBROID, LITERALID, DESCRIPCIONID, DESCRIPCION, COPIABLE, GRAFICO) values (706, 20706, 30706, 'Historia Episcopi Eberhardus Elsenorensis' , 1, 'biblia'); 
 
insert into libro_nivel (TIPO_LIBROID, NIVEL, PAGINAS, PUNTUACION, PRECIO_MIN, PRECIO_MAX, CTD_PIEL_ENCUADERNAR, DESGASTE) values (706, 1, 500, 500000, 280000, 330000, 6, 0.027); 
 
insert into literales (LITERALID, IDIOMAID, LITERAL) values (20706, 1, 'Historia Episcopi Eberhardus Elsenorensis'); 
insert into literales (LITERALID, IDIOMAID, LITERAL) values (30706, 1, 'El abad Godesmannus de Lannewerk  relata en esta obra el episcopado de Su Ilustrisima Eberhardus de Helsingor'); 

INSERT INTO `libro` (`LIBROID`,`TIPO_LIBROID`,`ABADIAID`,`FECHA_CREACION`,`FECHA_ADQUISICION`,`ESTADO`,`IDIOMAID`,`PAGINAS_COPIADAS`,`PRECIO_COPIA`) VALUES (NULL,'707',' 8719','1164-01-01','1164-01-01','2','34','500','300000'); 
 
insert into libro_tipo (TIPO_LIBROID, LITERALID, DESCRIPCIONID, DESCRIPCION, COPIABLE, GRAFICO) values (707, 20707, 30707, 'Historia Episcopi Albertus Lundensis' , 1, 'biblia'); 
 
insert into libro_nivel (TIPO_LIBROID, NIVEL, PAGINAS, PUNTUACION, PRECIO_MIN, PRECIO_MAX, CTD_PIEL_ENCUADERNAR, DESGASTE) values (707, 1, 500, 500000, 280000, 330000, 6, 0.027); 
 
insert into literales (LITERALID, IDIOMAID, LITERAL) values (20707, 1, 'Historia Episcopi Albertus Lundensis'); 
insert into literales (LITERALID, IDIOMAID, LITERAL) values (30707, 1, 'Ruthardus de Slesvik narra el episcopado de Su Ilustrisima Albertus de Lund'); 

 
INSERT INTO `libro` (`LIBROID`,`TIPO_LIBROID`,`ABADIAID`,`FECHA_CREACION`,`FECHA_ADQUISICION`,`ESTADO`,`IDIOMAID`,`PAGINAS_COPIADAS`,`PRECIO_COPIA`) VALUES (NULL,'708','1000024362','1164-01-01','1164-01-01','2','23','500','300000'); 
 
insert into libro_tipo (TIPO_LIBROID, LITERALID, DESCRIPCIONID, DESCRIPCION, COPIABLE, GRAFICO) values (708, 20708, 30708, 'Vita Beatus Iordanus Saxoniensis' , 1, 'biblia'); 
 
insert into libro_nivel (TIPO_LIBROID, NIVEL, PAGINAS, PUNTUACION, PRECIO_MIN, PRECIO_MAX, CTD_PIEL_ENCUADERNAR, DESGASTE) values (708, 1, 500, 500000, 280000, 330000, 6, 0.027); 
 
insert into literales (LITERALID, IDIOMAID, LITERAL) values (20708, 1, 'Vita Beatus Iordanus Saxoniensis'); 
insert into literales (LITERALID, IDIOMAID, LITERAL) values (30708, 1, 'El monje Reinboldus de Wildeshausen escribió esta hagiografia sobre el Beato Jordan de Sajonia'); 

INSERT INTO `libro` (`LIBROID`,`TIPO_LIBROID`,`ABADIAID`,`FECHA_CREACION`,`FECHA_ADQUISICION`,`ESTADO`,`IDIOMAID`,`PAGINAS_COPIADAS`,`PRECIO_COPIA`) VALUES (NULL,'709','1000024362','1164-01-01','1164-01-01','2','23','500','300000'); 
 
insert into libro_tipo (TIPO_LIBROID, LITERALID, DESCRIPCIONID, DESCRIPCION, COPIABLE, GRAFICO) values (709, 20709, 30709, 'Vita Sancti Fridericus Hammoniensis' , 1, 'biblia'); 
 
insert into libro_nivel (TIPO_LIBROID, NIVEL, PAGINAS, PUNTUACION, PRECIO_MIN, PRECIO_MAX, CTD_PIEL_ENCUADERNAR, DESGASTE) values (709, 1, 500, 500000, 280000, 330000, 6, 0.027); 
 
insert into literales (LITERALID, IDIOMAID, LITERAL) values (20709, 1, 'Vita Sancti Fridericus Hammoniensis'); 
insert into literales (LITERALID, IDIOMAID, LITERAL) values (30709, 1, 'El abad Einolfus de Schalksburg escribió esta hagiografia sobre San Fridericus de Hamburgo'); 


INSERT INTO `libro` (`LIBROID`,`TIPO_LIBROID`,`ABADIAID`,`FECHA_CREACION`,`FECHA_ADQUISICION`,`ESTADO`,`IDIOMAID`,`PAGINAS_COPIADAS`,`PRECIO_COPIA`) VALUES (NULL,'710','1000022578','1164-01-01','1164-01-01','2','23','500','300000'); 
 
insert into libro_tipo (TIPO_LIBROID, LITERALID, DESCRIPCIONID, DESCRIPCION, COPIABLE, GRAFICO) values (710, 20710, 30710, 'Vita Sancti Sibragtus Dobralucensis' , 1, 'biblia'); 
 
insert into libro_nivel (TIPO_LIBROID, NIVEL, PAGINAS, PUNTUACION, PRECIO_MIN, PRECIO_MAX, CTD_PIEL_ENCUADERNAR, DESGASTE) values (710, 1, 500, 500000, 280000, 330000, 6, 0.027); 
 
insert into literales (LITERALID, IDIOMAID, LITERAL) values (20710, 1, ' Vita Sancti Sibragtus Dobralucensis'); 
insert into literales (LITERALID, IDIOMAID, LITERAL) values (30710, 1, 'El monje Hupertus de Lebusa escribió esta hagiografia sobre San Sibragtus de Dobrilugk'); 

 

INSERT INTO `libro` (`LIBROID`,`TIPO_LIBROID`,`ABADIAID`,`FECHA_CREACION`,`FECHA_ADQUISICION`,`ESTADO`,`IDIOMAID`,`PAGINAS_COPIADAS`,`PRECIO_COPIA`) VALUES (NULL,'711','1000022578','1164-01-01','1164-01-01','2','23','500','300000'); 
 
insert into libro_tipo (TIPO_LIBROID, LITERALID, DESCRIPCIONID, DESCRIPCION, COPIABLE, GRAFICO) values (711, 20711, 30711, 'Vita Sancti Henricus Brandenburgumensis' , 1, 'biblia'); 
 
insert into libro_nivel (TIPO_LIBROID, NIVEL, PAGINAS, PUNTUACION, PRECIO_MIN, PRECIO_MAX, CTD_PIEL_ENCUADERNAR, DESGASTE) values (711, 1, 500, 500000, 280000, 330000, 6, 0.027); 
 
insert into literales (LITERALID, IDIOMAID, LITERAL) values (20711, 1, 'Vita Sancti Henricus Brandenburgumensis'); 
insert into literales (LITERALID, IDIOMAID, LITERAL) values (30711, 1, 'El abad Ortulfus de Zerbst escribio esta hagiografia sobre San Henricus de Brandenburgo'); 

 
INSERT INTO `libro` (`LIBROID`,`TIPO_LIBROID`,`ABADIAID`,`FECHA_CREACION`,`FECHA_ADQUISICION`,`ESTADO`,`IDIOMAID`,`PAGINAS_COPIADAS`,`PRECIO_COPIA`) VALUES (NULL,'712','1000016590','1164-01-01','1164-01-01','2','23','500','300000'); 
 
insert into libro_tipo (TIPO_LIBROID, LITERALID, DESCRIPCIONID, DESCRIPCION, COPIABLE, GRAFICO) values (712, 20712, 30712, 'Vita Sancti Ortulfus Camburgensis' , 1, 'biblia'); 
 
insert into libro_nivel (TIPO_LIBROID, NIVEL, PAGINAS, PUNTUACION, PRECIO_MIN, PRECIO_MAX, CTD_PIEL_ENCUADERNAR, DESGASTE) values (712, 1, 500, 500000, 280000, 330000, 6, 0.027); 
 
insert into literales (LITERALID, IDIOMAID, LITERAL) values (20712, 1, 'Vita Sancti Ortulfus Camburgensis'); 
insert into literales (LITERALID, IDIOMAID, LITERAL) values (30712, 1, 'El fraile Ortwinus de Merseburg escribió esta hagiografia sobre San Ortulfus de Kamburg');

 

INSERT INTO `libro` (`LIBROID`,`TIPO_LIBROID`,`ABADIAID`,`FECHA_CREACION`,`FECHA_ADQUISICION`,`ESTADO`,`IDIOMAID`,`PAGINAS_COPIADAS`,`PRECIO_COPIA`) VALUES (NULL,'713','1000016590','1164-01-01','1164-01-01','2','23','500','300000'); 
 
insert into libro_tipo (TIPO_LIBROID, LITERALID, DESCRIPCIONID, DESCRIPCION, COPIABLE, GRAFICO) values (713, 20713, 30713, 'Historia Episcopi Gerbothus Gorliciumensis' , 1, 'biblia'); 
 
insert into libro_nivel (TIPO_LIBROID, NIVEL, PAGINAS, PUNTUACION, PRECIO_MIN, PRECIO_MAX, CTD_PIEL_ENCUADERNAR, DESGASTE) values (713, 1, 500, 500000, 280000, 330000, 6, 0.027); 
 
insert into literales (LITERALID, IDIOMAID, LITERAL) values (20713, 1, 'Historia Episcopi Gerbothus Gorliciumensis'); 
insert into literales (LITERALID, IDIOMAID, LITERAL) values (30713, 1, 'El monje  Sifridus de Leipzig escribio esta obra que relata el episcopado de Su Ilustrisima Gerbotho de Gorlitz');

 
INSERT INTO `libro` (`LIBROID`,`TIPO_LIBROID`,`ABADIAID`,`FECHA_CREACION`,`FECHA_ADQUISICION`,`ESTADO`,`IDIOMAID`,`PAGINAS_COPIADAS`,`PRECIO_COPIA`) VALUES (NULL,'714','1000029359','1164-01-01','1164-01-01','2','29','500','300000'); 
 
insert into libro_tipo (TIPO_LIBROID, LITERALID, DESCRIPCIONID, DESCRIPCION, COPIABLE, GRAFICO) values (714, 20714, 30714, 'Vita Sancti Marquardus Visegradiensis' , 1, 'biblia'); 
 
insert into libro_nivel (TIPO_LIBROID, NIVEL, PAGINAS, PUNTUACION, PRECIO_MIN, PRECIO_MAX, CTD_PIEL_ENCUADERNAR, DESGASTE) values (714, 1, 500, 500000, 280000, 330000, 6, 0.027); 
 
insert into literales (LITERALID, IDIOMAID, LITERAL) values (20714, 1, 'Vita Sancti Marquardus Visegradiensis'); 
insert into literales (LITERALID, IDIOMAID, LITERAL) values (30714, 1, 'El fraile franciscano Hermannus de Leitomisch redacto esta hagiografia sobre  San Marquadus de Wyschehrad');

 

INSERT INTO `libro` (`LIBROID`,`TIPO_LIBROID`,`ABADIAID`,`FECHA_CREACION`,`FECHA_ADQUISICION`,`ESTADO`,`IDIOMAID`,`PAGINAS_COPIADAS`,`PRECIO_COPIA`) VALUES (NULL,'715','1000029359','1164-01-01','1164-01-01','2','29','500','300000'); 
 
insert into libro_tipo (TIPO_LIBROID, LITERALID, DESCRIPCIONID, DESCRIPCION, COPIABLE, GRAFICO) values (715, 20715, 30715, 'Historia Episcopi Gotescalcus Znoimiumensis' , 1, 'biblia'); 
 
insert into libro_nivel (TIPO_LIBROID, NIVEL, PAGINAS, PUNTUACION, PRECIO_MIN, PRECIO_MAX, CTD_PIEL_ENCUADERNAR, DESGASTE) values (715, 1, 500, 500000, 280000, 330000, 6, 0.027); 
 
insert into literales (LITERALID, IDIOMAID, LITERAL) values (20715, 1, 'Historia Episcopi Gotescalcus Znoimiumensis'); 
insert into literales (LITERALID, IDIOMAID, LITERAL) values (30715, 1, 'El abad Petrus de Klattau compilo esta obra donde relata el episcopado de Su Ilustrisima  Godscalcus de Znaym');


INSERT INTO `libro` (`LIBROID`,`TIPO_LIBROID`,`ABADIAID`,`FECHA_CREACION`,`FECHA_ADQUISICION`,`ESTADO`,`IDIOMAID`,`PAGINAS_COPIADAS`,`PRECIO_COPIA`) VALUES (NULL,'716','1000019239','1164-01-01','1164-01-01','2','23','500','300000'); 
 
insert into libro_tipo (TIPO_LIBROID, LITERALID, DESCRIPCIONID, DESCRIPCION, COPIABLE, GRAFICO) values (716, 20716, 30716, 'Historia Episcopi Hupertus Vindobonensis' , 1, 'biblia'); 
 
insert into libro_nivel (TIPO_LIBROID, NIVEL, PAGINAS, PUNTUACION, PRECIO_MIN, PRECIO_MAX, CTD_PIEL_ENCUADERNAR, DESGASTE) values (716, 1, 500, 500000, 280000, 330000, 6, 0.027); 
 
insert into literales (LITERALID, IDIOMAID, LITERAL) values (20716, 1, 'Historia Episcopi Hupertus Vindobonensis'); 
insert into literales (LITERALID, IDIOMAID, LITERAL) values (30716, 1, 'Stephan de Altenbourg  relata en esta obra el episcopado de Su Ilustrisima Hupertus de Viena'); 

 

INSERT INTO `libro` (`LIBROID`,`TIPO_LIBROID`,`ABADIAID`,`FECHA_CREACION`,`FECHA_ADQUISICION`,`ESTADO`,`IDIOMAID`,`PAGINAS_COPIADAS`,`PRECIO_COPIA`) VALUES (NULL,'717','1000019239','1164-01-01','1164-01-01','2','23','500','300000'); 
 
insert into libro_tipo (TIPO_LIBROID, LITERALID, DESCRIPCIONID, DESCRIPCION, COPIABLE, GRAFICO) values (717, 20717, 30717, 'Vita Sancti Heidolfus Altemburgensis' , 1, 'biblia'); 
 
insert into libro_nivel (TIPO_LIBROID, NIVEL, PAGINAS, PUNTUACION, PRECIO_MIN, PRECIO_MAX, CTD_PIEL_ENCUADERNAR, DESGASTE) values (717, 1, 500, 500000, 280000, 330000, 6, 0.027); 
 
insert into literales (LITERALID, IDIOMAID, LITERAL) values (20717, 1, 'Vita Sancti Heidolfus Altemburgensis'); 
insert into literales (LITERALID, IDIOMAID, LITERAL) values (30717, 1, 'El monje benedictino Sibertus de Viena escribio esta hagiografia sobre San Heidolfus de Altenbourg'); 

 
INSERT INTO `libro` (`LIBROID`,`TIPO_LIBROID`,`ABADIAID`,`FECHA_CREACION`,`FECHA_ADQUISICION`,`ESTADO`,`IDIOMAID`,`PAGINAS_COPIADAS`,`PRECIO_COPIA`) VALUES (NULL,'718','1000016281','1164-01-01','1164-01-01','2','23','500','300000'); 
 
insert into libro_tipo (TIPO_LIBROID, LITERALID, DESCRIPCIONID, DESCRIPCION, COPIABLE, GRAFICO) values (718, 20718, 30718, 'Historia Episcopi Heidolfus Tegestinumensis' , 1, 'biblia'); 
 
insert into libro_nivel (TIPO_LIBROID, NIVEL, PAGINAS, PUNTUACION, PRECIO_MIN, PRECIO_MAX, CTD_PIEL_ENCUADERNAR, DESGASTE) values (718, 1, 500, 500000, 280000, 330000, 6, 0.027); 
 
insert into literales (LITERALID, IDIOMAID, LITERAL) values (20718, 1, 'Historia Episcopi Heidolfus Tegestinumensis'); 
insert into literales (LITERALID, IDIOMAID, LITERAL) values (30718, 1, 'El monje dominico Hugo de Eppenstein redacto esta obra que relata el episcopado de Su Ilustrisima Heidolfus de Trieste');

 

 

INSERT INTO `libro` (`LIBROID`,`TIPO_LIBROID`,`ABADIAID`,`FECHA_CREACION`,`FECHA_ADQUISICION`,`ESTADO`,`IDIOMAID`,`PAGINAS_COPIADAS`,`PRECIO_COPIA`) VALUES (NULL,'719','1000016281','1164-01-01','1164-01-01','2','23','500','300000'); 
 
insert into libro_tipo (TIPO_LIBROID, LITERALID, DESCRIPCIONID, DESCRIPCION, COPIABLE, GRAFICO) values (719, 20719, 30719, 'Historia Episcopi Eckardus Santicumensis' , 1, 'biblia'); 
 
insert into libro_nivel (TIPO_LIBROID, NIVEL, PAGINAS, PUNTUACION, PRECIO_MIN, PRECIO_MAX, CTD_PIEL_ENCUADERNAR, DESGASTE) values (719, 1, 500, 500000, 280000, 330000, 6, 0.027); 
 
insert into literales (LITERALID, IDIOMAID, LITERAL) values (20719, 1, 'Historia Episcopi Eckardus Santicumensis'); 
insert into literales (LITERALID, IDIOMAID, LITERAL) values (30719, 1, 'Escrita por Harpernus de Innichen, esta obra relata el episcopado de Su Ilustrisima Eckardus de Villach');


INSERT INTO `libro` (`LIBROID`,`TIPO_LIBROID`,`ABADIAID`,`FECHA_CREACION`,`FECHA_ADQUISICION`,`ESTADO`,`IDIOMAID`,`PAGINAS_COPIADAS`,`PRECIO_COPIA`) VALUES (NULL,'720','4991','1164-01-01','1164-01-01','2','23','500','300000'); 
 
insert into libro_tipo (TIPO_LIBROID, LITERALID, DESCRIPCIONID, DESCRIPCION, COPIABLE, GRAFICO) values (720, 20720, 30720, 'Vita Sancti Mengotus Ovilaviensis' , 1, 'biblia'); 
 
insert into libro_nivel (TIPO_LIBROID, NIVEL, PAGINAS, PUNTUACION, PRECIO_MIN, PRECIO_MAX, CTD_PIEL_ENCUADERNAR, DESGASTE) values (720, 1, 500, 500000, 280000, 330000, 6, 0.027); 
 
insert into literales (LITERALID, IDIOMAID, LITERAL) values (20720, 1, 'Vita Sancti Mengotus Ovilaviensis'); 
insert into literales (LITERALID, IDIOMAID, LITERAL) values (30720, 1, 'Hagiografia escrita por el monje cartujo Ciprianus de Polling sobre San San Mengotus de Wels');

 

INSERT INTO `libro` (`LIBROID`,`TIPO_LIBROID`,`ABADIAID`,`FECHA_CREACION`,`FECHA_ADQUISICION`,`ESTADO`,`IDIOMAID`,`PAGINAS_COPIADAS`,`PRECIO_COPIA`) VALUES (NULL,'721','4991','1164-01-01','1164-01-01','2','23','500','300000'); 
 
insert into libro_tipo (TIPO_LIBROID, LITERALID, DESCRIPCIONID, DESCRIPCION, COPIABLE, GRAFICO) values (721, 20721, 30721, 'Historia Episcopi Iohannes Lauriacumensis' , 1, 'biblia'); 
 
insert into libro_nivel (TIPO_LIBROID, NIVEL, PAGINAS, PUNTUACION, PRECIO_MIN, PRECIO_MAX, CTD_PIEL_ENCUADERNAR, DESGASTE) values (721, 1, 500, 500000, 280000, 330000, 6, 0.027); 
 
insert into literales (LITERALID, IDIOMAID, LITERAL) values (20721, 1, 'Historia Episcopi Iohannes Lauriacumensis'); 
insert into literales (LITERALID, IDIOMAID, LITERAL) values (30721, 1, 'El abad Helfricus de Creussen escribio esta obra que relata el episcopado de Su Ilustrisima Ivvanus de Lorch');

 
INSERT INTO `libro` (`LIBROID`,`TIPO_LIBROID`,`ABADIAID`,`FECHA_CREACION`,`FECHA_ADQUISICION`,`ESTADO`,`IDIOMAID`,`PAGINAS_COPIADAS`,`PRECIO_COPIA`) VALUES (NULL,'722','6738','1164-01-01','1164-01-01','2','26','500','300000'); 
 
insert into libro_tipo (TIPO_LIBROID, LITERALID, DESCRIPCIONID, DESCRIPCION, COPIABLE, GRAFICO) values (722, 20722, 30722, 'Vita Sancti Ortulfus Egsaensis' , 1, 'biblia'); 
 
insert into libro_nivel (TIPO_LIBROID, NIVEL, PAGINAS, PUNTUACION, PRECIO_MIN, PRECIO_MAX, CTD_PIEL_ENCUADERNAR, DESGASTE) values (722, 1, 500, 500000, 280000, 330000, 6, 0.027); 
 
insert into literales (LITERALID, IDIOMAID, LITERAL) values (20722, 1, 'Vita Sancti Ortulfus Egsaensis '); 
insert into literales (LITERALID, IDIOMAID, LITERAL) values (30722, 1, ' El monje cartujo Philippus de Tubiengen escribio esta hagiografía sobre San Ortulfus de Egisheim'); 

 

 

INSERT INTO `libro` (`LIBROID`,`TIPO_LIBROID`,`ABADIAID`,`FECHA_CREACION`,`FECHA_ADQUISICION`,`ESTADO`,`IDIOMAID`,`PAGINAS_COPIADAS`,`PRECIO_COPIA`) VALUES (NULL,'723','6738','1164-01-01','1164-01-01','2','26','500','300000'); 
 
insert into libro_tipo (TIPO_LIBROID, LITERALID, DESCRIPCIONID, DESCRIPCION, COPIABLE, GRAFICO) values (723, 20723, 30723, 'Vita Sancti Mengiotus Ulmensis' , 1, 'biblia'); 
 
insert into libro_nivel (TIPO_LIBROID, NIVEL, PAGINAS, PUNTUACION, PRECIO_MIN, PRECIO_MAX, CTD_PIEL_ENCUADERNAR, DESGASTE) values (723, 1, 500, 500000, 280000, 330000, 6, 0.027); 
 
insert into literales (LITERALID, IDIOMAID, LITERAL) values (20723, 1, 'Vita Sancti Mengiotus Ulmensis'); 
insert into literales (LITERALID, IDIOMAID, LITERAL) values (30723, 1, ' El abad Luitfridus de Estrasburgo escribio esta semblanza sobre San Mengiotus de Ulm'); 


INSERT INTO `libro` (`LIBROID`,`TIPO_LIBROID`,`ABADIAID`,`FECHA_CREACION`,`FECHA_ADQUISICION`,`ESTADO`,`IDIOMAID`,`PAGINAS_COPIADAS`,`PRECIO_COPIA`) VALUES (NULL,'724','1000027194','1164-01-01','1164-01-01','2','18','500','300000'); 
 
insert into libro_tipo (TIPO_LIBROID, LITERALID, DESCRIPCIONID, DESCRIPCION, COPIABLE, GRAFICO) values (724, 20724, 30724, 'Historia Episcopi Nindungus Wormatiensis' , 1, 'biblia'); 
 
insert into libro_nivel (TIPO_LIBROID, NIVEL, PAGINAS, PUNTUACION, PRECIO_MIN, PRECIO_MAX, CTD_PIEL_ENCUADERNAR, DESGASTE) values (724, 1, 500, 500000, 280000, 330000, 6, 0.027); 
 
insert into literales (LITERALID, IDIOMAID, LITERAL) values (20724, 1, 'Historia Episcopi Nindungus Wormatiensis'); 
insert into literales (LITERALID, IDIOMAID, LITERAL) values (30724, 1, 'El monje benedictino  Everwinus de Rara relata en esta obra el episcopado de Su Iliustrisima Nindungus de Worms'); 

 

INSERT INTO `libro` (`LIBROID`,`TIPO_LIBROID`,`ABADIAID`,`FECHA_CREACION`,`FECHA_ADQUISICION`,`ESTADO`,`IDIOMAID`,`PAGINAS_COPIADAS`,`PRECIO_COPIA`) VALUES (NULL,'725','1000027194','1164-01-01','1164-01-01','2','18','500','300000'); 
 
insert into libro_tipo (TIPO_LIBROID, LITERALID, DESCRIPCIONID, DESCRIPCION, COPIABLE, GRAFICO) values (725, 20725, 30725, 'Vita Sancti Arnoldus Herbipolensis' , 1, 'biblia'); 
 
insert into libro_nivel (TIPO_LIBROID, NIVEL, PAGINAS, PUNTUACION, PRECIO_MIN, PRECIO_MAX, CTD_PIEL_ENCUADERNAR, DESGASTE) values (725, 1, 500, 500000, 280000, 330000, 6, 0.027); 
 
insert into literales (LITERALID, IDIOMAID, LITERAL) values (20725, 1, 'Vita Sancti Arnoldus Herbipolensis'); 
insert into literales (LITERALID, IDIOMAID, LITERAL) values (30725, 1, 'El abad Embrico de Tribus escribio esta hagiografia sobre San Arnoldus de Würzburg'); 


INSERT INTO `libro` (`LIBROID`,`TIPO_LIBROID`,`ABADIAID`,`FECHA_CREACION`,`FECHA_ADQUISICION`,`ESTADO`,`IDIOMAID`,`PAGINAS_COPIADAS`,`PRECIO_COPIA`) VALUES (NULL,'726','1000013264','1164-01-01','1164-01-01','2','35','500','300000'); 
 
insert into libro_tipo (TIPO_LIBROID, LITERALID, DESCRIPCIONID, DESCRIPCION, COPIABLE, GRAFICO) values (726, 20726, 30726, 'Historia Episcopi Anselmus Nemcinensis' , 1, 'biblia'); 
 
insert into libro_nivel (TIPO_LIBROID, NIVEL, PAGINAS, PUNTUACION, PRECIO_MIN, PRECIO_MAX, CTD_PIEL_ENCUADERNAR, DESGASTE) values (726, 1, 500, 500000, 280000, 330000, 6, 0.027); 
 
insert into literales (LITERALID, IDIOMAID, LITERAL) values (20726, 1, 'Historia Episcopi Anselmus Nemcinensis'); 
insert into literales (LITERALID, IDIOMAID, LITERAL) values (30726, 1, 'El monje franciscano Cuno de Opatow  relata en esta obra el episcopado de Su Ilustrisima Anshelmus de Nimptsch'); 
 
 

INSERT INTO `libro` (`LIBROID`,`TIPO_LIBROID`,`ABADIAID`,`FECHA_CREACION`,`FECHA_ADQUISICION`,`ESTADO`,`IDIOMAID`,`PAGINAS_COPIADAS`,`PRECIO_COPIA`) VALUES (NULL,'727','1000013264','1164-01-01','1164-01-01','2','35','500','300000'); 
 
insert into libro_tipo (TIPO_LIBROID, LITERALID, DESCRIPCIONID, DESCRIPCION, COPIABLE, GRAFICO) values (727, 20727, 30727, 'Vita Sancti Baldemarus Saganumensis' , 1, 'biblia'); 
 
insert into libro_nivel (TIPO_LIBROID, NIVEL, PAGINAS, PUNTUACION, PRECIO_MIN, PRECIO_MAX, CTD_PIEL_ENCUADERNAR, DESGASTE) values (727, 1, 500, 500000, 280000, 330000, 6, 0.027); 
 
insert into literales (LITERALID, IDIOMAID, LITERAL) values (20727, 1, 'Vita Sancti Baldemarus Saganumensis'); 
insert into literales (LITERALID, IDIOMAID, LITERAL) values (30727, 1, 'El abad Marqueardus de Halicz escribió esta hagiografía sobre San Baldemarus de Sagan'); 


INSERT INTO `libro` (`LIBROID`,`TIPO_LIBROID`,`ABADIAID`,`FECHA_CREACION`,`FECHA_ADQUISICION`,`ESTADO`,`IDIOMAID`,`PAGINAS_COPIADAS`,`PRECIO_COPIA`) VALUES (NULL,'728','1000031203','1164-01-01','1164-01-01','2','36','500','300000'); 
 
insert into libro_tipo (TIPO_LIBROID, LITERALID, DESCRIPCIONID, DESCRIPCION, COPIABLE, GRAFICO) values (728, 20728, 30728, 'Historia Episcopi Georgius Aradiensis' , 1, 'biblia'); 
 
insert into libro_nivel (TIPO_LIBROID, NIVEL, PAGINAS, PUNTUACION, PRECIO_MIN, PRECIO_MAX, CTD_PIEL_ENCUADERNAR, DESGASTE) values (728, 1, 500, 500000, 280000, 330000, 6, 0.027); 
 
insert into literales (LITERALID, IDIOMAID, LITERAL) values (20728, 1, 'Historia Episcopi Georgius Aradiensis'); 
insert into literales (LITERALID, IDIOMAID, LITERAL) values (30728, 1, 'El monje Adam de Pettau narra en esta obra el episcopado de Su Ilustrisima Georgius de Arad');

 

 

INSERT INTO `libro` (`LIBROID`,`TIPO_LIBROID`,`ABADIAID`,`FECHA_CREACION`,`FECHA_ADQUISICION`,`ESTADO`,`IDIOMAID`,`PAGINAS_COPIADAS`,`PRECIO_COPIA`) VALUES (NULL,'729','1000031203','1164-01-01','1164-01-01','2','36','500','300000'); 
 
insert into libro_tipo (TIPO_LIBROID, LITERALID, DESCRIPCIONID, DESCRIPCION, COPIABLE, GRAFICO) values (729, 20729, 30729, 'Historia Episcopi Lucas Aquincunensis' , 1, 'biblia'); 
 
insert into libro_nivel (TIPO_LIBROID, NIVEL, PAGINAS, PUNTUACION, PRECIO_MIN, PRECIO_MAX, CTD_PIEL_ENCUADERNAR, DESGASTE) values (729, 1, 500, 500000, 280000, 330000, 6, 0.027); 
 
insert into literales (LITERALID, IDIOMAID, LITERAL) values (20729, 1, 'Historia Episcopi Lucas Aquincunensis'); 
insert into literales (LITERALID, IDIOMAID, LITERAL) values (30729, 1, 'El fraile cartujo  Emre de Nitrava relata en esta obra el episcopado de Su Ilustrisima Lukac de Buda');

 

INSERT INTO `libro` (`LIBROID`,`TIPO_LIBROID`,`ABADIAID`,`FECHA_CREACION`,`FECHA_ADQUISICION`,`ESTADO`,`IDIOMAID`,`PAGINAS_COPIADAS`,`PRECIO_COPIA`) VALUES (NULL,'730','1000024340','1164-01-01','1164-01-01','2','37','500','300000'); 
 
insert into libro_tipo (TIPO_LIBROID, LITERALID, DESCRIPCIONID, DESCRIPCION, COPIABLE, GRAFICO) values (730, 20730, 30730, 'Historia Episcopi Obradus Apsorriensis' , 1, 'biblia'); 
 
insert into libro_nivel (TIPO_LIBROID, NIVEL, PAGINAS, PUNTUACION, PRECIO_MIN, PRECIO_MAX, CTD_PIEL_ENCUADERNAR, DESGASTE) values (730, 1, 500, 500000, 280000, 330000, 6, 0.027); 
 
insert into literales (LITERALID, IDIOMAID, LITERAL) values (20730, 1, 'Historia Episcopi Obradus Apsorriensis'); 
insert into literales (LITERALID, IDIOMAID, LITERAL) values (30730, 1, 'El abad Radomir de Hum relata en esta obra el episcopado de Su Ilustrisima Obrad de Mali'); 
 

 

INSERT INTO `libro` (`LIBROID`,`TIPO_LIBROID`,`ABADIAID`,`FECHA_CREACION`,`FECHA_ADQUISICION`,`ESTADO`,`IDIOMAID`,`PAGINAS_COPIADAS`,`PRECIO_COPIA`) VALUES (NULL,'731','1000024340','1164-01-01','1164-01-01','2','37','500','300000'); 
 
insert into libro_tipo (TIPO_LIBROID, LITERALID, DESCRIPCIONID, DESCRIPCION, COPIABLE, GRAFICO) values (731, 20731, 30731, 'Historia Episcopi Andreas Cerosiensis' , 1, 'biblia'); 
 
insert into libro_nivel (TIPO_LIBROID, NIVEL, PAGINAS, PUNTUACION, PRECIO_MIN, PRECIO_MAX, CTD_PIEL_ENCUADERNAR, DESGASTE) values (731, 1, 500, 500000, 280000, 330000, 6, 0.027); 
 
insert into literales (LITERALID, IDIOMAID, LITERAL) values (20731, 1, 'Historia Episcopi Andreas Cerosiensis'); 
insert into literales (LITERALID, IDIOMAID, LITERAL) values (30731, 1, 'El fraile franciscano Frankopan de Brack narra en esta obra el episcopado de Su Ilustrisima Adranko de Sipan'); 
 
 

INSERT INTO `libro` (`LIBROID`,`TIPO_LIBROID`,`ABADIAID`,`FECHA_CREACION`,`FECHA_ADQUISICION`,`ESTADO`,`IDIOMAID`,`PAGINAS_COPIADAS`,`PRECIO_COPIA`) VALUES (NULL,'732','1000030851','1164-01-01','1164-01-01','2','22','500','300000'); 
 
insert into libro_tipo (TIPO_LIBROID, LITERALID, DESCRIPCIONID, DESCRIPCION, COPIABLE, GRAFICO) values (732, 20732, 30732, 'Vita Santi Nicholaus Edesiensis' , 1, 'biblia'); 
 
insert into libro_nivel (TIPO_LIBROID, NIVEL, PAGINAS, PUNTUACION, PRECIO_MIN, PRECIO_MAX, CTD_PIEL_ENCUADERNAR, DESGASTE) values (732, 1, 500, 500000, 280000, 330000, 6, 0.027); 
 
insert into literales (LITERALID, IDIOMAID, LITERAL) values (20732, 1, 'Vita Santi Nicholaus Edesiensis '); 
insert into literales (LITERALID, IDIOMAID, LITERAL) values (30732, 1, 'El monje Alexios de Edesa escribió esta hagiografía sobre San Nikolaos de Edesa');

 

INSERT INTO `libro` (`LIBROID`,`TIPO_LIBROID`,`ABADIAID`,`FECHA_CREACION`,`FECHA_ADQUISICION`,`ESTADO`,`IDIOMAID`,`PAGINAS_COPIADAS`,`PRECIO_COPIA`) VALUES (NULL,'733','1000030851','1164-01-01','1164-01-01','2','22','500','300000'); 
 
insert into libro_tipo (TIPO_LIBROID, LITERALID, DESCRIPCIONID, DESCRIPCION, COPIABLE, GRAFICO) values (733, 20733, 30733, 'Vita Sancti Paleologus Edesiensis' , 1, 'biblia'); 
 
insert into libro_nivel (TIPO_LIBROID, NIVEL, PAGINAS, PUNTUACION, PRECIO_MIN, PRECIO_MAX, CTD_PIEL_ENCUADERNAR, DESGASTE) values (733, 1, 500, 500000, 280000, 330000, 6, 0.027); 
 
insert into literales (LITERALID, IDIOMAID, LITERAL) values (20733, 1, 'Vita Sancti Paleologus Edesiensis'); 
insert into literales (LITERALID, IDIOMAID, LITERAL) values (30733, 1, 'El fraile Christophoros de Edesa narro esta hagiografia sobre San Paleologos de Edesa');

 

INSERT INTO `libro` (`LIBROID`,`TIPO_LIBROID`,`ABADIAID`,`FECHA_CREACION`,`FECHA_ADQUISICION`,`ESTADO`,`IDIOMAID`,`PAGINAS_COPIADAS`,`PRECIO_COPIA`) VALUES (NULL,'734','1000020538','1164-01-01','1164-01-01','2','22','500','300000'); 
 
insert into libro_tipo (TIPO_LIBROID, LITERALID, DESCRIPCIONID, DESCRIPCION, COPIABLE, GRAFICO) values (734, 20734, 30734, 'Historia Episcopi Sancti Emaurri Sidonensis' , 1, 'biblia'); 
 
insert into libro_nivel (TIPO_LIBROID, NIVEL, PAGINAS, PUNTUACION, PRECIO_MIN, PRECIO_MAX, CTD_PIEL_ENCUADERNAR, DESGASTE) values (734, 1, 500, 500000, 280000, 330000, 6, 0.027); 
 
insert into literales (LITERALID, IDIOMAID, LITERAL) values (20734, 1, 'Historia Episcopi Sancti Emaurri Sidonensis'); 
insert into literales (LITERALID, IDIOMAID, LITERAL) values (30734, 1, 'El monje benedictino Godin de Tripoli relata en esta obra el episcopado de Su Ilustrisima San Emaurri de Sidon '); 

INSERT INTO `libro` (`LIBROID`,`TIPO_LIBROID`,`ABADIAID`,`FECHA_CREACION`,`FECHA_ADQUISICION`,`ESTADO`,`IDIOMAID`,`PAGINAS_COPIADAS`,`PRECIO_COPIA`) VALUES (NULL,'735','1000020538','1164-01-01','1164-01-01','2','22','500','300000'); 
 
insert into libro_tipo (TIPO_LIBROID, LITERALID, DESCRIPCIONID, DESCRIPCION, COPIABLE, GRAFICO) values (735, 20735, 30735, 'Vita Sancti Loys Berytusensis' , 1, 'biblia'); 
 
insert into libro_nivel (TIPO_LIBROID, NIVEL, PAGINAS, PUNTUACION, PRECIO_MIN, PRECIO_MAX, CTD_PIEL_ENCUADERNAR, DESGASTE) values (735, 1, 500, 500000, 280000, 330000, 6, 0.027); 
 
insert into literales (LITERALID, IDIOMAID, LITERAL) values (20735, 1, 'Vita Sancti Loys Berytusensis'); 
insert into literales (LITERALID, IDIOMAID, LITERAL) values (30735, 1, 'El abad Gracyen de Sidon elaboro esta hagiografia sobre San Loys de Beirut'); 


INSERT INTO `libro` (`LIBROID`,`TIPO_LIBROID`,`ABADIAID`,`FECHA_CREACION`,`FECHA_ADQUISICION`,`ESTADO`,`IDIOMAID`,`PAGINAS_COPIADAS`,`PRECIO_COPIA`) VALUES (NULL,'736','1000027430','1164-01-01','1164-01-01','2','22','500','300000'); 
 
insert into libro_tipo (TIPO_LIBROID, LITERALID, DESCRIPCIONID, DESCRIPCION, COPIABLE, GRAFICO) values (736, 20736, 30736, 'Historia Episcopi Demetrius Iophaensis' , 1, 'biblia'); 
 
insert into libro_nivel (TIPO_LIBROID, NIVEL, PAGINAS, PUNTUACION, PRECIO_MIN, PRECIO_MAX, CTD_PIEL_ENCUADERNAR, DESGASTE) values (736, 1, 500, 500000, 280000, 330000, 6, 0.027); 
 
insert into literales (LITERALID, IDIOMAID, LITERAL) values (20736, 1, 'Historia Episcopi Demetrius Iophaensis'); 
insert into literales (LITERALID, IDIOMAID, LITERAL) values (30736, 1, 'El fraile dominico Isaias de Tiberias relata el episcopado de Su Ilustrisima Demetrios de Jaffa'); 
 

INSERT INTO `libro` (`LIBROID`,`TIPO_LIBROID`,`ABADIAID`,`FECHA_CREACION`,`FECHA_ADQUISICION`,`ESTADO`,`IDIOMAID`,`PAGINAS_COPIADAS`,`PRECIO_COPIA`) VALUES (NULL,'737','1000027430','1164-01-01','1164-01-01','2','22','500','300000'); 
 
insert into libro_tipo (TIPO_LIBROID, LITERALID, DESCRIPCIONID, DESCRIPCION, COPIABLE, GRAFICO) values (737, 20737, 30737, 'Historia Episcopi Gerasimos Hierosolymensis' , 1, 'biblia'); 
 
insert into libro_nivel (TIPO_LIBROID, NIVEL, PAGINAS, PUNTUACION, PRECIO_MIN, PRECIO_MAX, CTD_PIEL_ENCUADERNAR, DESGASTE) values (737, 1, 500, 500000, 280000, 330000, 6, 0.027); 
 
insert into literales (LITERALID, IDIOMAID, LITERAL) values (20737, 1, 'Historia Episcopi Gerasimos Hierosolymensis'); 
insert into literales (LITERALID, IDIOMAID, LITERAL) values (30737, 1, 'El monje Ionannes de Acre narra en esta obra el episcopado de Su Ilutrisima Gerasimos de Jerusalen'); 


INSERT INTO `libro` (`LIBROID`,`TIPO_LIBROID`,`ABADIAID`,`FECHA_CREACION`,`FECHA_ADQUISICION`,`ESTADO`,`IDIOMAID`,`PAGINAS_COPIADAS`,`PRECIO_COPIA`) VALUES (NULL,'738','6600','1164-01-01','1164-01-01','2','32','500','300000'); 
 
insert into libro_tipo (TIPO_LIBROID, LITERALID, DESCRIPCIONID, DESCRIPCION, COPIABLE, GRAFICO) values (738, 20738, 30738, 'Vita Sancti Ignatius Antioquensis' , 1, 'biblia'); 
 
insert into libro_nivel (TIPO_LIBROID, NIVEL, PAGINAS, PUNTUACION, PRECIO_MIN, PRECIO_MAX, CTD_PIEL_ENCUADERNAR, DESGASTE) values (738, 1, 500, 500000, 280000, 330000, 6, 0.027); 
 
insert into literales (LITERALID, IDIOMAID, LITERAL) values (20738, 1, 'Vita Sancti Ignatius Antioquensis'); 
insert into literales (LITERALID, IDIOMAID, LITERAL) values (30738, 1, 'El monje Gernandus de Alexandretta redacto la hagiografia de San Ignacio de Antioquia'); 

 

INSERT INTO `libro` (`LIBROID`,`TIPO_LIBROID`,`ABADIAID`,`FECHA_CREACION`,`FECHA_ADQUISICION`,`ESTADO`,`IDIOMAID`,`PAGINAS_COPIADAS`,`PRECIO_COPIA`) VALUES (NULL,'739','6600','1164-01-01','1164-01-01','2','32','500','300000'); 
 
insert into libro_tipo (TIPO_LIBROID, LITERALID, DESCRIPCIONID, DESCRIPCION, COPIABLE, GRAFICO) values (739, 20739, 30739, 'Libelus Cardinalis Wortwinus Antioquensis' , 1, 'biblia'); 
 
insert into libro_nivel (TIPO_LIBROID, NIVEL, PAGINAS, PUNTUACION, PRECIO_MIN, PRECIO_MAX, CTD_PIEL_ENCUADERNAR, DESGASTE) values (739, 1, 500, 500000, 280000, 330000, 6, 0.027); 
 
insert into literales (LITERALID, IDIOMAID, LITERAL) values (20739, 1, 'Libelus Cardinalis Wortwinus Antioquensis'); 
insert into literales (LITERALID, IDIOMAID, LITERAL) values (30739, 1, 'El fraile Didericus de Tortosa relata en esta obra el cardenalato de Su Eminencia Reverendisima Wortwinus de Antioquia'); 


INSERT INTO `libro` (`LIBROID`,`TIPO_LIBROID`,`ABADIAID`,`FECHA_CREACION`,`FECHA_ADQUISICION`,`ESTADO`,`IDIOMAID`,`PAGINAS_COPIADAS`,`PRECIO_COPIA`) VALUES (NULL,'740','1000028034','1164-01-01','1164-01-01','2','30','500','300000'); 
 
insert into libro_tipo (TIPO_LIBROID, LITERALID, DESCRIPCIONID, DESCRIPCION, COPIABLE, GRAFICO) values (740, 20740, 30740, 'Vita Sancti Salis Longariumensis' , 1, 'biblia'); 
 
insert into libro_nivel (TIPO_LIBROID, NIVEL, PAGINAS, PUNTUACION, PRECIO_MIN, PRECIO_MAX, CTD_PIEL_ENCUADERNAR, DESGASTE) values (740, 1, 500, 500000, 280000, 330000, 6, 0.027); 
 
insert into literales (LITERALID, IDIOMAID, LITERAL) values (20740, 1, 'Vita Sancti Salis Longariumensis'); 
insert into literales (LITERALID, IDIOMAID, LITERAL) values (30740, 1, 'El abad benedictino Borgo de Siracusa escribió esta hagiografia sobre San Sali de Segesta'); 

 

INSERT INTO `libro` (`LIBROID`,`TIPO_LIBROID`,`ABADIAID`,`FECHA_CREACION`,`FECHA_ADQUISICION`,`ESTADO`,`IDIOMAID`,`PAGINAS_COPIADAS`,`PRECIO_COPIA`) VALUES (NULL,'741','1000028034','1164-01-01','1164-01-01','2','30','500','300000'); 
 
insert into libro_tipo (TIPO_LIBROID, LITERALID, DESCRIPCIONID, DESCRIPCION, COPIABLE, GRAFICO) values (741, 20741, 30741, 'Historia Espiscopi Sancti Tellinus Panormuensis' , 1, 'biblia'); 
 
insert into libro_nivel (TIPO_LIBROID, NIVEL, PAGINAS, PUNTUACION, PRECIO_MIN, PRECIO_MAX, CTD_PIEL_ENCUADERNAR, DESGASTE) values (741, 1, 500, 500000, 280000, 330000, 6, 0.027); 
 
insert into literales (LITERALID, IDIOMAID, LITERAL) values (20741, 1, 'Historia Espiscopi Sancti Tellinus Panormuensis'); 
insert into literales (LITERALID, IDIOMAID, LITERAL) values (30741, 1, 'El monje Brando de Catania relata en esta obra el episcopado de Su Ilustrisima San Tellino de Palermo'); 


INSERT INTO `libro` (`LIBROID`,`TIPO_LIBROID`,`ABADIAID`,`FECHA_CREACION`,`FECHA_ADQUISICION`,`ESTADO`,`IDIOMAID`,`PAGINAS_COPIADAS`,`PRECIO_COPIA`) VALUES (NULL,'742','1000014783','1164-01-01','1164-01-01','2','21','500','300000'); 
 
insert into libro_tipo (TIPO_LIBROID, LITERALID, DESCRIPCIONID, DESCRIPCION, COPIABLE, GRAFICO) values (742, 20742, 30742, 'Libelus Cardinalis Domenicus Buxentunensis' , 1, 'biblia'); 
 
insert into libro_nivel (TIPO_LIBROID, NIVEL, PAGINAS, PUNTUACION, PRECIO_MIN, PRECIO_MAX, CTD_PIEL_ENCUADERNAR, DESGASTE) values (742, 1, 500, 500000, 280000, 330000, 6, 0.027); 
 
insert into literales (LITERALID, IDIOMAID, LITERAL) values (20742, 1, 'Libelus Cardinalis Domenicus Buxentunensis'); 
insert into literales (LITERALID, IDIOMAID, LITERAL) values (30742, 1, 'El monje Chele de Diria relata en esta obra el cardenalato de Su Eminencia Reverendisima Domenico de Policastro'); 

 

 

INSERT INTO `libro` (`LIBROID`,`TIPO_LIBROID`,`ABADIAID`,`FECHA_CREACION`,`FECHA_ADQUISICION`,`ESTADO`,`IDIOMAID`,`PAGINAS_COPIADAS`,`PRECIO_COPIA`) VALUES (NULL,'743','1000014783','1164-01-01','1164-01-01','2','21','500','300000'); 
 
insert into libro_tipo (TIPO_LIBROID, LITERALID, DESCRIPCIONID, DESCRIPCION, COPIABLE, GRAFICO) values (743, 20743, 30743, 'Vita Sancti Neridonatus Odruntumensis' , 1, 'biblia'); 
 
insert into libro_nivel (TIPO_LIBROID, NIVEL, PAGINAS, PUNTUACION, PRECIO_MIN, PRECIO_MAX, CTD_PIEL_ENCUADERNAR, DESGASTE) values (743, 1, 500, 500000, 280000, 330000, 6, 0.027); 
 
insert into literales (LITERALID, IDIOMAID, LITERAL) values (20743, 1, 'Vita Sancti Neridonatus Odruntumensis'); 
insert into literales (LITERALID, IDIOMAID, LITERAL) values (30743, 1, 'El monje Cionetto de Ostuni escribió esta hagiografia sobre San Neridotano de Otranto'); 

 
INSERT INTO `libro` (`LIBROID`,`TIPO_LIBROID`,`ABADIAID`,`FECHA_CREACION`,`FECHA_ADQUISICION`,`ESTADO`,`IDIOMAID`,`PAGINAS_COPIADAS`,`PRECIO_COPIA`) VALUES (NULL,'744','1000006126','1164-01-01','1164-01-01','2','25','500','300000'); 
 
insert into libro_tipo (TIPO_LIBROID, LITERALID, DESCRIPCIONID, DESCRIPCION, COPIABLE, GRAFICO) values (744, 20744, 30744, 'Historia Episcopi Adimarus Neapoliensis' , 1, 'biblia'); 
 
insert into libro_nivel (TIPO_LIBROID, NIVEL, PAGINAS, PUNTUACION, PRECIO_MIN, PRECIO_MAX, CTD_PIEL_ENCUADERNAR, DESGASTE) values (744, 1, 500, 500000, 280000, 330000, 6, 0.027); 
 
insert into literales (LITERALID, IDIOMAID, LITERAL) values (20744, 1, 'Historia Episcopi Adimarus Neapoliensis'); 
insert into literales (LITERALID, IDIOMAID, LITERAL) values (30744, 1, 'El monje franciscano Baldessino de Amalfi narra en esta obra el episcopado de Su Ilustrisima Adimari de Napoles'); 
 
 
 

INSERT INTO `libro` (`LIBROID`,`TIPO_LIBROID`,`ABADIAID`,`FECHA_CREACION`,`FECHA_ADQUISICION`,`ESTADO`,`IDIOMAID`,`PAGINAS_COPIADAS`,`PRECIO_COPIA`) VALUES (NULL,'745','1000006126','1164-01-01','1164-01-01','2','25','500','300000'); 
 
insert into libro_tipo (TIPO_LIBROID, LITERALID, DESCRIPCIONID, DESCRIPCION, COPIABLE, GRAFICO) values (745, 20745, 30745, 'Historia Episcopi Georgius Surrentunensis' , 1, 'biblia'); 
 
insert into libro_nivel (TIPO_LIBROID, NIVEL, PAGINAS, PUNTUACION, PRECIO_MIN, PRECIO_MAX, CTD_PIEL_ENCUADERNAR, DESGASTE) values (745, 1, 500, 500000, 280000, 330000, 6, 0.027); 
 
insert into literales (LITERALID, IDIOMAID, LITERAL) values (20745, 1, 'Historia Episcopi Georgius Surrentunensis'); 
insert into literales (LITERALID, IDIOMAID, LITERAL) values (30745, 1, 'El monje Pinuccio de Napoles relata en esta obra el episcopado de Su Ilustrisima Giorgio de Sorrento'); 
 

INSERT INTO `libro` (`LIBROID`,`TIPO_LIBROID`,`ABADIAID`,`FECHA_CREACION`,`FECHA_ADQUISICION`,`ESTADO`,`IDIOMAID`,`PAGINAS_COPIADAS`,`PRECIO_COPIA`) VALUES (NULL,'746','1000025391','1164-01-01','1164-01-01','2','25','500','300000'); 
 
insert into libro_tipo (TIPO_LIBROID, LITERALID, DESCRIPCIONID, DESCRIPCION, COPIABLE, GRAFICO) values (746, 20746, 30746, 'Historia Episcopi Sancti Fruosinus Albanensis' , 1, 'biblia'); 
 
insert into libro_nivel (TIPO_LIBROID, NIVEL, PAGINAS, PUNTUACION, PRECIO_MIN, PRECIO_MAX, CTD_PIEL_ENCUADERNAR, DESGASTE) values (746, 1, 500, 500000, 280000, 330000, 6, 0.027); 
 
insert into literales (LITERALID, IDIOMAID, LITERAL) values (20746, 1, 'Historia Episcopi Sancti Fruosinus Albanensis'); 
insert into literales (LITERALID, IDIOMAID, LITERAL) values (30746, 1, 'El monje dominico Ghiberto de Roma relata en esta obra el episcopado de Su Ilustrisima San Fruosino de Albano'); 


INSERT INTO `libro` (`LIBROID`,`TIPO_LIBROID`,`ABADIAID`,`FECHA_CREACION`,`FECHA_ADQUISICION`,`ESTADO`,`IDIOMAID`,`PAGINAS_COPIADAS`,`PRECIO_COPIA`) VALUES (NULL,'747','1000025391','1164-01-01','1164-01-01','2','25','500','300000'); 
 
insert into libro_tipo (TIPO_LIBROID, LITERALID, DESCRIPCIONID, DESCRIPCION, COPIABLE, GRAFICO) values (747, 20747, 30747, 'Historia Episcopi Baroncellus Urbevetanensisi' , 1, 'biblia'); 
 
insert into libro_nivel (TIPO_LIBROID, NIVEL, PAGINAS, PUNTUACION, PRECIO_MIN, PRECIO_MAX, CTD_PIEL_ENCUADERNAR, DESGASTE) values (747, 1, 500, 500000, 280000, 330000, 6, 0.027); 
 
insert into literales (LITERALID, IDIOMAID, LITERAL) values (20747, 1, 'Historia Episcopi Baroncellus Urbevetanensis'); 
insert into literales (LITERALID, IDIOMAID, LITERAL) values (30747, 1, 'El abad Medico de Frascati narra en esta obra el episcopado de Su Ilustrisima Baroncello de Orvieto'); 
 


INSERT INTO `libro` (`LIBROID`,`TIPO_LIBROID`,`ABADIAID`,`FECHA_CREACION`,`FECHA_ADQUISICION`,`ESTADO`,`IDIOMAID`,`PAGINAS_COPIADAS`,`PRECIO_COPIA`) VALUES (NULL,'748','1000002535','1164-01-01','1164-01-01','2','25','500','300000'); 
 
insert into libro_tipo (TIPO_LIBROID, LITERALID, DESCRIPCIONID, DESCRIPCION, COPIABLE, GRAFICO) values (748, 20748, 30748, 'Vita Sancti Marcellinus Anconitaniensis' , 1, 'biblia'); 
 
insert into libro_nivel (TIPO_LIBROID, NIVEL, PAGINAS, PUNTUACION, PRECIO_MIN, PRECIO_MAX, CTD_PIEL_ENCUADERNAR, DESGASTE) values (748, 1, 500, 500000, 280000, 330000, 6, 0.027); 
 
insert into literales (LITERALID, IDIOMAID, LITERAL) values (20748, 1, 'Vita Sancti Marcellinus Anconitaniensis'); 
insert into literales (LITERALID, IDIOMAID, LITERAL) values (30748, 1, 'El abad Casino de Spoleto escribió esta hagiografia sobre San Marcellino de Ancona');

INSERT INTO `libro` (`LIBROID`,`TIPO_LIBROID`,`ABADIAID`,`FECHA_CREACION`,`FECHA_ADQUISICION`,`ESTADO`,`IDIOMAID`,`PAGINAS_COPIADAS`,`PRECIO_COPIA`) VALUES (NULL,'749','1000002535','1164-01-01','1164-01-01','2','25','500','300000'); 
 
insert into libro_tipo (TIPO_LIBROID, LITERALID, DESCRIPCIONID, DESCRIPCION, COPIABLE, GRAFICO) values (749, 20749, 30749, 'Historia Episcopi Ioannes Lodovicus Ariminumensis' , 1, 'biblia'); 
 
insert into libro_nivel (TIPO_LIBROID, NIVEL, PAGINAS, PUNTUACION, PRECIO_MIN, PRECIO_MAX, CTD_PIEL_ENCUADERNAR, DESGASTE) values (749, 1, 500, 500000, 280000, 330000, 6, 0.027); 
 
insert into literales (LITERALID, IDIOMAID, LITERAL) values (20749, 1, 'Historia Episcopi Ioannes Lodovicus Ariminumensis'); 
insert into literales (LITERALID, IDIOMAID, LITERAL) values (30749, 1, 'El monje Griso de Gubbio relata en esta obra el episcopado de Su Ilustrisima Gianlodovico de Rimini');


INSERT INTO `libro` (`LIBROID`,`TIPO_LIBROID`,`ABADIAID`,`FECHA_CREACION`,`FECHA_ADQUISICION`,`ESTADO`,`IDIOMAID`,`PAGINAS_COPIADAS`,`PRECIO_COPIA`) VALUES (NULL,'750',' 1000014053','1164-01-01','1164-01-01','2','17','500','300000'); 
 
insert into libro_tipo (TIPO_LIBROID, LITERALID, DESCRIPCIONID, DESCRIPCION, COPIABLE, GRAFICO) values (750, 20750, 30750, 'Historia Episcopi Flann Drumorensis' , 1, 'biblia'); 
 
insert into libro_nivel (TIPO_LIBROID, NIVEL, PAGINAS, PUNTUACION, PRECIO_MIN, PRECIO_MAX, CTD_PIEL_ENCUADERNAR, DESGASTE) values (750, 1, 500, 500000, 280000, 330000, 6, 0.027); 
 
insert into literales (LITERALID, IDIOMAID, LITERAL) values (20750, 1, 'Historia Episcopi Flann Drumorensis'); 
insert into literales (LITERALID, IDIOMAID, LITERAL) values (30750, 1, 'El abad Becc de Clagher relata en esta obra el episcopado de Su Ilustrisima Flann de Dromore');

 

INSERT INTO `libro` (`LIBROID`,`TIPO_LIBROID`,`ABADIAID`,`FECHA_CREACION`,`FECHA_ADQUISICION`,`ESTADO`,`IDIOMAID`,`PAGINAS_COPIADAS`,`PRECIO_COPIA`) VALUES (NULL,'751',' 1000014053','1164-01-01','1164-01-01','2','17','500','300000'); 
 
insert into libro_tipo (TIPO_LIBROID, LITERALID, DESCRIPCIONID, DESCRIPCION, COPIABLE, GRAFICO) values (751, 20751, 30751, 'Historia Episcopi Aed Rathbotensis' , 1, 'biblia'); 
 
insert into libro_nivel (TIPO_LIBROID, NIVEL, PAGINAS, PUNTUACION, PRECIO_MIN, PRECIO_MAX, CTD_PIEL_ENCUADERNAR, DESGASTE) values (751, 1, 500, 500000, 280000, 330000, 6, 0.027); 
 
insert into literales (LITERALID, IDIOMAID, LITERAL) values (20751, 1, 'Historia Episcopi Aed Rathbotensis'); 
insert into literales (LITERALID, IDIOMAID, LITERAL) values (30751, 1, 'El monje dominico Artt de Connor  narra en esta obra el episcopado de Su Ilustrisima Aed de Raphoe');


INSERT INTO `libro` (`LIBROID`,`TIPO_LIBROID`,`ABADIAID`,`FECHA_CREACION`,`FECHA_ADQUISICION`,`ESTADO`,`IDIOMAID`,`PAGINAS_COPIADAS`,`PRECIO_COPIA`) VALUES (NULL,'752','3948','1164-01-01','1164-01-01','2','17','500','300000'); 
 
insert into libro_tipo (TIPO_LIBROID, LITERALID, DESCRIPCIONID, DESCRIPCION, COPIABLE, GRAFICO) values (752, 20752, 30752, 'Libelus Cardenalis Cuannus Cashelensis' , 1, 'biblia'); 
 
insert into libro_nivel (TIPO_LIBROID, NIVEL, PAGINAS, PUNTUACION, PRECIO_MIN, PRECIO_MAX, CTD_PIEL_ENCUADERNAR, DESGASTE) values (752, 1, 500, 500000, 280000, 330000, 6, 0.027); 
 
insert into literales (LITERALID, IDIOMAID, LITERAL) values (20752, 1, 'Libelus Cardenalis Cuannus Cashelensis'); 
insert into literales (LITERALID, IDIOMAID, LITERAL) values (30752, 1, 'El monje Cairpre de Kilkenny relata en esta obra el cardenalato de Su Eminencia Reverendisima Cuan de Cashel');

 

INSERT INTO `libro` (`LIBROID`,`TIPO_LIBROID`,`ABADIAID`,`FECHA_CREACION`,`FECHA_ADQUISICION`,`ESTADO`,`IDIOMAID`,`PAGINAS_COPIADAS`,`PRECIO_COPIA`) VALUES (NULL,'753','3948','1164-01-01','1164-01-01','2','17','500','300000'); 
 
insert into libro_tipo (TIPO_LIBROID, LITERALID, DESCRIPCIONID, DESCRIPCION, COPIABLE, GRAFICO) values (753, 20753, 30753, 'Vita Sancti Baetanus Achatensis' , 1, 'biblia'); 
 
insert into libro_nivel (TIPO_LIBROID, NIVEL, PAGINAS, PUNTUACION, PRECIO_MIN, PRECIO_MAX, CTD_PIEL_ENCUADERNAR, DESGASTE) values (753, 1, 500, 500000, 280000, 330000, 6, 0.027); 
 
insert into literales (LITERALID, IDIOMAID, LITERAL) values (20753, 1, 'Vita Sancti Baetanus Achatensis'); 
insert into literales (LITERALID, IDIOMAID, LITERAL) values (30753, 1, 'El monje cartujo Eochu de Cloyne  escribió la hagiografia de San Baetan de Aghadore');

INSERT INTO `libro` (`LIBROID`,`TIPO_LIBROID`,`ABADIAID`,`FECHA_CREACION`,`FECHA_ADQUISICION`,`ESTADO`,`IDIOMAID`,`PAGINAS_COPIADAS`,`PRECIO_COPIA`) VALUES (NULL,'754',' 1000000719','1164-01-01','1164-01-01','2','17','500','300000'); 
 
insert into libro_tipo (TIPO_LIBROID, LITERALID, DESCRIPCIONID, DESCRIPCION, COPIABLE, GRAFICO) values (754, 20754, 30754, 'Historia Episcopi Beccius Magionensis' , 1, 'biblia'); 
 
insert into libro_nivel (TIPO_LIBROID, NIVEL, PAGINAS, PUNTUACION, PRECIO_MIN, PRECIO_MAX, CTD_PIEL_ENCUADERNAR, DESGASTE) values (754, 1, 500, 500000, 280000, 330000, 6, 0.027); 
 
insert into literales (LITERALID, IDIOMAID, LITERAL) values (20754, 1, 'Historia Episcopi Beccius Magionensis'); 
insert into literales (LITERALID, IDIOMAID, LITERAL) values (30754, 1, 'El abad dominico Broccan de Elpla relata en esta obra el episcopado de Su Ilustrisima Becc de Mayo');

INSERT INTO `libro` (`LIBROID`,`TIPO_LIBROID`,`ABADIAID`,`FECHA_CREACION`,`FECHA_ADQUISICION`,`ESTADO`,`IDIOMAID`,`PAGINAS_COPIADAS`,`PRECIO_COPIA`) VALUES (NULL,'755',' 1000000719','1164-01-01','1164-01-01','2','17','500','300000'); 
 
insert into libro_tipo (TIPO_LIBROID, LITERALID, DESCRIPCIONID, DESCRIPCION, COPIABLE, GRAFICO) values (755, 20755, 30755, 'Vita Sancti Fogartachius Magionensis' , 1, 'biblia'); 
 
insert into libro_nivel (TIPO_LIBROID, NIVEL, PAGINAS, PUNTUACION, PRECIO_MIN, PRECIO_MAX, CTD_PIEL_ENCUADERNAR, DESGASTE) values (755, 1, 500, 500000, 280000, 330000, 6, 0.027); 
 
insert into literales (LITERALID, IDIOMAID, LITERAL) values (20755, 1, 'Vita Sancti Fogartachius Magionensis'); 
insert into literales (LITERALID, IDIOMAID, LITERAL) values (30755, 1, 'El fraile  Colcu de Clomnacnoise escribió esta hagiografia sobre San Fogartach de Mayo');


INSERT INTO `libro` (`LIBROID`,`TIPO_LIBROID`,`ABADIAID`,`FECHA_CREACION`,`FECHA_ADQUISICION`,`ESTADO`,`IDIOMAID`,`PAGINAS_COPIADAS`,`PRECIO_COPIA`) VALUES (NULL,'756',' 1000012718','1164-01-01','1164-01-01','2','17','500','300000'); 
 
insert into libro_tipo (TIPO_LIBROID, LITERALID, DESCRIPCIONID, DESCRIPCION, COPIABLE, GRAFICO) values (756, 20756, 30756, 'Historia Episcopi Dunchadus Athrumenimensis' , 1, 'biblia'); 
 
insert into libro_nivel (TIPO_LIBROID, NIVEL, PAGINAS, PUNTUACION, PRECIO_MIN, PRECIO_MAX, CTD_PIEL_ENCUADERNAR, DESGASTE) values (756, 1, 500, 500000, 280000, 330000, 6, 0.027); 
 
insert into literales (LITERALID, IDIOMAID, LITERAL) values (20756, 1, 'Historia Episcopi Dunchadus Athrumenimensis'); 
insert into literales (LITERALID, IDIOMAID, LITERAL) values (30756, 1, 'El monje Faelan de Ardagh narra el episcopado de Su Ilustrisima Dunchad de Trim');

 

INSERT INTO `libro` (`LIBROID`,`TIPO_LIBROID`,`ABADIAID`,`FECHA_CREACION`,`FECHA_ADQUISICION`,`ESTADO`,`IDIOMAID`,`PAGINAS_COPIADAS`,`PRECIO_COPIA`) VALUES (NULL,'757',' 1000012718','1164-01-01','1164-01-01','2','17','500','300000'); 
 
insert into libro_tipo (TIPO_LIBROID, LITERALID, DESCRIPCIONID, DESCRIPCION, COPIABLE, GRAFICO) values (757, 20757, 30757, 'Vita  Sancti Conladus Kilmorenensis' , 1, 'biblia'); 
 
insert into libro_nivel (TIPO_LIBROID, NIVEL, PAGINAS, PUNTUACION, PRECIO_MIN, PRECIO_MAX, CTD_PIEL_ENCUADERNAR, DESGASTE) values (757, 1, 500, 500000, 280000, 330000, 6, 0.027); 
 
insert into literales (LITERALID, IDIOMAID, LITERAL) values (20757, 1, 'Vita  Sancti Conladus Kilmorenensis'); 
insert into literales (LITERALID, IDIOMAID, LITERAL) values (30757, 1, 'El monje benedictino Imchad de Ferns escribió esta hagiografia sobre San Conlae de Kilmore');