INSERT INTO `libro` (`LIBROID`,`TIPO_LIBROID`,`ABADIAID`,`FECHA_CREACION`,`FECHA_ADQUISICION`,`ESTADO`,`IDIOMAID`,`PAGINAS_COPIADAS`,`PRECIO_COPIA`) VALUES (NULL,'419','1000029254','1164-01-01','1164-01-01','2','18','500','400000');

insert into libro_tipo (TIPO_LIBROID, LITERALID, DESCRIPCIONID, DESCRIPCION, COPIABLE, GRAFICO) values (419, 20419, 30419, 'Liber Marabilia Mundi' , 1, 'biblia');

insert into libro_nivel (TIPO_LIBROID, NIVEL, PAGINAS, PUNTUACION, PRECIO_MIN, PRECIO_MAX, CTD_PIEL_ENCUADERNAR, DESGASTE) values (419, 1, 500, 500000, 280000, 330000, 6, 0.027);

insert into literales (LITERALID, IDIOMAID, LITERAL) values (20419, 1, 'Liber Marabilia Mundi');
insert into literales (LITERALID, IDIOMAID, LITERAL) values (30419, 1, 'Escrito por Jehan de Mandeville, realata los viajes realizados por Egipto, Asía y China');

INSERT INTO `libro` (`LIBROID`,`TIPO_LIBROID`,`ABADIAID`,`FECHA_CREACION`,`FECHA_ADQUISICION`,`ESTADO`,`IDIOMAID`,`PAGINAS_COPIADAS`,`PRECIO_COPIA`) VALUES (NULL,'420','1000016567','1164-01-01','1164-01-01','2','21','500','400000');

insert into libro_tipo (TIPO_LIBROID, LITERALID, DESCRIPCIONID, DESCRIPCION, COPIABLE, GRAFICO) values (420, 20420, 30420, ' Gesta Normannorum Ducum' , 1, 'biblia');

insert into libro_nivel (TIPO_LIBROID, NIVEL, PAGINAS, PUNTUACION, PRECIO_MIN, PRECIO_MAX, CTD_PIEL_ENCUADERNAR, DESGASTE) values (420, 1, 500, 500000, 280000, 330000, 6, 0.027);

insert into literales (LITERALID, IDIOMAID, LITERAL) values (20420, 1, ' Gesta Normannorum Ducum');
insert into literales (LITERALID, IDIOMAID, LITERAL) values (30420, 1, 'Escrito por el monje anglo-normando William de Jumieges relata la historia de los duques de Normandia');

INSERT INTO `libro` (`LIBROID`,`TIPO_LIBROID`,`ABADIAID`,`FECHA_CREACION`,`FECHA_ADQUISICION`,`ESTADO`,`IDIOMAID`,`PAGINAS_COPIADAS`,`PRECIO_COPIA`) VALUES (NULL,'421','1000032334','1164-01-01','1164-01-01','2','21','500','400000');

insert into libro_tipo (TIPO_LIBROID, LITERALID, DESCRIPCIONID, DESCRIPCION, COPIABLE, GRAFICO) values (421, 20421, 30421, 'La Chanson de Roland' , 1, 'biblia');

insert into libro_nivel (TIPO_LIBROID, NIVEL, PAGINAS, PUNTUACION, PRECIO_MIN, PRECIO_MAX, CTD_PIEL_ENCUADERNAR, DESGASTE) values (421, 1, 500, 500000, 280000, 330000, 6, 0.027);

insert into literales (LITERALID, IDIOMAID, LITERAL) values (20421, 1, 'La Chanson de Roland');
insert into literales (LITERALID, IDIOMAID, LITERAL) values (30421, 1, 'Atribuido al monje Turoldo, es un cantar de gesta que narra la Batalla de Roncesvalles');

INSERT INTO `libro` (`LIBROID`,`TIPO_LIBROID`,`ABADIAID`,`FECHA_CREACION`,`FECHA_ADQUISICION`,`ESTADO`,`IDIOMAID`,`PAGINAS_COPIADAS`,`PRECIO_COPIA`) VALUES (NULL,'422',' 4840','1164-01-01','1164-01-01','2','20','500','400000');

insert into libro_tipo (TIPO_LIBROID, LITERALID, DESCRIPCIONID, DESCRIPCION, COPIABLE, GRAFICO) values (422, 20422, 30422, 'Mirabilia Descripta' , 1, 'biblia');

insert into libro_nivel (TIPO_LIBROID, NIVEL, PAGINAS, PUNTUACION, PRECIO_MIN, PRECIO_MAX, CTD_PIEL_ENCUADERNAR, DESGASTE) values (422, 1, 500, 500000, 280000, 330000, 6, 0.027);

insert into literales (LITERALID, IDIOMAID, LITERAL) values (20422, 1, 'Mirabilia Descripta');
insert into literales (LITERALID, IDIOMAID, LITERAL) values (30422, 1, 'Escrito por Jourdain Catala de Severac constituye la mejor descripción medieval de la India');

INSERT INTO `libro` (`LIBROID`,`TIPO_LIBROID`,`ABADIAID`,`FECHA_CREACION`,`FECHA_ADQUISICION`,`ESTADO`,`IDIOMAID`,`PAGINAS_COPIADAS`,`PRECIO_COPIA`) VALUES (NULL,'423','1000005460','1164-01-01','1164-01-01','2','24','500','400000');

insert into libro_tipo (TIPO_LIBROID, LITERALID, DESCRIPCIONID, DESCRIPCION, COPIABLE, GRAFICO) values (423, 20423, 30423, 'Le Carros' , 1, 'biblia');

insert into libro_nivel (TIPO_LIBROID, NIVEL, PAGINAS, PUNTUACION, PRECIO_MIN, PRECIO_MAX, CTD_PIEL_ENCUADERNAR, DESGASTE) values (423, 1, 500, 500000, 280000, 330000, 6, 0.027);

insert into literales (LITERALID, IDIOMAID, LITERAL) values (20423, 1, 'Le Carros');
insert into literales (LITERALID, IDIOMAID, LITERAL) values (30423, 1, 'Compuesto por Raimbaut de Vaqueiras en 1201 es un poema lirico y épico que narra una guerra de damas');

INSERT INTO `libro` (`LIBROID`,`TIPO_LIBROID`,`ABADIAID`,`FECHA_CREACION`,`FECHA_ADQUISICION`,`ESTADO`,`IDIOMAID`,`PAGINAS_COPIADAS`,`PRECIO_COPIA`) VALUES (NULL,'424','1000008429','1164-01-01','1164-01-01','2','21','500','400000');

insert into libro_tipo (TIPO_LIBROID, LITERALID, DESCRIPCIONID, DESCRIPCION, COPIABLE, GRAFICO) values (424, 20424, 30424, 'Huon de Bordeaux' , 1, 'biblia');

insert into libro_nivel (TIPO_LIBROID, NIVEL, PAGINAS, PUNTUACION, PRECIO_MIN, PRECIO_MAX, CTD_PIEL_ENCUADERNAR, DESGASTE) values (424, 1, 500, 500000, 280000, 330000, 6, 0.027);

insert into literales (LITERALID, IDIOMAID, LITERAL) values (20424, 1, ' Huon de Bordeaux');
insert into literales (LITERALID, IDIOMAID, LITERAL) values (30424, 1, 'Cantar de gesta anónimo del siglo XIII');

INSERT INTO `libro` (`LIBROID`,`TIPO_LIBROID`,`ABADIAID`,`FECHA_CREACION`,`FECHA_ADQUISICION`,`ESTADO`,`IDIOMAID`,`PAGINAS_COPIADAS`,`PRECIO_COPIA`) VALUES (NULL,'425','1000029135','1164-01-01','1164-01-01','2','28','500','400000');

insert into libro_tipo (TIPO_LIBROID, LITERALID, DESCRIPCIONID, DESCRIPCION, COPIABLE, GRAFICO) values (425, 20425, 30425, 'Beowulf' , 1, 'biblia');

insert into libro_nivel (TIPO_LIBROID, NIVEL, PAGINAS, PUNTUACION, PRECIO_MIN, PRECIO_MAX, CTD_PIEL_ENCUADERNAR, DESGASTE) values (425, 1, 500, 500000, 280000, 330000, 6, 0.027);

insert into literales (LITERALID, IDIOMAID, LITERAL) values (20425, 1, 'Beowulf');
insert into literales (LITERALID, IDIOMAID, LITERAL) values (30425, 1, 'Epopeya anglosajona que narra las aventuras de Beowulf sobrino de Hyglac');

INSERT INTO `libro` (`LIBROID`,`TIPO_LIBROID`,`ABADIAID`,`FECHA_CREACION`,`FECHA_ADQUISICION`,`ESTADO`,`IDIOMAID`,`PAGINAS_COPIADAS`,`PRECIO_COPIA`) VALUES (NULL,'426','1000024929','1164-01-01','1164-01-01','2','21','500','400000');

insert into libro_tipo (TIPO_LIBROID, LITERALID, DESCRIPCIONID, DESCRIPCION, COPIABLE, GRAFICO) values (426, 20426, 30426, 'Image du Monde' , 1, 'biblia');

insert into libro_nivel (TIPO_LIBROID, NIVEL, PAGINAS, PUNTUACION, PRECIO_MIN, PRECIO_MAX, CTD_PIEL_ENCUADERNAR, DESGASTE) values (426, 1, 500, 500000, 280000, 330000, 6, 0.027);

insert into literales (LITERALID, IDIOMAID, LITERAL) values (20426, 1, 'Image du Monde');
insert into literales (LITERALID, IDIOMAID, LITERAL) values (30426, 1, 'Obra de Robert de Artois constituye uno de los tratados más antiguos del saber enciclopedico');

INSERT INTO `libro` (`LIBROID`,`TIPO_LIBROID`,`ABADIAID`,`FECHA_CREACION`,`FECHA_ADQUISICION`,`ESTADO`,`IDIOMAID`,`PAGINAS_COPIADAS`,`PRECIO_COPIA`) VALUES (NULL,'427','1000023248','1164-01-01','1164-01-01','2','21','500','400000');

insert into libro_tipo (TIPO_LIBROID, LITERALID, DESCRIPCIONID, DESCRIPCION, COPIABLE, GRAFICO) values (427, 20427, 30427, 'Historia Hierosolymitanae expeditionis' , 1, 'biblia');

insert into libro_nivel (TIPO_LIBROID, NIVEL, PAGINAS, PUNTUACION, PRECIO_MIN, PRECIO_MAX, CTD_PIEL_ENCUADERNAR, DESGASTE) values (427, 1, 500, 500000, 280000, 330000, 6, 0.027);

insert into literales (LITERALID, IDIOMAID, LITERAL) values (20427, 1, 'Historia Hierosolymitanae expeditionis');
insert into literales (LITERALID, IDIOMAID, LITERAL) values (30427, 1, 'Escrito por Alberto de Aix es un fiel relato de la Primera Cruzada incluyendo algunos pasajes legendarios');

INSERT INTO `libro` (`LIBROID`,`TIPO_LIBROID`,`ABADIAID`,`FECHA_CREACION`,`FECHA_ADQUISICION`,`ESTADO`,`IDIOMAID`,`PAGINAS_COPIADAS`,`PRECIO_COPIA`) VALUES (NULL,'428','1000019671','1164-01-01','1164-01-01','2','21','500','400000');

insert into libro_tipo (TIPO_LIBROID, LITERALID, DESCRIPCIONID, DESCRIPCION, COPIABLE, GRAFICO) values (428, 20428, 30428, 'Summa Totius Heresis Saracenorum' , 1, 'biblia');

insert into libro_nivel (TIPO_LIBROID, NIVEL, PAGINAS, PUNTUACION, PRECIO_MIN, PRECIO_MAX, CTD_PIEL_ENCUADERNAR, DESGASTE) values (428, 1, 500, 500000, 280000, 330000, 6, 0.027);

insert into literales (LITERALID, IDIOMAID, LITERAL) values (20428, 1, 'Summa Totius Heresis Saracenorum');
insert into literales (LITERALID, IDIOMAID, LITERAL) values (30428, 1, 'Escrito por Pedro el Venerable en Cluny como demostración de las herejías del Islam');

INSERT INTO `libro` (`LIBROID`,`TIPO_LIBROID`,`ABADIAID`,`FECHA_CREACION`,`FECHA_ADQUISICION`,`ESTADO`,`IDIOMAID`,`PAGINAS_COPIADAS`,`PRECIO_COPIA`) VALUES (NULL,'429','1000025896','1164-01-01','1164-01-01','2','21','500','400000');

insert into libro_tipo (TIPO_LIBROID, LITERALID, DESCRIPCIONID, DESCRIPCION, COPIABLE, GRAFICO) values (429, 20429, 30429, 'Roman de Troie' , 1, 'biblia');

insert into libro_nivel (TIPO_LIBROID, NIVEL, PAGINAS, PUNTUACION, PRECIO_MIN, PRECIO_MAX, CTD_PIEL_ENCUADERNAR, DESGASTE) values (429, 1, 500, 500000, 280000, 330000, 6, 0.027);

insert into literales (LITERALID, IDIOMAID, LITERAL) values (20429, 1, 'Roman de Troie');
insert into literales (LITERALID, IDIOMAID, LITERAL) values (30429, 1, 'Escrito por Benoit de Saint-Maure en el siglo XII narra la guerra de Troya');

INSERT INTO `libro` (`LIBROID`,`TIPO_LIBROID`,`ABADIAID`,`FECHA_CREACION`,`FECHA_ADQUISICION`,`ESTADO`,`IDIOMAID`,`PAGINAS_COPIADAS`,`PRECIO_COPIA`) VALUES (NULL,'430','1000021973','1164-01-01','1164-01-01','2','21','500','400000');

insert into libro_tipo (TIPO_LIBROID, LITERALID, DESCRIPCIONID, DESCRIPCION, COPIABLE, GRAFICO) values (430, 20430, 30430, 'Perceval' , 1, 'biblia');

insert into libro_nivel (TIPO_LIBROID, NIVEL, PAGINAS, PUNTUACION, PRECIO_MIN, PRECIO_MAX, CTD_PIEL_ENCUADERNAR, DESGASTE) values (430, 1, 500, 500000, 280000, 330000, 6, 0.027);

insert into literales (LITERALID, IDIOMAID, LITERAL) values (20430, 1, 'Perceval');
insert into literales (LITERALID, IDIOMAID, LITERAL) values (30430, 1, 'Chretien de Troyes narra la corte del rey Arturo y la búsqueda del Grial');

INSERT INTO `libro` (`LIBROID`,`TIPO_LIBROID`,`ABADIAID`,`FECHA_CREACION`,`FECHA_ADQUISICION`,`ESTADO`,`IDIOMAID`,`PAGINAS_COPIADAS`,`PRECIO_COPIA`) VALUES (NULL,'431','1000001256','1164-01-01','1164-01-01','2','17','500','400000');

insert into libro_tipo (TIPO_LIBROID, LITERALID, DESCRIPCIONID, DESCRIPCION, COPIABLE, GRAFICO) values (431, 20431, 30431, 'Roman de Fergus' , 1, 'biblia');

insert into libro_nivel (TIPO_LIBROID, NIVEL, PAGINAS, PUNTUACION, PRECIO_MIN, PRECIO_MAX, CTD_PIEL_ENCUADERNAR, DESGASTE) values (431, 1, 500, 500000, 280000, 330000, 6, 0.027);

insert into literales (LITERALID, IDIOMAID, LITERAL) values (20431, 1, 'Roman de Fergus');
insert into literales (LITERALID, IDIOMAID, LITERAL) values (30431, 1, 'Escrito por Guillermo el Clerigo narra las aventuras de Fergus en la corte del rey Arturo');

INSERT INTO `libro` (`LIBROID`,`TIPO_LIBROID`,`ABADIAID`,`FECHA_CREACION`,`FECHA_ADQUISICION`,`ESTADO`,`IDIOMAID`,`PAGINAS_COPIADAS`,`PRECIO_COPIA`) VALUES (NULL,'432','1000025922','1164-01-01','1164-01-01','2','17','500','400000');

insert into libro_tipo (TIPO_LIBROID, LITERALID, DESCRIPCIONID, DESCRIPCION, COPIABLE, GRAFICO) values (432, 20432, 30432, 'Orkneyinga Saga' , 1, 'biblia');

insert into libro_nivel (TIPO_LIBROID, NIVEL, PAGINAS, PUNTUACION, PRECIO_MIN, PRECIO_MAX, CTD_PIEL_ENCUADERNAR, DESGASTE) values (432, 1, 500, 500000, 280000, 330000, 6, 0.027);

insert into literales (LITERALID, IDIOMAID, LITERAL) values (20432, 1, 'Orkneyinga Saga');
insert into literales (LITERALID, IDIOMAID, LITERAL) values (30432, 1, 'Escrita sobre el 1.200 por un autor anónimo en lengua islandesa narra la historia de las Islas de Orkney');

INSERT INTO `libro` (`LIBROID`,`TIPO_LIBROID`,`ABADIAID`,`FECHA_CREACION`,`FECHA_ADQUISICION`,`ESTADO`,`IDIOMAID`,`PAGINAS_COPIADAS`,`PRECIO_COPIA`) VALUES (NULL,'433','1000002733','1164-01-01','1164-01-01','2','33','500','400000');

insert into libro_tipo (TIPO_LIBROID, LITERALID, DESCRIPCIONID, DESCRIPCION, COPIABLE, GRAFICO) values (433, 20433, 30433, 'Roman de Tristan' , 1, 'biblia');

insert into libro_nivel (TIPO_LIBROID, NIVEL, PAGINAS, PUNTUACION, PRECIO_MIN, PRECIO_MAX, CTD_PIEL_ENCUADERNAR, DESGASTE) values (433, 1, 500, 500000, 280000, 330000, 6, 0.027);

insert into literales (LITERALID, IDIOMAID, LITERAL) values (20433, 1, 'Roman de Tristan');
insert into literales (LITERALID, IDIOMAID, LITERAL) values (30433, 1, 'Recoge la leyenda bretona de Tristan e Isolda');

INSERT INTO `libro` (`LIBROID`,`TIPO_LIBROID`,`ABADIAID`,`FECHA_CREACION`,`FECHA_ADQUISICION`,`ESTADO`,`IDIOMAID`,`PAGINAS_COPIADAS`,`PRECIO_COPIA`) VALUES (NULL,'434','1000024066','1164-01-01','1164-01-01','2','25','500','400000');

insert into libro_tipo (TIPO_LIBROID, LITERALID, DESCRIPCIONID, DESCRIPCION, COPIABLE, GRAFICO) values (434, 20434, 30434, 'Historia gentis Langobardorum' , 1, 'biblia');

insert into libro_nivel (TIPO_LIBROID, NIVEL, PAGINAS, PUNTUACION, PRECIO_MIN, PRECIO_MAX, CTD_PIEL_ENCUADERNAR, DESGASTE) values (434, 1, 500, 500000, 280000, 330000, 6, 0.027);

insert into literales (LITERALID, IDIOMAID, LITERAL) values (20434, 1, 'Historia gentis Langobardorum');
insert into literales (LITERALID, IDIOMAID, LITERAL) values (30434, 1, 'Obra de Pedro el Diacono que trata la historia de Lombardía hasta la muerte del rey Liutprando');

INSERT INTO `libro` (`LIBROID`,`TIPO_LIBROID`,`ABADIAID`,`FECHA_CREACION`,`FECHA_ADQUISICION`,`ESTADO`,`IDIOMAID`,`PAGINAS_COPIADAS`,`PRECIO_COPIA`) VALUES (NULL,'435','10218','1164-01-01','1164-01-01','2','25','500','400000');

insert into libro_tipo (TIPO_LIBROID, LITERALID, DESCRIPCIONID, DESCRIPCION, COPIABLE, GRAFICO) values (435, 20435, 30435, 'De Rebus Incognitis' , 1, 'biblia');

insert into libro_nivel (TIPO_LIBROID, NIVEL, PAGINAS, PUNTUACION, PRECIO_MIN, PRECIO_MAX, CTD_PIEL_ENCUADERNAR, DESGASTE) values (435, 1, 500, 500000, 280000, 330000, 6, 0.027);

insert into literales (LITERALID, IDIOMAID, LITERAL) values (20435, 1, 'De Rebus Incognitis');
insert into literales (LITERALID, IDIOMAID, LITERAL) values (30435, 1, 'El monje franciscano Odorico de Pordenone narra su viaje hasta la India');

INSERT INTO `libro` (`LIBROID`,`TIPO_LIBROID`,`ABADIAID`,`FECHA_CREACION`,`FECHA_ADQUISICION`,`ESTADO`,`IDIOMAID`,`PAGINAS_COPIADAS`,`PRECIO_COPIA`) VALUES (NULL,'436','1000029509','1164-01-01','1164-01-01','2','25','500','400000');

insert into libro_tipo (TIPO_LIBROID, LITERALID, DESCRIPCIONID, DESCRIPCION, COPIABLE, GRAFICO) values (436, 20436, 30436, 'La Compilacione' , 1, 'biblia');

insert into libro_nivel (TIPO_LIBROID, NIVEL, PAGINAS, PUNTUACION, PRECIO_MIN, PRECIO_MAX, CTD_PIEL_ENCUADERNAR, DESGASTE) values (436, 1, 500, 500000, 280000, 330000, 6, 0.027);

insert into literales (LITERALID, IDIOMAID, LITERAL) values (20436, 1, 'La Compilacione');
insert into literales (LITERALID, IDIOMAID, LITERAL) values (30436, 1, 'Escrito por Rustichello de Pisa narra la historia de los caballeros de la mesa redonda');

INSERT INTO `libro` (`LIBROID`,`TIPO_LIBROID`,`ABADIAID`,`FECHA_CREACION`,`FECHA_ADQUISICION`,`ESTADO`,`IDIOMAID`,`PAGINAS_COPIADAS`,`PRECIO_COPIA`) VALUES (NULL,'437','1000020700','1164-01-01','1164-01-01','2','25','500','400000');

insert into libro_tipo (TIPO_LIBROID, LITERALID, DESCRIPCIONID, DESCRIPCION, COPIABLE, GRAFICO) values (437, 20437, 30437, 'Il Milione' , 1, 'biblia');

insert into libro_nivel (TIPO_LIBROID, NIVEL, PAGINAS, PUNTUACION, PRECIO_MIN, PRECIO_MAX, CTD_PIEL_ENCUADERNAR, DESGASTE) values (437, 1, 500, 500000, 280000, 330000, 6, 0.027);

insert into literales (LITERALID, IDIOMAID, LITERAL) values (20437, 1, 'Il Milione');
insert into literales (LITERALID, IDIOMAID, LITERAL) values (30437, 1, 'Marco Polo dictó sus viajes al escritor Rustichello de Pisa y juntos publicaron El Millon o Los viajes de Marco Polo');

INSERT INTO `libro` (`LIBROID`,`TIPO_LIBROID`,`ABADIAID`,`FECHA_CREACION`,`FECHA_ADQUISICION`,`ESTADO`,`IDIOMAID`,`PAGINAS_COPIADAS`,`PRECIO_COPIA`) VALUES (NULL,'438','1000015579','1164-01-01','1164-01-01','2','15','500','400000');

insert into libro_tipo (TIPO_LIBROID, LITERALID, DESCRIPCIONID, DESCRIPCION, COPIABLE, GRAFICO) values (438, 20438, 30438, 'Commedia' , 1, 'biblia');

insert into libro_nivel (TIPO_LIBROID, NIVEL, PAGINAS, PUNTUACION, PRECIO_MIN, PRECIO_MAX, CTD_PIEL_ENCUADERNAR, DESGASTE) values (438, 1, 500, 500000, 280000, 330000, 6, 0.027);

insert into literales (LITERALID, IDIOMAID, LITERAL) values (20438, 1, 'Commedia');
insert into literales (LITERALID, IDIOMAID, LITERAL) values (30438, 1, 'La Commedia o Divina Comedia escrita por Dante Alighieri es un poema teologico de gran belleza');