insert into literales (LITERALID, IDIOMAID, LITERAL) values (30459, 1, 'Escrito por Cielo d´Alcamo  en el siglo XIII, quien fue uno de los poetas más representativos de la poesía popular juglaresca');



INSERT INTO `libro` (`LIBROID`,`TIPO_LIBROID`,`ABADIAID`,`FECHA_CREACION`,`FECHA_ADQUISICION`,`ESTADO`,`IDIOMAID`,`PAGINAS_COPIADAS`,`PRECIO_COPIA`) VALUES (NULL,'460',1000014783,'1164-01-01','1164-01-01','2','21','500','300000');

insert into libro_tipo (TIPO_LIBROID, LITERALID, DESCRIPCIONID, DESCRIPCION, COPIABLE, GRAFICO) values (460, 20460, 30460, 'Carmen Miserabile' , 1, 'biblia');

insert into libro_nivel (TIPO_LIBROID, NIVEL, PAGINAS, PUNTUACION, PRECIO_MIN, PRECIO_MAX, CTD_PIEL_ENCUADERNAR, DESGASTE) values (460, 1, 500, 500000, 280000, 330000, 6, 0.027);

insert into literales (LITERALID, IDIOMAID, LITERAL) values (20460, 1, 'Carmen Miserabile');
insert into literales (LITERALID, IDIOMAID, LITERAL) values (30460, 1, ' Escrito por Ruggero di Puglia a mediados del siglo XIII. La Canción Triste, es una descripción de la conquista de Transilvania y de la gran llanura húngara por los tártaros');

INSERT INTO `libro` (`LIBROID`,`TIPO_LIBROID`,`ABADIAID`,`FECHA_CREACION`,`FECHA_ADQUISICION`,`ESTADO`,`IDIOMAID`,`PAGINAS_COPIADAS`,`PRECIO_COPIA`) VALUES (NULL,'461','1000006126','1164-01-01','1164-01-01','2','25','500','300000');

insert into libro_tipo (TIPO_LIBROID, LITERALID, DESCRIPCIONID, DESCRIPCION, COPIABLE, GRAFICO) values (461, 20461, 30461, 'Liber de elephancia' , 1, 'biblia');

insert into libro_nivel (TIPO_LIBROID, NIVEL, PAGINAS, PUNTUACION, PRECIO_MIN, PRECIO_MAX, CTD_PIEL_ENCUADERNAR, DESGASTE) values (461, 1, 500, 500000, 280000, 330000, 6, 0.027);

insert into literales (LITERALID, IDIOMAID, LITERAL) values (20461, 1, 'Liber de elephancia');
insert into literales (LITERALID, IDIOMAID, LITERAL) values (30461, 1, 'Escrito po Constantinus Africanus en el siglo XI constituye un importante tratado de medicina sobre la lepra');

INSERT INTO `libro` (`LIBROID`,`TIPO_LIBROID`,`ABADIAID`,`FECHA_CREACION`,`FECHA_ADQUISICION`,`ESTADO`,`IDIOMAID`,`PAGINAS_COPIADAS`,`PRECIO_COPIA`) VALUES (NULL,'462','1000025391','1164-01-01','1164-01-01','2','25','500','300000');

insert into libro_tipo (TIPO_LIBROID, LITERALID, DESCRIPCIONID, DESCRIPCION, COPIABLE, GRAFICO) values (462, 20462, 30462, 'Donatio Constantinii' , 1, 'biblia');

insert into libro_nivel (TIPO_LIBROID, NIVEL, PAGINAS, PUNTUACION, PRECIO_MIN, PRECIO_MAX, CTD_PIEL_ENCUADERNAR, DESGASTE) values (462, 1, 500, 500000, 280000, 330000, 6, 0.027);

insert into literales (LITERALID, IDIOMAID, LITERAL) values (20462, 1, 'Donatio Constantinii ');
insert into literales (LITERALID, IDIOMAID, LITERAL) values (30462, 1, 'La Donación de Constantino es un documento anónimo del siglo VIII al IX que recoge otro documento anterior atribuido al Emperador Constantino  donde se reconoce al Papado como soberano y se le dona la ciudad de Roma, las provincias de Italia y el Imperio Romano de Occidente. Es el texto más importate para la Iglesia medieval, puesto que justifica su dominio espiritual y temporal sobre la casi totalidad de la Península Itálica');
INSERT INTO `libro` (`LIBROID`,`TIPO_LIBROID`,`ABADIAID`,`FECHA_CREACION`,`FECHA_ADQUISICION`,`ESTADO`,`IDIOMAID`,`PAGINAS_COPIADAS`,`PRECIO_COPIA`) VALUES (NULL,'463','1000002535','1164-01-01','1164-01-01','2','25','500','300000');

insert into libro_tipo (TIPO_LIBROID, LITERALID, DESCRIPCIONID, DESCRIPCION, COPIABLE, GRAFICO) values (463, 20463, 30463, 'Ruralia Commoda' , 1, 'biblia');

insert into libro_nivel (TIPO_LIBROID, NIVEL, PAGINAS, PUNTUACION, PRECIO_MIN, PRECIO_MAX, CTD_PIEL_ENCUADERNAR, DESGASTE) values (463, 1, 500, 500000, 280000, 330000, 6, 0.027);

insert into literales (LITERALID, IDIOMAID, LITERAL) values (20463, 1, 'Ruralia Commoda');
insert into literales (LITERALID, IDIOMAID, LITERAL) values (30463, 1, 'Escrito por Pietro di Crescenzi, en el siglo XIV es  un tratado de agricultura considerado el mejor tratado medieval sobre el tema');

