INSERT INTO `libro` (`LIBROID`,`TIPO_LIBROID`,`ABADIAID`,`FECHA_CREACION`,`FECHA_ADQUISICION`,`ESTADO`,`IDIOMAID`,`PAGINAS_COPIADAS`,`PRECIO_COPIA`) VALUES (NULL,'439','6469','1164-01-01','1164-01-01','2','31','500','300000');

insert into libro_tipo (TIPO_LIBROID, LITERALID, DESCRIPCIONID, DESCRIPCION, COPIABLE, GRAFICO) values (439, 20439, 30439, 'Himmelska uppenbarelser' , 1, 'biblia');

insert into libro_nivel (TIPO_LIBROID, NIVEL, PAGINAS, PUNTUACION, PRECIO_MIN, PRECIO_MAX, CTD_PIEL_ENCUADERNAR, DESGASTE) values (439, 1, 500, 500000, 280000, 330000, 6, 0.027);

insert into literales (LITERALID, IDIOMAID, LITERAL) values (20439, 1, 'Himmelska uppenbarelser');
insert into literales (LITERALID, IDIOMAID, LITERAL) values (30439, 1, 'Publicado en 1377, la Revelaciones de Santa Brígida narran la misión de llevar mensajes tanto a políticos como a líderes religiosos de la Santa. También tuvo diálogos con santos y muertos');
INSERT INTO `libro` (`LIBROID`,`TIPO_LIBROID`,`ABADIAID`,`FECHA_CREACION`,`FECHA_ADQUISICION`,`ESTADO`,`IDIOMAID`,`PAGINAS_COPIADAS`,`PRECIO_COPIA`) VALUES (NULL,'440','9984','1164-01-01','1164-01-01','2','21','500','300000');

insert into libro_tipo (TIPO_LIBROID, LITERALID, DESCRIPCIONID, DESCRIPCION, COPIABLE, GRAFICO) values (440, 20440, 30440, ' Kringla Heimsins' , 1, 'biblia');

insert into libro_nivel (TIPO_LIBROID, NIVEL, PAGINAS, PUNTUACION, PRECIO_MIN, PRECIO_MAX, CTD_PIEL_ENCUADERNAR, DESGASTE) values (440, 1, 500, 500000, 280000, 330000, 6, 0.027);

insert into literales (LITERALID, IDIOMAID, LITERAL) values (20440, 1, ' Kringla Heimsins');
insert into literales (LITERALID, IDIOMAID, LITERAL) values (30440, 1, 'Es una colección de 16 relatos que abarca unos cuatro siglos de historia sobre las vidas de los reyes de Noruega, desde su comienzo legendario en la disnastía sueca de las Casa de los Ynglingos hasta la muerte de Eystein Meyla en 1177');
INSERT INTO `libro` (`LIBROID`,`TIPO_LIBROID`,`ABADIAID`,`FECHA_CREACION`,`FECHA_ADQUISICION`,`ESTADO`,`IDIOMAID`,`PAGINAS_COPIADAS`,`PRECIO_COPIA`) VALUES (NULL,'441','1000021448','1164-01-01','1164-01-01','2','27','500','300000');

insert into libro_tipo (TIPO_LIBROID, LITERALID, DESCRIPCIONID, DESCRIPCION, COPIABLE, GRAFICO) values (441, 20441, 30441, 'Pro Imperatore contra Papam' , 1, 'biblia');

insert into libro_nivel (TIPO_LIBROID, NIVEL, PAGINAS, PUNTUACION, PRECIO_MIN, PRECIO_MAX, CTD_PIEL_ENCUADERNAR, DESGASTE) values (441, 1, 500, 500000, 280000, 330000, 6, 0.027);

insert into literales (LITERALID, IDIOMAID, LITERAL) values (20441, 1, 'Pro Imperatore contra Papam');
insert into literales (LITERALID, IDIOMAID, LITERAL) values (30441, 1, 'Escrito por Conrad de Utrecht como obra a favor del Emperador en la Querella de las Investiduras');
INSERT INTO `libro` (`LIBROID`,`TIPO_LIBROID`,`ABADIAID`,`FECHA_CREACION`,`FECHA_ADQUISICION`,`ESTADO`,`IDIOMAID`,`PAGINAS_COPIADAS`,`PRECIO_COPIA`) VALUES (NULL,'442',' 8719','1164-01-01','1164-01-01','2','34','500','300000');

insert into libro_tipo (TIPO_LIBROID, LITERALID, DESCRIPCIONID, DESCRIPCION, COPIABLE, GRAFICO) values (442, 20442, 30442, 'Gesta Danorum' , 1, 'biblia');

insert into libro_nivel (TIPO_LIBROID, NIVEL, PAGINAS, PUNTUACION, PRECIO_MIN, PRECIO_MAX, CTD_PIEL_ENCUADERNAR, DESGASTE) values (442, 1, 500, 500000, 280000, 330000, 6, 0.027);

insert into literales (LITERALID, IDIOMAID, LITERAL) values (20442, 1, 'Gesta Danorum');
insert into literales (LITERALID, IDIOMAID, LITERAL) values (30442, 1, 'Escrito por Saxo Gramatico en el siglo XII, consta de dieciséis tomos escritos en latín que narran la historia danesa así como su vieja fe');
INSERT INTO `libro` (`LIBROID`,`TIPO_LIBROID`,`ABADIAID`,`FECHA_CREACION`,`FECHA_ADQUISICION`,`ESTADO`,`IDIOMAID`,`PAGINAS_COPIADAS`,`PRECIO_COPIA`) VALUES (NULL,'443','1000024362','1164-01-01','1164-01-01','2','23','500','300000');

insert into libro_tipo (TIPO_LIBROID, LITERALID, DESCRIPCIONID, DESCRIPCION, COPIABLE, GRAFICO) values (443, 20443, 30443, ' Chronica Slavorum' , 1, 'biblia');

insert into libro_nivel (TIPO_LIBROID, NIVEL, PAGINAS, PUNTUACION, PRECIO_MIN, PRECIO_MAX, CTD_PIEL_ENCUADERNAR, DESGASTE) values (443, 1, 500, 500000, 280000, 330000, 6, 0.027);

insert into literales (LITERALID, IDIOMAID, LITERAL) values (20443, 1, ' Chronica Slavorum');
insert into literales (LITERALID, IDIOMAID, LITERAL) values (30443, 1, ' Escrito por Helmund von Bosau, relata el establecimiento de las misiones cristianas y de la colonización germánica hasta 1172');

INSERT INTO `libro` (`LIBROID`,`TIPO_LIBROID`,`ABADIAID`,`FECHA_CREACION`,`FECHA_ADQUISICION`,`ESTADO`,`IDIOMAID`,`PAGINAS_COPIADAS`,`PRECIO_COPIA`) VALUES (NULL,'444','1000022578','1164-01-01','1164-01-01','2','23','500','300000');

insert into libro_tipo (TIPO_LIBROID, LITERALID, DESCRIPCIONID, DESCRIPCION, COPIABLE, GRAFICO) values (444, 20444, 30444, ' Nibelungenlied' , 1, 'biblia');

insert into libro_nivel (TIPO_LIBROID, NIVEL, PAGINAS, PUNTUACION, PRECIO_MIN, PRECIO_MAX, CTD_PIEL_ENCUADERNAR, DESGASTE) values (444, 1, 500, 500000, 280000, 330000, 6, 0.027);

insert into literales (LITERALID, IDIOMAID, LITERAL) values (20444, 1, ' Nibelungenlied');
insert into literales (LITERALID, IDIOMAID, LITERAL) values (30444, 1, 'La Saga de los Nibelungos es un cantar de gesta que reúne muchas de las leyendas de los pueblos germanicos');

INSERT INTO `libro` (`LIBROID`,`TIPO_LIBROID`,`ABADIAID`,`FECHA_CREACION`,`FECHA_ADQUISICION`,`ESTADO`,`IDIOMAID`,`PAGINAS_COPIADAS`,`PRECIO_COPIA`) VALUES (NULL,'445','1000016590','1164-01-01','1164-01-01','2','23','500','300000');

insert into libro_tipo (TIPO_LIBROID, LITERALID, DESCRIPCIONID, DESCRIPCION, COPIABLE, GRAFICO) values (445, 20445, 30445, 'Große Heidelberger Liederhandschrift' , 1, 'biblia');

insert into libro_nivel (TIPO_LIBROID, NIVEL, PAGINAS, PUNTUACION, PRECIO_MIN, PRECIO_MAX, CTD_PIEL_ENCUADERNAR, DESGASTE) values (445, 1, 500, 500000, 280000, 330000, 6, 0.027);

insert into literales (LITERALID, IDIOMAID, LITERAL) values (20445, 1, 'Große Heidelberger Liederhandschrift');
insert into literales (LITERALID, IDIOMAID, LITERAL) values (30445, 1, 'Escrito por Johannes Hadlaub es la fuente más completa de poesía alemana de la Edad Media');
INSERT INTO `libro` (`LIBROID`,`TIPO_LIBROID`,`ABADIAID`,`FECHA_CREACION`,`FECHA_ADQUISICION`,`ESTADO`,`IDIOMAID`,`PAGINAS_COPIADAS`,`PRECIO_COPIA`) VALUES (NULL,'446','1000029359','1164-01-01','1164-01-01','2','29','500','300000');

insert into libro_tipo (TIPO_LIBROID, LITERALID, DESCRIPCIONID, DESCRIPCION, COPIABLE, GRAFICO) values (446, 20446, 30446, 'Codex Gigas' , 1, 'biblia');

insert into libro_nivel (TIPO_LIBROID, NIVEL, PAGINAS, PUNTUACION, PRECIO_MIN, PRECIO_MAX, CTD_PIEL_ENCUADERNAR, DESGASTE) values (446, 1, 500, 500000, 280000, 330000, 6, 0.027);

insert into literales (LITERALID, IDIOMAID, LITERAL) values (20446, 1, 'Codex Gigas');
insert into literales (LITERALID, IDIOMAID, LITERAL) values (30446, 1, 'Manuscrito del siglo XIII escrito por un único monje en el monasterio de Podlazice contiene una versión completa de la Vulgata y varias obras como la Chronica Boemorum o crónica de los checos');
INSERT INTO `libro` (`LIBROID`,`TIPO_LIBROID`,`ABADIAID`,`FECHA_CREACION`,`FECHA_ADQUISICION`,`ESTADO`,`IDIOMAID`,`PAGINAS_COPIADAS`,`PRECIO_COPIA`) VALUES (NULL,'447','1000019239','1164-01-01','1164-01-01','2','23','500','300000');

insert into libro_tipo (TIPO_LIBROID, LITERALID, DESCRIPCIONID, DESCRIPCION, COPIABLE, GRAFICO) values (447, 20447, 30447, 'Schedula diversarum Artium' , 1, 'biblia');

insert into libro_nivel (TIPO_LIBROID, NIVEL, PAGINAS, PUNTUACION, PRECIO_MIN, PRECIO_MAX, CTD_PIEL_ENCUADERNAR, DESGASTE) values (447, 1, 500, 500000, 280000, 330000, 6, 0.027);

insert into literales (LITERALID, IDIOMAID, LITERAL) values (20447, 1, 'Schedula diversarum Artium');
insert into literales (LITERALID, IDIOMAID, LITERAL) values (30447, 1, 'O Lista de varias artes, o es el primer tratado tecnológico de la Edad Media');

INSERT INTO `libro` (`LIBROID`,`TIPO_LIBROID`,`ABADIAID`,`FECHA_CREACION`,`FECHA_ADQUISICION`,`ESTADO`,`IDIOMAID`,`PAGINAS_COPIADAS`,`PRECIO_COPIA`) VALUES (NULL,'448','1000016281','1164-01-01','1164-01-01','2','23','500','300000');

insert into libro_tipo (TIPO_LIBROID, LITERALID, DESCRIPCIONID, DESCRIPCION, COPIABLE, GRAFICO) values (448, 20448, 30448, ' Brizinski spomeniki' , 1, 'biblia');

insert into libro_nivel (TIPO_LIBROID, NIVEL, PAGINAS, PUNTUACION, PRECIO_MIN, PRECIO_MAX, CTD_PIEL_ENCUADERNAR, DESGASTE) values (448, 1, 500, 500000, 280000, 330000, 6, 0.027);

insert into literales (LITERALID, IDIOMAID, LITERAL) values (20448, 1, ' Brizinski spomeniki');
insert into literales (LITERALID, IDIOMAID, LITERAL) values (30448, 1, 'Anonimo del siglo IX, compuesto por tres textos litúrgicos escritos en caracteres latinos en lengua eslava siendo los mas antiguos documentos en esloveno');
INSERT INTO `libro` (`LIBROID`,`TIPO_LIBROID`,`ABADIAID`,`FECHA_CREACION`,`FECHA_ADQUISICION`,`ESTADO`,`IDIOMAID`,`PAGINAS_COPIADAS`,`PRECIO_COPIA`) VALUES (NULL,'449','4991','1164-01-01','1164-01-01','2','23','500','300000');

insert into libro_tipo (TIPO_LIBROID, LITERALID, DESCRIPCIONID, DESCRIPCION, COPIABLE, GRAFICO) values (449, 20449, 30449, 'Speyghel Sassen' , 1, 'biblia');

insert into libro_nivel (TIPO_LIBROID, NIVEL, PAGINAS, PUNTUACION, PRECIO_MIN, PRECIO_MAX, CTD_PIEL_ENCUADERNAR, DESGASTE) values (449, 1, 500, 500000, 280000, 330000, 6, 0.027);

insert into literales (LITERALID, IDIOMAID, LITERAL) values (20449, 1, 'Speyghel Sassen');
insert into literales (LITERALID, IDIOMAID, LITERAL) values (30449, 1, 'Compilación de leyes. Atribuídas  a  Eike von Repgow, que conforman el más importante libro de leyes y código jurídico de la Edad Media alemana');
INSERT INTO `libro` (`LIBROID`,`TIPO_LIBROID`,`ABADIAID`,`FECHA_CREACION`,`FECHA_ADQUISICION`,`ESTADO`,`IDIOMAID`,`PAGINAS_COPIADAS`,`PRECIO_COPIA`) VALUES (NULL,'450','6738','1164-01-01','1164-01-01','2','26','500','300000');

insert into libro_tipo (TIPO_LIBROID, LITERALID, DESCRIPCIONID, DESCRIPCION, COPIABLE, GRAFICO) values (450, 20450, 30450, 'Liber De Numeris Datis' , 1, 'biblia');

insert into libro_nivel (TIPO_LIBROID, NIVEL, PAGINAS, PUNTUACION, PRECIO_MIN, PRECIO_MAX, CTD_PIEL_ENCUADERNAR, DESGASTE) values (450, 1, 500, 500000, 280000, 330000, 6, 0.027);

insert into literales (LITERALID, IDIOMAID, LITERAL) values (20450, 1, 'Liber De Numeris Datis');
insert into literales (LITERALID, IDIOMAID, LITERAL) values (30450, 1, ' Escrito por Jordanus Nemorarius  es un  manual universitario en cuatro tomos,  sobre Álgebra, ecuaciones lineales y ecuaciones de segundo grado');

INSERT INTO `libro` (`LIBROID`,`TIPO_LIBROID`,`ABADIAID`,`FECHA_CREACION`,`FECHA_ADQUISICION`,`ESTADO`,`IDIOMAID`,`PAGINAS_COPIADAS`,`PRECIO_COPIA`) VALUES (NULL,'451','1000027194','1164-01-01','1164-01-01','2','18','500','300000');

insert into libro_tipo (TIPO_LIBROID, LITERALID, DESCRIPCIONID, DESCRIPCION, COPIABLE, GRAFICO) values (451, 20451, 30451, 'Hildebrandslied' , 1, 'biblia');

insert into libro_nivel (TIPO_LIBROID, NIVEL, PAGINAS, PUNTUACION, PRECIO_MIN, PRECIO_MAX, CTD_PIEL_ENCUADERNAR, DESGASTE) values (451, 1, 500, 500000, 280000, 330000, 6, 0.027);

insert into literales (LITERALID, IDIOMAID, LITERAL) values (20451, 1, 'Hildebrandslied');
insert into literales (LITERALID, IDIOMAID, LITERAL) values (30451, 1, 'Anonimo encontrado en Fulda sobre el siglo IX , supone el único testimonio de cantar heroico de la pretérita tradición germánica, transcritos en variantes dialectales alemanas de la época del Althochdeutsch');

INSERT INTO `libro` (`LIBROID`,`TIPO_LIBROID`,`ABADIAID`,`FECHA_CREACION`,`FECHA_ADQUISICION`,`ESTADO`,`IDIOMAID`,`PAGINAS_COPIADAS`,`PRECIO_COPIA`) VALUES (NULL,'452','1000013264','1164-01-01','1164-01-01','2','35','500','300000');

insert into libro_tipo (TIPO_LIBROID, LITERALID, DESCRIPCIONID, DESCRIPCION, COPIABLE, GRAFICO) values (452, 20452, 30452, 'Bogurodzica' , 1, 'biblia');

insert into libro_nivel (TIPO_LIBROID, NIVEL, PAGINAS, PUNTUACION, PRECIO_MIN, PRECIO_MAX, CTD_PIEL_ENCUADERNAR, DESGASTE) values (452, 1, 500, 500000, 280000, 330000, 6, 0.027);

insert into literales (LITERALID, IDIOMAID, LITERAL) values (20452, 1, 'Bogurodzica');
insert into literales (LITERALID, IDIOMAID, LITERAL) values (30452, 1, 'Obra anónima polaca datable del siglo X al XIII. Bogurodzica o La Madre de Dios es el más antigüo himno religioso polaco');

INSERT INTO `libro` (`LIBROID`,`TIPO_LIBROID`,`ABADIAID`,`FECHA_CREACION`,`FECHA_ADQUISICION`,`ESTADO`,`IDIOMAID`,`PAGINAS_COPIADAS`,`PRECIO_COPIA`) VALUES (NULL,'453','1000031203','1164-01-01','1164-01-01','2','36','500','300000');

insert into libro_tipo (TIPO_LIBROID, LITERALID, DESCRIPCIONID, DESCRIPCION, COPIABLE, GRAFICO) values (453, 20453, 30453, 'Gesta Hunnorum et Hungarorum' , 1, 'biblia');

insert into libro_nivel (TIPO_LIBROID, NIVEL, PAGINAS, PUNTUACION, PRECIO_MIN, PRECIO_MAX, CTD_PIEL_ENCUADERNAR, DESGASTE) values (453, 1, 500, 500000, 280000, 330000, 6, 0.027);

insert into literales (LITERALID, IDIOMAID, LITERAL) values (20453, 1, 'Gesta Hunnorum et Hungarorum');
insert into literales (LITERALID, IDIOMAID, LITERAL) values (30453, 1, 'Escrito por Simón de Kéza, recoge los Hechos de los hunos y de los húngaros');

INSERT INTO `libro` (`LIBROID`,`TIPO_LIBROID`,`ABADIAID`,`FECHA_CREACION`,`FECHA_ADQUISICION`,`ESTADO`,`IDIOMAID`,`PAGINAS_COPIADAS`,`PRECIO_COPIA`) VALUES (NULL,'454','1000024340','1164-01-01','1164-01-01','2','37','500','300000');

insert into libro_tipo (TIPO_LIBROID, LITERALID, DESCRIPCIONID, DESCRIPCION, COPIABLE, GRAFICO) values (454, 20454, 30454, 'Misal kneza Novaka' , 1, 'biblia');

insert into libro_nivel (TIPO_LIBROID, NIVEL, PAGINAS, PUNTUACION, PRECIO_MIN, PRECIO_MAX, CTD_PIEL_ENCUADERNAR, DESGASTE) values (454, 1, 500, 500000, 280000, 330000, 6, 0.027);

insert into literales (LITERALID, IDIOMAID, LITERAL) values (20454, 1, 'Misal kneza Novaka');
insert into literales (LITERALID, IDIOMAID, LITERAL) values (30454, 1, 'Escrito por el príncipe Novak para la salvación de su alma. El libro está adornado con numerosas iniciales en color y oro, contiene varias miniaturas y dos grandes ilustraciones a toda plana');

INSERT INTO `libro` (`LIBROID`,`TIPO_LIBROID`,`ABADIAID`,`FECHA_CREACION`,`FECHA_ADQUISICION`,`ESTADO`,`IDIOMAID`,`PAGINAS_COPIADAS`,`PRECIO_COPIA`) VALUES (NULL,'455',' 1000030851 ','1164-01-01','1164-01-01','2','22','500','300000');

insert into libro_tipo (TIPO_LIBROID, LITERALID, DESCRIPCIONID, DESCRIPCION, COPIABLE, GRAFICO) values (455, 20455, 30455, 'De Nativitate' , 1, 'biblia');

insert into libro_nivel (TIPO_LIBROID, NIVEL, PAGINAS, PUNTUACION, PRECIO_MIN, PRECIO_MAX, CTD_PIEL_ENCUADERNAR, DESGASTE) values (455, 1, 500, 500000, 280000, 330000, 6, 0.027);

insert into literales (LITERALID, IDIOMAID, LITERAL) values (20455, 1, 'De Nativitate');
insert into literales (LITERALID, IDIOMAID, LITERAL) values (30455, 1, ' Poesía religiosa sobre el ciclo de la Natividad compuesto por veintiocho  himnos recogidos por San Efrén de Nísibe  en el siglo IV');

INSERT INTO `libro` (`LIBROID`,`TIPO_LIBROID`,`ABADIAID`,`FECHA_CREACION`,`FECHA_ADQUISICION`,`ESTADO`,`IDIOMAID`,`PAGINAS_COPIADAS`,`PRECIO_COPIA`) VALUES (NULL,'456','1000020538','1164-01-01','1164-01-01','2','22','500','300000');

insert into libro_tipo (TIPO_LIBROID, LITERALID, DESCRIPCIONID, DESCRIPCION, COPIABLE, GRAFICO) values (456, 20456, 30456, 'Secretum Secretorum' , 1, 'biblia');

insert into libro_nivel (TIPO_LIBROID, NIVEL, PAGINAS, PUNTUACION, PRECIO_MIN, PRECIO_MAX, CTD_PIEL_ENCUADERNAR, DESGASTE) values (456, 1, 500, 500000, 280000, 330000, 6, 0.027);

insert into literales (LITERALID, IDIOMAID, LITERAL) values (20456, 1, 'Secretum Secretorum');
insert into literales (LITERALID, IDIOMAID, LITERAL) values (30456, 1, 'Escrito por Philipus Tripolitanus, en el siglo XIII,  El Secreto de los secretos se divide en dos grandes partes. La primera Trata sobre el rey y su vinculación con la corte. La segunda  versa sobre la relación del monarca con los físicos y los secretarios,');

INSERT INTO `libro` (`LIBROID`,`TIPO_LIBROID`,`ABADIAID`,`FECHA_CREACION`,`FECHA_ADQUISICION`,`ESTADO`,`IDIOMAID`,`PAGINAS_COPIADAS`,`PRECIO_COPIA`) VALUES (NULL,'457','1000027430','1164-01-01','1164-01-01','2','22','500','300000');

insert into libro_tipo (TIPO_LIBROID, LITERALID, DESCRIPCIONID, DESCRIPCION, COPIABLE, GRAFICO) values (457, 20457, 30457, 'Historia Hierosolymitana' , 1, 'biblia');

insert into libro_nivel (TIPO_LIBROID, NIVEL, PAGINAS, PUNTUACION, PRECIO_MIN, PRECIO_MAX, CTD_PIEL_ENCUADERNAR, DESGASTE) values (457, 1, 500, 500000, 280000, 330000, 6, 0.027);

insert into literales (LITERALID, IDIOMAID, LITERAL) values (20457, 1, 'Historia Hierosolymitana');
insert into literales (LITERALID, IDIOMAID, LITERAL) values (30457, 1, 'Escrita por Fulquerio de Chartres en el siglo XII  narra la historia de la Primera Cruzada en Tierra Santa');

INSERT INTO `libro` (`LIBROID`,`TIPO_LIBROID`,`ABADIAID`,`FECHA_CREACION`,`FECHA_ADQUISICION`,`ESTADO`,`IDIOMAID`,`PAGINAS_COPIADAS`,`PRECIO_COPIA`) VALUES (NULL,'458',' 6600 ','1164-01-01','1164-01-01','2','32','500','300000');

insert into libro_tipo (TIPO_LIBROID, LITERALID, DESCRIPCIONID, DESCRIPCION, COPIABLE, GRAFICO) values (458, 20458, 30458, 'Historia Francorum qui ceperunt Iherusalem' , 1, 'biblia');

insert into libro_nivel (TIPO_LIBROID, NIVEL, PAGINAS, PUNTUACION, PRECIO_MIN, PRECIO_MAX, CTD_PIEL_ENCUADERNAR, DESGASTE) values (458, 1, 500, 500000, 280000, 330000, 6, 0.027);

insert into literales (LITERALID, IDIOMAID, LITERAL) values (20458, 1, ' Historia Francorum qui ceperunt Iherusalem');
insert into literales (LITERALID, IDIOMAID, LITERAL) values (30458, 1, 'Escrito por Raimundo de Aguilers, en el siglo XI aproximadamente, su descripción del sitio y toma de Antioquía (1097-1098) es posiblemente la única narración directa del hecho  al ser dicho autor testigo de la primera cruzada y uno de sus principales cronistas');
INSERT INTO `libro` (`LIBROID`,`TIPO_LIBROID`,`ABADIAID`,`FECHA_CREACION`,`FECHA_ADQUISICION`,`ESTADO`,`IDIOMAID`,`PAGINAS_COPIADAS`,`PRECIO_COPIA`) VALUES (NULL,'459','1000028034','1164-01-01','1164-01-01','2','30','500','300000');

insert into libro_tipo (TIPO_LIBROID, LITERALID, DESCRIPCIONID, DESCRIPCION, COPIABLE, GRAFICO) values (459, 20459, 30459, 'Rosa fresca aulentissima' , 1, 'biblia');

insert into libro_nivel (TIPO_LIBROID, NIVEL, PAGINAS, PUNTUACION, PRECIO_MIN, PRECIO_MAX, CTD_PIEL_ENCUADERNAR, DESGASTE) values (459, 1, 500, 500000, 280000, 330000, 6, 0.027);

insert into literales (LITERALID, IDIOMAID, LITERAL) values (20459, 1, ' Rosa fresca aulentissima');
insert into literales (LITERALID, IDIOMAID, LITERAL) values (30459, 1, 'Escrito por Cielo d´Alcamo  en el siglo XIII, quien fue uno de los poetas más representativos de la poesía popular juglaresca');



INSERT INTO `libro` (`LIBROID`,`TIPO_LIBROID`,`ABADIAID`,`FECHA_CREACION`,`FECHA_ADQUISICION`,`ESTADO`,`IDIOMAID`,`PAGINAS_COPIADAS`,`PRECIO_COPIA`) VALUES (NULL,'460',1000014783,'1164-01-01','1164-01-01','2','21','500','300000');

insert into libro_tipo (TIPO_LIBROID, LITERALID, DESCRIPCIONID, DESCRIPCION, COPIABLE, GRAFICO) values (460, 20460, 30460, 'Carmen Miserabile' , 1, 'biblia');

insert into libro_nivel (TIPO_LIBROID, NIVEL, PAGINAS, PUNTUACION, PRECIO_MIN, PRECIO_MAX, CTD_PIEL_ENCUADERNAR, DESGASTE) values (460, 1, 500, 500000, 280000, 330000, 6, 0.027);

insert into literales (LITERALID, IDIOMAID, LITERAL) values (20460, 1, 'Carmen Miserabile');
insert into literales (LITERALID, IDIOMAID, LITERAL) values (30460, 1, ' Escrito por Ruggero di Puglia a mediados del siglo XIII. La Canción Triste, es una descripción de la conquista de Transilvania y de la gran llanura húngara por los tártaros');

INSERT INTO `libro` (`LIBROID`,`TIPO_LIBROID`,`ABADIAID`,`FECHA_CREACION`,`FECHA_ADQUISICION`,`ESTADO`,`IDIOMAID`,`PAGINAS_COPIADAS`,`PRECIO_COPIA`) VALUES (NULL,'461','1000006126','1164-01-01','1164-01-01','2','25','500','300000');

insert into libro_tipo (TIPO_LIBROID, LITERALID, DESCRIPCIONID, DESCRIPCION, COPIABLE, GRAFICO) values (461, 20461, 30461, 'Liber de elephancia' , 1, 'biblia');

insert into libro_nivel (TIPO_LIBROID, NIVEL, PAGINAS, PUNTUACION, PRECIO_MIN, PRECIO_MAX, CTD_PIEL_ENCUADERNAR, DESGASTE) values (461, 1, 500, 500000, 280000, 330000, 6, 0.027);

insert into literales (LITERALID, IDIOMAID, LITERAL) values (20461, 1, 'Liber de elephancia');
insert into literales (LITERALID, IDIOMAID, LITERAL) values (30461, 1, 'Escrito po Constantinus Africanus en el siglo XI constituye un importante tratado de medicina sobre la lepra');

INSERT INTO `libro` (`LIBROID`,`TIPO_LIBROID`,`ABADIAID`,`FECHA_CREACION`,`FECHA_ADQUISICION`,`ESTADO`,`IDIOMAID`,`PAGINAS_COPIADAS`,`PRECIO_COPIA`) VALUES (NULL,'462','1000025391','1164-01-01','1164-01-01','2','25','500','300000');

insert into libro_tipo (TIPO_LIBROID, LITERALID, DESCRIPCIONID, DESCRIPCION, COPIABLE, GRAFICO) values (462, 20462, 30462, 'Donatio Constantinii' , 1, 'biblia');

insert into libro_nivel (TIPO_LIBROID, NIVEL, PAGINAS, PUNTUACION, PRECIO_MIN, PRECIO_MAX, CTD_PIEL_ENCUADERNAR, DESGASTE) values (462, 1, 500, 500000, 280000, 330000, 6, 0.027);

insert into literales (LITERALID, IDIOMAID, LITERAL) values (20462, 1, 'Donatio Constantinii ');
insert into literales (LITERALID, IDIOMAID, LITERAL) values (30462, 1, 'La Donación de Constantino es un documento anónimo del siglo VIII al IX que recoge otro documento anterior atribuido al Emperador Constantino  donde se reconoce al Papado como soberano y se le dona la ciudad de Roma, las provincias de Italia y el Imperio Romano de Occidente. Es el texto más importate para la Iglesia medieval, puesto que justifica su dominio espiritual y temporal sobre la casi totalidad de la Península Itálica');
INSERT INTO `libro` (`LIBROID`,`TIPO_LIBROID`,`ABADIAID`,`FECHA_CREACION`,`FECHA_ADQUISICION`,`ESTADO`,`IDIOMAID`,`PAGINAS_COPIADAS`,`PRECIO_COPIA`) VALUES (NULL,'463','1000002535','1164-01-01','1164-01-01','2','25','500','300000');

insert into libro_tipo (TIPO_LIBROID, LITERALID, DESCRIPCIONID, DESCRIPCION, COPIABLE, GRAFICO) values (463, 20463, 30463, 'Ruralia Commoda' , 1, 'biblia');

insert into libro_nivel (TIPO_LIBROID, NIVEL, PAGINAS, PUNTUACION, PRECIO_MIN, PRECIO_MAX, CTD_PIEL_ENCUADERNAR, DESGASTE) values (463, 1, 500, 500000, 280000, 330000, 6, 0.027);

insert into literales (LITERALID, IDIOMAID, LITERAL) values (20463, 1, 'Ruralia Commoda');
insert into literales (LITERALID, IDIOMAID, LITERAL) values (30463, 1, 'Escrito por Pietro di Crescenzi, en el siglo XIV es  un tratado de agricultura considerado el mejor tratado medieval sobre el tema');

