insert into libro_tipo (TIPO_LIBROID, LITERALID, DESCRIPCIONID, DESCRIPCION, COPIABLE, GRAFICO) values (465, 20465, 30465, 'Apocolocyntosis divi Claudii' , 1, 'biblia');
insert into libro_nivel (TIPO_LIBROID, NIVEL, PAGINAS, PUNTUACION, PRECIO_MIN, PRECIO_MAX, CTD_PIEL_ENCUADERNAR, DESGASTE) values (465, 1, 420, 215000, 125000, 175000, 5, 0.027);
insert into literales (LITERALID, IDIOMAID, LITERAL) values (20465, 1, 'Apocolocyntosis divi Claudii');
insert into literales (LITERALID, IDIOMAID, LITERAL) values (30465, 1, 'Escrito por Seneca, es una obra satirica contra el emperador Claudio');
insert into libro_tipo (TIPO_LIBROID, LITERALID, DESCRIPCIONID, DESCRIPCION, COPIABLE, GRAFICO) values (466, 20466, 30466, 'De Clementia' , 1, 'biblia');
insert into libro_nivel (TIPO_LIBROID, NIVEL, PAGINAS, PUNTUACION, PRECIO_MIN, PRECIO_MAX, CTD_PIEL_ENCUADERNAR, DESGASTE) values (466, 1, 480, 220000, 150000, 205000, 5, 0.027);
insert into literales (LITERALID, IDIOMAID, LITERAL) values (20466, 1, 'De Clementia');
insert into literales (LITERALID, IDIOMAID, LITERAL) values (30466, 1, 'Escrito por Seneca con el objeto de instruir a Neron sobre esta virtud');
insert into libro_tipo (TIPO_LIBROID, LITERALID, DESCRIPCIONID, DESCRIPCION, COPIABLE, GRAFICO) values (467, 20467, 30467, 'De Beneficiis' , 1, 'biblia');
insert into libro_nivel (TIPO_LIBROID, NIVEL, PAGINAS, PUNTUACION, PRECIO_MIN, PRECIO_MAX, CTD_PIEL_ENCUADERNAR, DESGASTE) values (467, 1, 780, 295000, 290000, 34000, 9, 0.027);
insert into literales (LITERALID, IDIOMAID, LITERAL) values (20467, 1, 'De Beneficiis');
insert into literales (LITERALID, IDIOMAID, LITERAL) values (30467, 1, 'Escrito por Seneca abarca siete volúmenes');
insert into libro_tipo (TIPO_LIBROID, LITERALID, DESCRIPCIONID, DESCRIPCION, COPIABLE, GRAFICO) values (468, 20468, 30468, 'Naturales Quaestiones' , 1, 'biblia');
insert into libro_nivel (TIPO_LIBROID, NIVEL, PAGINAS, PUNTUACION, PRECIO_MIN, PRECIO_MAX, CTD_PIEL_ENCUADERNAR, DESGASTE) values (468, 1, 625, 251000, 286000, 336000, 7, 0.027);
insert into literales (LITERALID, IDIOMAID, LITERAL) values (20468, 1, 'Naturales Quaestiones');
insert into literales (LITERALID, IDIOMAID, LITERAL) values (30468, 1, 'Escrito por Seneca abarca meteorologia, mineralogia y oceanografia');
insert into libro_tipo (TIPO_LIBROID, LITERALID, DESCRIPCIONID, DESCRIPCION, COPIABLE, GRAFICO) values (469, 20469, 30469, 'Epistulae morales ad Lucilium' , 1, 'biblia');
insert into libro_nivel (TIPO_LIBROID, NIVEL, PAGINAS, PUNTUACION, PRECIO_MIN, PRECIO_MAX, CTD_PIEL_ENCUADERNAR, DESGASTE) values (469, 1, 540, 246000, 156000, 206000,5, 0.027);
insert into literales (LITERALID, IDIOMAID, LITERAL) values (20469, 1, 'Epistulae morales ad Lucilium');
insert into literales (LITERALID, IDIOMAID, LITERAL) values (30469, 1, 'Conjunto de 124 cartas de corte moral');
insert into libro_tipo (TIPO_LIBROID, LITERALID, DESCRIPCIONID, DESCRIPCION, COPIABLE, GRAFICO) values (470, 20470, 30470, 'De Constantia Sapientiis' , 1, 'biblia');
insert into libro_nivel (TIPO_LIBROID, NIVEL, PAGINAS, PUNTUACION, PRECIO_MIN, PRECIO_MAX, CTD_PIEL_ENCUADERNAR, DESGASTE) values (470, 1, 545, 248000, 158000, 208000, 5, 0.027);
insert into literales (LITERALID, IDIOMAID, LITERAL) values (20470, 1, 'De Constantia Sapientiis');
insert into literales (LITERALID, IDIOMAID, LITERAL) values (30470, 1, 'Escrita por Seneca');
insert into libro_tipo (TIPO_LIBROID, LITERALID, DESCRIPCIONID, DESCRIPCION, COPIABLE, GRAFICO) values (471, 20471, 30471, 'De Consolatione ad Marciam' , 1, 'biblia');
insert into libro_nivel (TIPO_LIBROID, NIVEL, PAGINAS, PUNTUACION, PRECIO_MIN, PRECIO_MAX, CTD_PIEL_ENCUADERNAR, DESGASTE) values (471, 1, 510, 204000, 146000, 186000, 5, 0.027);
insert into literales (LITERALID, IDIOMAID, LITERAL) values (20471, 1, 'De Consolatione ad Marciam');
insert into literales (LITERALID, IDIOMAID, LITERAL) values (30471, 1, 'Escrita por Seneca, se desgrana el reconocimiento y espera de la muerte');
insert into libro_tipo (TIPO_LIBROID, LITERALID, DESCRIPCIONID, DESCRIPCION, COPIABLE, GRAFICO) values (472, 20472, 30472, 'De Brevitate Vitae' , 1, 'biblia');
insert into libro_nivel (TIPO_LIBROID, NIVEL, PAGINAS, PUNTUACION, PRECIO_MIN, PRECIO_MAX, CTD_PIEL_ENCUADERNAR, DESGASTE) values (472, 1, 530, 222000, 156000, 206000,5, 0.027);
insert into literales (LITERALID, IDIOMAID, LITERAL) values (20472, 1, 'De Brevitate Vitae');
insert into literales (LITERALID, IDIOMAID, LITERAL) values (30472, 1, 'Escrita por Seneca donde expone los principios de la naturaleza del tiempo');
insert into libro_tipo (TIPO_LIBROID, LITERALID, DESCRIPCIONID, DESCRIPCION, COPIABLE, GRAFICO) values (473, 20473, 30473, 'Timaeus' , 1, 'biblia');
insert into libro_nivel (TIPO_LIBROID, NIVEL, PAGINAS, PUNTUACION, PRECIO_MIN, PRECIO_MAX, CTD_PIEL_ENCUADERNAR, DESGASTE) values (473, 1, 780, 275000, 291000, 341000, 9, 0.027);
insert into literales (LITERALID, IDIOMAID, LITERAL) values (20473, 1, 'Timaeus');
insert into literales (LITERALID, IDIOMAID, LITERAL) values (30473, 1, 'Dialogo de Platon, su contenido es cosmogónico, físico y de la naturaleza humana');
insert into libro_tipo (TIPO_LIBROID, LITERALID, DESCRIPCIONID, DESCRIPCION, COPIABLE, GRAFICO) values (474, 20474, 30474, 'Res Publica' , 1, 'biblia');
insert into libro_nivel (TIPO_LIBROID, NIVEL, PAGINAS, PUNTUACION, PRECIO_MIN, PRECIO_MAX, CTD_PIEL_ENCUADERNAR, DESGASTE) values (474, 1, 800, 292500, 296500, 346500, 9, 0.027);
insert into literales (LITERALID, IDIOMAID, LITERAL) values (20474, 1, 'Res Publica');
insert into literales (LITERALID, IDIOMAID, LITERAL) values (30474, 1, 'En esta obra Platon discute cual seria la mejor filosofía y organización del Estado');
insert into libro_tipo (TIPO_LIBROID, LITERALID, DESCRIPCIONID, DESCRIPCION, COPIABLE, GRAFICO) values (475, 20475, 30475, 'Phaedo' , 1, 'biblia');
insert into libro_nivel (TIPO_LIBROID, NIVEL, PAGINAS, PUNTUACION, PRECIO_MIN, PRECIO_MAX, CTD_PIEL_ENCUADERNAR, DESGASTE) values (475, 1, 650, 255000, 255000, 305000, 8, 0.027);
insert into literales (LITERALID, IDIOMAID, LITERAL) values (20475, 1, 'Phaedo');
insert into literales (LITERALID, IDIOMAID, LITERAL) values (30475, 1, 'Dialogo de Platon ambientado en las ultimas horas de Socrates');
insert into libro_tipo (TIPO_LIBROID, LITERALID, DESCRIPCIONID, DESCRIPCION, COPIABLE, GRAFICO) values (476, 20476, 30476, 'Euthyphron' , 1, 'biblia');
insert into libro_nivel (TIPO_LIBROID, NIVEL, PAGINAS, PUNTUACION, PRECIO_MIN, PRECIO_MAX, CTD_PIEL_ENCUADERNAR, DESGASTE) values (476, 1, 750, 285000, 265000, 285000, 8, 0.027);
insert into literales (LITERALID, IDIOMAID, LITERAL) values (20476, 1, 'Euthyphron');
insert into literales (LITERALID, IDIOMAID, LITERAL) values (30476, 1, 'Dialogo de Platon que trata sobre la naturaleza de la piedad');
insert into libro_tipo (TIPO_LIBROID, LITERALID, DESCRIPCIONID, DESCRIPCION, COPIABLE, GRAFICO) values (477, 20477, 30477, 'Theaetetus' , 1, 'biblia');
insert into libro_nivel (TIPO_LIBROID, NIVEL, PAGINAS, PUNTUACION, PRECIO_MIN, PRECIO_MAX, CTD_PIEL_ENCUADERNAR, DESGASTE) values (477, 1, 550, 155000, 136000, 186000, 5, 0.027);
insert into literales (LITERALID, IDIOMAID, LITERAL) values (20477, 1, 'Theaetetus');
insert into literales (LITERALID, IDIOMAID, LITERAL) values (30477, 1, 'Obra de Platon que constituye quizá el primer estudio sobre la filosofía de la ciencia');
insert into libro_tipo (TIPO_LIBROID, LITERALID, DESCRIPCIONID, DESCRIPCION, COPIABLE, GRAFICO) values (478, 20478, 30478, 'Convivium' , 1, 'biblia');
insert into libro_nivel (TIPO_LIBROID, NIVEL, PAGINAS, PUNTUACION, PRECIO_MIN, PRECIO_MAX, CTD_PIEL_ENCUADERNAR, DESGASTE) values (478, 1, 800, 299000, 256000, 306000, 9, 0.027);
insert into literales (LITERALID, IDIOMAID, LITERAL) values (20478, 1, 'Convivium');
insert into literales (LITERALID, IDIOMAID, LITERAL) values (30478, 1, 'Dialogo de Platon que versa sobre el amor');
insert into libro_tipo (TIPO_LIBROID, LITERALID, DESCRIPCIONID, DESCRIPCION, COPIABLE, GRAFICO) values (479, 20479, 30479, 'Optica' , 1, 'biblia');
insert into libro_nivel (TIPO_LIBROID, NIVEL, PAGINAS, PUNTUACION, PRECIO_MIN, PRECIO_MAX, CTD_PIEL_ENCUADERNAR, DESGASTE) values (479, 1, 560, 235000, 150000, 200000, 5, 0.027);
insert into literales (LITERALID, IDIOMAID, LITERAL) values (20479, 1, 'Optica');
insert into literales (LITERALID, IDIOMAID, LITERAL) values (30479, 1, 'Obra de Euclides sobre la ciencia optica');
insert into libro_tipo (TIPO_LIBROID, LITERALID, DESCRIPCIONID, DESCRIPCION, COPIABLE, GRAFICO) values (480, 20480, 30480, 'Elementorum' , 1, 'biblia');
insert into libro_nivel (TIPO_LIBROID, NIVEL, PAGINAS, PUNTUACION, PRECIO_MIN, PRECIO_MAX, CTD_PIEL_ENCUADERNAR, DESGASTE) values (480, 1, 800, 300000, 260000, 310000, 9, 0.027);
insert into literales (LITERALID, IDIOMAID, LITERAL) values (20480, 1, 'Elementorum');
insert into literales (LITERALID, IDIOMAID, LITERAL) values (30480, 1, 'Obra de Euclides en la que expone su teorema sobre la geometría plana');
insert into libro_tipo (TIPO_LIBROID, LITERALID, DESCRIPCIONID, DESCRIPCION, COPIABLE, GRAFICO) values (481, 20481, 30481, 'Catoptrica' , 1, 'biblia');
insert into libro_nivel (TIPO_LIBROID, NIVEL, PAGINAS, PUNTUACION, PRECIO_MIN, PRECIO_MAX, CTD_PIEL_ENCUADERNAR, DESGASTE) values (481, 1, 490, 220000, 140000, 180000, 5, 0.027);
insert into literales (LITERALID, IDIOMAID, LITERAL) values (20481, 1, 'Catoptrica');
insert into literales (LITERALID, IDIOMAID, LITERAL) values (30481, 1, 'Obra de Euclides sobre la geometría de los fenómenos luminosos');
insert into libro_tipo (TIPO_LIBROID, LITERALID, DESCRIPCIONID, DESCRIPCION, COPIABLE, GRAFICO) values (482, 20482, 30482, 'Phaenomena' , 1, 'biblia');
insert into libro_nivel (TIPO_LIBROID, NIVEL, PAGINAS, PUNTUACION, PRECIO_MIN, PRECIO_MAX, CTD_PIEL_ENCUADERNAR, DESGASTE) values (482, 1, 480, 215000, 130000, 180000, 5, 0.027);
insert into literales (LITERALID, IDIOMAID, LITERAL) values (20482, 1, 'Phaenomena');
insert into literales (LITERALID, IDIOMAID, LITERAL) values (30482, 1, 'Obra de Euclides  que contiene descripciones geométricas de la esfera celeste');
insert into libro_tipo (TIPO_LIBROID, LITERALID, DESCRIPCIONID, DESCRIPCION, COPIABLE, GRAFICO) values (483, 20483, 30483, 'Sectio Canonis' , 1, 'biblia');
insert into libro_nivel (TIPO_LIBROID, NIVEL, PAGINAS, PUNTUACION, PRECIO_MIN, PRECIO_MAX, CTD_PIEL_ENCUADERNAR, DESGASTE) values (483, 1, 575, 245000, 160000, 210000, 9, 0.027);
insert into literales (LITERALID, IDIOMAID, LITERAL) values (20483, 1, 'Sectio Canonis');
insert into literales (LITERALID, IDIOMAID, LITERAL) values (30483, 1, 'Obra de Euclides  que contiene  teorías que relacionan la música y las matematicas');
insert into libro_tipo (TIPO_LIBROID, LITERALID, DESCRIPCIONID, DESCRIPCION, COPIABLE, GRAFICO) values (484, 20484, 30484, 'Ethica Nichomachea' , 1, 'biblia');
insert into libro_nivel (TIPO_LIBROID, NIVEL, PAGINAS, PUNTUACION, PRECIO_MIN, PRECIO_MAX, CTD_PIEL_ENCUADERNAR, DESGASTE) values (484, 1, 800, 295000, 255000, 305000, 9, 0.027);
insert into literales (LITERALID, IDIOMAID, LITERAL) values (20484, 1, 'Ethica Nichomachea');
insert into literales (LITERALID, IDIOMAID, LITERAL) values (30484, 1, 'Compilada por Nicomano,  sobre la virtud');
insert into libro_tipo (TIPO_LIBROID, LITERALID, DESCRIPCIONID, DESCRIPCION, COPIABLE, GRAFICO) values (485, 20485, 30485, 'De anima' , 1, 'biblia');
insert into libro_nivel (TIPO_LIBROID, NIVEL, PAGINAS, PUNTUACION, PRECIO_MIN, PRECIO_MAX, CTD_PIEL_ENCUADERNAR, DESGASTE) values (485, 1, 520, 205000, 155000, 205000, 5, 0.027);
insert into literales (LITERALID, IDIOMAID, LITERAL) values (20485, 1, 'De anima');
insert into literales (LITERALID, IDIOMAID, LITERAL) values (30485, 1, 'Dialgogo de Aristoteles sobre la inmortalidad del alma');
insert into libro_tipo (TIPO_LIBROID, LITERALID, DESCRIPCIONID, DESCRIPCION, COPIABLE, GRAFICO) values (486, 20486, 30486, 'Physica' , 1, 'biblia');
insert into libro_nivel (TIPO_LIBROID, NIVEL, PAGINAS, PUNTUACION, PRECIO_MIN, PRECIO_MAX, CTD_PIEL_ENCUADERNAR, DESGASTE) values (486, 1, 550, 215000, 175000, 200000, 5, 0.027);
insert into literales (LITERALID, IDIOMAID, LITERAL) values (20486, 1, 'Physica');
insert into literales (LITERALID, IDIOMAID, LITERAL) values (30486, 1, 'Obra de Aristoteles sobre la Naturaleza');
insert into libro_tipo (TIPO_LIBROID, LITERALID, DESCRIPCIONID, DESCRIPCION, COPIABLE, GRAFICO) values (487, 20487, 30487, 'Historia Animaliuma' , 1, 'biblia');
insert into libro_nivel (TIPO_LIBROID, NIVEL, PAGINAS, PUNTUACION, PRECIO_MIN, PRECIO_MAX, CTD_PIEL_ENCUADERNAR, DESGASTE) values (487, 1, 800, 285000, 259000, 309000, 9, 0.027);
insert into literales (LITERALID, IDIOMAID, LITERAL) values (20487, 1, 'Historia animalum');
insert into literales (LITERALID, IDIOMAID, LITERAL) values (30487, 1, 'Obra de Aristoteles sobre zoologia');
insert into libro_tipo (TIPO_LIBROID, LITERALID, DESCRIPCIONID, DESCRIPCION, COPIABLE, GRAFICO) values (488, 20488, 30488, 'Metaphysica' , 1, 'biblia');
insert into libro_nivel (TIPO_LIBROID, NIVEL, PAGINAS, PUNTUACION, PRECIO_MIN, PRECIO_MAX, CTD_PIEL_ENCUADERNAR, DESGASTE) values (488, 1, 800, 275000, 219000, 269000, 9, 0.027);
insert into literales (LITERALID, IDIOMAID, LITERAL) values (20488, 1, 'Metaphysica');
insert into literales (LITERALID, IDIOMAID, LITERAL) values (30488, 1, 'Obra de Aristoteles constituye su base ontologica');
insert into libro_tipo (TIPO_LIBROID, LITERALID, DESCRIPCIONID, DESCRIPCION, COPIABLE, GRAFICO) values (489, 20489, 30489, 'Ilias' , 1, 'biblia');
insert into libro_nivel (TIPO_LIBROID, NIVEL, PAGINAS, PUNTUACION, PRECIO_MIN, PRECIO_MAX, CTD_PIEL_ENCUADERNAR, DESGASTE) values (489, 1, 800, 295000, 175000, 200000, 9, 0.027);
insert into literales (LITERALID, IDIOMAID, LITERAL) values (20489, 1, 'Ilias');
insert into literales (LITERALID, IDIOMAID, LITERAL) values (30489, 1, 'Escrita por Homero narra la gesta de la Batalla de Troya');
insert into libro_tipo (TIPO_LIBROID, LITERALID, DESCRIPCIONID, DESCRIPCION, COPIABLE, GRAFICO) values (490, 20490, 30490, 'Odyssea' , 1, 'biblia');
insert into libro_nivel (TIPO_LIBROID, NIVEL, PAGINAS, PUNTUACION, PRECIO_MIN, PRECIO_MAX, CTD_PIEL_ENCUADERNAR, DESGASTE) values (490, 1, 800, 295000, 175000, 200000, 9, 0.027);
insert into literales (LITERALID, IDIOMAID, LITERAL) values (20490, 1, 'Odyssea');
insert into literales (LITERALID, IDIOMAID, LITERAL) values (30490, 1, 'Escrita por Homero narra la gesta de la Batalla de Troya');
insert into libro_tipo (TIPO_LIBROID, LITERALID, DESCRIPCIONID, DESCRIPCION, COPIABLE, GRAFICO) values (491, 20491, 30491, 'Theogonia' , 1, 'biblia');
insert into libro_nivel (TIPO_LIBROID, NIVEL, PAGINAS, PUNTUACION, PRECIO_MIN, PRECIO_MAX, CTD_PIEL_ENCUADERNAR, DESGASTE) values (491, 1, 470, 295000, 175000, 200000, 9, 0.027);
insert into literales (LITERALID, IDIOMAID, LITERAL) values (20491, 1, 'Theogonia');
insert into literales (LITERALID, IDIOMAID, LITERAL) values (30491, 1, 'Escrita por Hesiodo narra el origen del cosmos y la mitología griega');
insert into libro_tipo (TIPO_LIBROID, LITERALID, DESCRIPCIONID, DESCRIPCION, COPIABLE, GRAFICO) values (492, 20492, 30492, 'Opera et Dies' , 1, 'biblia');
insert into libro_nivel (TIPO_LIBROID, NIVEL, PAGINAS, PUNTUACION, PRECIO_MIN, PRECIO_MAX, CTD_PIEL_ENCUADERNAR, DESGASTE) values (492, 1, 490, 295000, 175000, 200000, 9, 0.027);
insert into literales (LITERALID, IDIOMAID, LITERAL) values (20492, 1, 'Opera et Dies');
insert into literales (LITERALID, IDIOMAID, LITERAL) values (30492, 1, 'Escrita por Hesiodo donde muestra las cinco Edades del Hombre');
insert into libro_tipo (TIPO_LIBROID, LITERALID, DESCRIPCIONID, DESCRIPCION, COPIABLE, GRAFICO) values (493, 20493, 30493, 'Heptamchya' , 1, 'biblia');
insert into libro_nivel (TIPO_LIBROID, NIVEL, PAGINAS, PUNTUACION, PRECIO_MIN, PRECIO_MAX, CTD_PIEL_ENCUADERNAR, DESGASTE) values (493, 1, 490, 295000, 175000, 200000, 9, 0.027);
insert into literales (LITERALID, IDIOMAID, LITERAL) values (20493, 1, 'Heptamchya');
insert into literales (LITERALID, IDIOMAID, LITERAL) values (30493, 1, 'Escrita por Ferecides de Siros');















