insert into libro_tipo (TIPO_LIBROID, LITERALID, DESCRIPCIONID, DESCRIPCION, COPIABLE, GRAFICO) values (375, 20375, 30375, 'Enchiridion' , 1, 'biblia');

insert into libro_nivel (TIPO_LIBROID, NIVEL, PAGINAS, PUNTUACION, PRECIO_MIN, PRECIO_MAX, CTD_PIEL_ENCUADERNAR, DESGASTE) values (375, 1, 450, 205000, 135000, 185000, 5, 0.027);

insert into literales (LITERALID, IDIOMAID, LITERAL) values (20375, 1, 'Enchiridion');
insert into literales (LITERALID, IDIOMAID, LITERAL) values (30375, 1, 'Escrito por san Agustín');

insert into libro_tipo (TIPO_LIBROID, LITERALID, DESCRIPCIONID, DESCRIPCION, COPIABLE, GRAFICO) values (376, 20376, 30376, 'Elucidatorium Ecclesiasticum' , 1, 'biblia');

insert into libro_nivel (TIPO_LIBROID, NIVEL, PAGINAS, PUNTUACION, PRECIO_MIN, PRECIO_MAX, CTD_PIEL_ENCUADERNAR, DESGASTE) values (376, 1, 550, 203000, 160000, 210000, 6, 0.027);

insert into literales (LITERALID, IDIOMAID, LITERAL) values (20376, 1, 'Elucidatorium Ecclesiasticum');
insert into literales (LITERALID, IDIOMAID, LITERAL) values (30376, 1, 'Himnos y secuencias de Adan de San Victor');

insert into libro_tipo (TIPO_LIBROID, LITERALID, DESCRIPCIONID, DESCRIPCION, COPIABLE, GRAFICO) values (377, 20377, 30377, 'Martyrologium' , 1, 'biblia');

insert into libro_nivel (TIPO_LIBROID, NIVEL, PAGINAS, PUNTUACION, PRECIO_MIN, PRECIO_MAX, CTD_PIEL_ENCUADERNAR, DESGASTE) values (377, 1, 650, 255000, 205000, 255000, 8, 0.027);

insert into literales (LITERALID, IDIOMAID, LITERAL) values (20377, 1, 'Martyrologium');
insert into literales (LITERALID, IDIOMAID, LITERAL) values (30377, 1, 'Escrito por Beda el Venerable trata del martirio de San Genaro');

insert into libro_tipo (TIPO_LIBROID, LITERALID, DESCRIPCIONID, DESCRIPCION, COPIABLE, GRAFICO) values (378, 20378, 30378, 'Regula Pastoralis' , 1, 'biblia');

insert into libro_nivel (TIPO_LIBROID, NIVEL, PAGINAS, PUNTUACION, PRECIO_MIN, PRECIO_MAX, CTD_PIEL_ENCUADERNAR, DESGASTE) values (378, 1, 550, 230000, 160000, 210000, 6, 0.027);

insert into literales (LITERALID, IDIOMAID, LITERAL) values (20378, 1, 'Regula Pastoralis');
insert into literales (LITERALID, IDIOMAID, LITERAL) values (30378, 1, 'Escrito por San Gregroio Magno versa sobre el arte de ser Obispo');

insert into libro_tipo (TIPO_LIBROID, LITERALID, DESCRIPCIONID, DESCRIPCION, COPIABLE, GRAFICO) values (379, 20379, 30379, 'De praesentia dei liber' , 1, 'biblia');

insert into libro_nivel (TIPO_LIBROID, NIVEL, PAGINAS, PUNTUACION, PRECIO_MIN, PRECIO_MAX, CTD_PIEL_ENCUADERNAR, DESGASTE) values (379, 1, 480, 220000, 140000, 190000, 6, 0.027);

insert into literales (LITERALID, IDIOMAID, LITERAL) values (20379, 1, 'De praesentia dei liber');
insert into literales (LITERALID, IDIOMAID, LITERAL) values (30379, 1, 'Escrito por San Agustin');

insert into libro_tipo (TIPO_LIBROID, LITERALID, DESCRIPCIONID, DESCRIPCION, COPIABLE, GRAFICO) values (380, 20380, 30380, 'De Ente et Essentia ' , 1, 'biblia');

insert into libro_nivel (TIPO_LIBROID, NIVEL, PAGINAS, PUNTUACION, PRECIO_MIN, PRECIO_MAX, CTD_PIEL_ENCUADERNAR, DESGASTE) values (380, 1, 450, 205000, 135000, 185000, 5, 0.027);

insert into literales (LITERALID, IDIOMAID, LITERAL) values (20380, 1, 'De Ente et Essentia');
insert into literales (LITERALID, IDIOMAID, LITERAL) values (30380, 1, 'Escrito por Santo Tomás de Aquino');

insert into libro_tipo (TIPO_LIBROID, LITERALID, DESCRIPCIONID, DESCRIPCION, COPIABLE, GRAFICO) values (381, 20381, 30381, 'Institutio Grammatica ' , 1, 'biblia');

insert into libro_nivel (TIPO_LIBROID, NIVEL, PAGINAS, PUNTUACION, PRECIO_MIN, PRECIO_MAX, CTD_PIEL_ENCUADERNAR, DESGASTE) values (381, 1, 500, 205000, 135000, 185000, 5, 0.027);

insert into literales (LITERALID, IDIOMAID, LITERAL) values (20381, 1, 'Institutio Grammatica');
insert into literales (LITERALID, IDIOMAID, LITERAL) values (30381, 1, 'Escrito por Prisciano');

insert into libro_tipo (TIPO_LIBROID, LITERALID, DESCRIPCIONID, DESCRIPCION, COPIABLE, GRAFICO) values (382, 20382, 30382, 'De Agone Christiano Liber ' , 1, 'biblia');

insert into libro_nivel (TIPO_LIBROID, NIVEL, PAGINAS, PUNTUACION, PRECIO_MIN, PRECIO_MAX, CTD_PIEL_ENCUADERNAR, DESGASTE) values (382, 1, 625, 250000, 150000, 200000, 8, 0.027);

insert into literales (LITERALID, IDIOMAID, LITERAL) values (20382, 1, 'De Agone Christiano Liber');
insert into literales (LITERALID, IDIOMAID, LITERAL) values (30382, 1, 'Escrito por San Agustín');

insert into libro_tipo (TIPO_LIBROID, LITERALID, DESCRIPCIONID, DESCRIPCION, COPIABLE, GRAFICO) values (383, 20383, 30383, 'Comentarii in Somnius Scipionis ' , 1, 'biblia');

insert into libro_nivel (TIPO_LIBROID, NIVEL, PAGINAS, PUNTUACION, PRECIO_MIN, PRECIO_MAX, CTD_PIEL_ENCUADERNAR, DESGASTE) values (383, 1, 550, 230000, 160000, 210000, 6, 0.027);

insert into literales (LITERALID, IDIOMAID, LITERAL) values (20383, 1, 'Comentarii in Somnius Scipionis');
insert into literales (LITERALID, IDIOMAID, LITERAL) values (30383, 1, 'Escrito por Macrobio');

insert into libro_tipo (TIPO_LIBROID, LITERALID, DESCRIPCIONID, DESCRIPCION, COPIABLE, GRAFICO) values (384, 20384, 30384, 'De Nuptiis Philologiae et Mercurii ' , 1, 'biblia');

insert into libro_nivel (TIPO_LIBROID, NIVEL, PAGINAS, PUNTUACION, PRECIO_MIN, PRECIO_MAX, CTD_PIEL_ENCUADERNAR, DESGASTE) values (384, 1, 650, 255000, 205000, 255000, 7, 0.027);

insert into literales (LITERALID, IDIOMAID, LITERAL) values (20384, 1, 'De Nuptiis Philologiae et Mercurii');
insert into literales (LITERALID, IDIOMAID, LITERAL) values (30384, 1, 'Escrito por Marciano Capella');

insert into libro_tipo (TIPO_LIBROID, LITERALID, DESCRIPCIONID, DESCRIPCION, COPIABLE, GRAFICO) values (385, 20385, 30385, 'De Patientia Liber ' , 1, 'biblia');

insert into libro_nivel (TIPO_LIBROID, NIVEL, PAGINAS, PUNTUACION, PRECIO_MIN, PRECIO_MAX, CTD_PIEL_ENCUADERNAR, DESGASTE) values (385, 1, 550, 230000, 160000, 210000, 6, 0.027);

insert into literales (LITERALID, IDIOMAID, LITERAL) values (20385, 1, 'De Patientia Liber');
insert into literales (LITERALID, IDIOMAID, LITERAL) values (30385, 1, 'Escrito por San Agustín');

insert into libro_tipo (TIPO_LIBROID, LITERALID, DESCRIPCIONID, DESCRIPCION, COPIABLE, GRAFICO) values (386, 20386, 30386, 'Anticlaudianus ' , 1, 'biblia');

insert into libro_nivel (TIPO_LIBROID, NIVEL, PAGINAS, PUNTUACION, PRECIO_MIN, PRECIO_MAX, CTD_PIEL_ENCUADERNAR, DESGASTE) values (386, 1, 525, 235000, 150000, 200000, 7, 0.027);

insert into literales (LITERALID, IDIOMAID, LITERAL) values (20386, 1, 'Anticlaudianus');
insert into literales (LITERALID, IDIOMAID, LITERAL) values (30386, 1, 'Escrito por Alain de Lille');

insert into libro_tipo (TIPO_LIBROID, LITERALID, DESCRIPCIONID, DESCRIPCION, COPIABLE, GRAFICO) values (387, 20387, 30387, 'Gloria, Laus et Honor' , 1, 'biblia');

insert into libro_nivel (TIPO_LIBROID, NIVEL, PAGINAS, PUNTUACION, PRECIO_MIN, PRECIO_MAX, CTD_PIEL_ENCUADERNAR, DESGASTE) values (387, 1, 450, 205000, 135000, 185000, 5, 0.027);

insert into literales (LITERALID, IDIOMAID, LITERAL) values (20387, 1, 'Gloria, Laus et Honor');
insert into literales (LITERALID, IDIOMAID, LITERAL) values (30387, 1, 'Escrito por Teodulfo de Orleans en el año 810');

insert into libro_tipo (TIPO_LIBROID, LITERALID, DESCRIPCIONID, DESCRIPCION, COPIABLE, GRAFICO) values (388, 20388, 30388, 'Regula ad Servos ' , 1, 'biblia');

insert into libro_nivel (TIPO_LIBROID, NIVEL, PAGINAS, PUNTUACION, PRECIO_MIN, PRECIO_MAX, CTD_PIEL_ENCUADERNAR, DESGASTE) values (388, 1, 525, 235000, 150000, 200000, 7, 0.027);

insert into literales (LITERALID, IDIOMAID, LITERAL) values (20388, 1, 'Regula ad Servos');
insert into literales (LITERALID, IDIOMAID, LITERAL) values (30388, 1, 'Escrito por San Agustín');



insert into libro_tipo (TIPO_LIBROID, LITERALID, DESCRIPCIONID, DESCRIPCION, COPIABLE, GRAFICO) values (389, 20389, 30389, 'Peregrinatio Egeriae ' , 1, 'biblia');

insert into libro_nivel (TIPO_LIBROID, NIVEL, PAGINAS, PUNTUACION, PRECIO_MIN, PRECIO_MAX, CTD_PIEL_ENCUADERNAR, DESGASTE) values (389, 1, 800, 300000, 200000, 250000, 9, 0.027);

insert into literales (LITERALID, IDIOMAID, LITERAL) values (20389, 1, 'Peregrinatio Egeriae');
insert into literales (LITERALID, IDIOMAID, LITERAL) values (30389, 1, 'Escrito por la monja Egeria, relata su peregrinación a Jerusalén en el año 415');

insert into libro_tipo (TIPO_LIBROID, LITERALID, DESCRIPCIONID, DESCRIPCION, COPIABLE, GRAFICO) values (390, 20390, 30390, 'Instituto Arithmetica ' , 1, 'biblia');

insert into libro_nivel (TIPO_LIBROID, NIVEL, PAGINAS, PUNTUACION, PRECIO_MIN, PRECIO_MAX, CTD_PIEL_ENCUADERNAR, DESGASTE) values (390, 1, 700, 265000, 175000, 225000, 9, 0.027);

insert into literales (LITERALID, IDIOMAID, LITERAL) values (20390, 1, 'Institutio Arithmetica');
insert into literales (LITERALID, IDIOMAID, LITERAL) values (30390, 1, 'Escrito por Boecio');

insert into libro_tipo (TIPO_LIBROID, LITERALID, DESCRIPCIONID, DESCRIPCION, COPIABLE, GRAFICO) values (391, 20391, 30391, 'Enarrationes in Psalmos ' , 1, 'biblia');

insert into libro_nivel (TIPO_LIBROID, NIVEL, PAGINAS, PUNTUACION, PRECIO_MIN, PRECIO_MAX, CTD_PIEL_ENCUADERNAR, DESGASTE) values (391, 1, 625, 250000, 150000, 200000, 8, 0.027);

insert into literales (LITERALID, IDIOMAID, LITERAL) values (20391, 1, 'Enarrationes in Psalmos');
insert into literales (LITERALID, IDIOMAID, LITERAL) values (30391, 1, 'Escrito por San Agustín');

insert into libro_tipo (TIPO_LIBROID, LITERALID, DESCRIPCIONID, DESCRIPCION, COPIABLE, GRAFICO) values (392, 20392, 30392, 'Logica Vetus' , 1, 'biblia');

insert into libro_nivel (TIPO_LIBROID, NIVEL, PAGINAS, PUNTUACION, PRECIO_MIN, PRECIO_MAX, CTD_PIEL_ENCUADERNAR, DESGASTE) values (392, 1, 525, 235000, 150000, 200000, 7, 0.027);

insert into literales (LITERALID, IDIOMAID, LITERAL) values (20392, 1, 'Logica Vetus');
insert into literales (LITERALID, IDIOMAID, LITERAL) values (30392, 1, 'Escrito por Boecio');

insert into libro_tipo (TIPO_LIBROID, LITERALID, DESCRIPCIONID, DESCRIPCION, COPIABLE, GRAFICO) values (393, 20393, 30393, 'Vitae Patrum' , 1, 'biblia');

insert into libro_nivel (TIPO_LIBROID, NIVEL, PAGINAS, PUNTUACION, PRECIO_MIN, PRECIO_MAX, CTD_PIEL_ENCUADERNAR, DESGASTE) values (393, 1, 750, 285000, 185000, 235000, 9, 0.027);

insert into literales (LITERALID, IDIOMAID, LITERAL) values (20393, 1, 'Vitae Patrum');
insert into literales (LITERALID, IDIOMAID, LITERAL) values (30393, 1, 'Recopilación de vidas de santos recopilada por San Valerio del Bierzo');

insert into libro_tipo (TIPO_LIBROID, LITERALID, DESCRIPCIONID, DESCRIPCION, COPIABLE, GRAFICO) values (394, 20394, 30394, 'De Trinitate ' , 1, 'biblia');

insert into libro_nivel (TIPO_LIBROID, NIVEL, PAGINAS, PUNTUACION, PRECIO_MIN, PRECIO_MAX, CTD_PIEL_ENCUADERNAR, DESGASTE) values (394, 1, 650, 255000, 205000, 255000, 7, 0.027);

insert into literales (LITERALID, IDIOMAID, LITERAL) values (20394, 1, 'De Trinitate');
insert into literales (LITERALID, IDIOMAID, LITERAL) values (30394, 1, 'Escrito por San Agustín');

insert into libro_tipo (TIPO_LIBROID, LITERALID, DESCRIPCIONID, DESCRIPCION, COPIABLE, GRAFICO) values (395, 20395, 30395, 'Renotatio Librorum Domini Isidori' , 1, 'biblia');

insert into libro_nivel (TIPO_LIBROID, NIVEL, PAGINAS, PUNTUACION, PRECIO_MIN, PRECIO_MAX, CTD_PIEL_ENCUADERNAR, DESGASTE) values (395, 1, 750, 285000, 185000, 235000, 9, 0.027);

insert into literales (LITERALID, IDIOMAID, LITERAL) values (20395, 1, 'Renotatio Librorum Domini Isidori');
insert into literales (LITERALID, IDIOMAID, LITERAL) values (30395, 1, 'Escrito por Braulio, Obispo de Zaragoza');

insert into libro_tipo (TIPO_LIBROID, LITERALID, DESCRIPCIONID, DESCRIPCION, COPIABLE, GRAFICO) values (396, 20396, 30396, 'De Doctrina Christiana' , 1, 'biblia');

insert into libro_nivel (TIPO_LIBROID, NIVEL, PAGINAS, PUNTUACION, PRECIO_MIN, PRECIO_MAX, CTD_PIEL_ENCUADERNAR, DESGASTE) values (396, 1, 625, 250000, 150000, 200000, 8, 0.027);

insert into literales (LITERALID, IDIOMAID, LITERAL) values (20396, 1, 'De Doctrina Christiana');
insert into literales (LITERALID, IDIOMAID, LITERAL) values (30396, 1, 'Escrito por San Agustín');

insert into libro_tipo (TIPO_LIBROID, LITERALID, DESCRIPCIONID, DESCRIPCION, COPIABLE, GRAFICO) values (397, 20397, 30397, 'De Rerum Natura ' , 1, 'biblia');

insert into libro_nivel (TIPO_LIBROID, NIVEL, PAGINAS, PUNTUACION, PRECIO_MIN, PRECIO_MAX, CTD_PIEL_ENCUADERNAR, DESGASTE) values (397, 1, 700, 265000, 175000, 225000, 9, 0.027);

insert into literales (LITERALID, IDIOMAID, LITERAL) values (20397, 1, 'De Rerum Natura');
insert into literales (LITERALID, IDIOMAID, LITERAL) values (30397, 1, 'Escrito por Beda el Venerable');

insert into libro_tipo (TIPO_LIBROID, LITERALID, DESCRIPCIONID, DESCRIPCION, COPIABLE, GRAFICO) values (398, 20398, 30398, 'Expositio super Johannem' , 1, 'biblia');

insert into libro_nivel (TIPO_LIBROID, NIVEL, PAGINAS, PUNTUACION, PRECIO_MIN, PRECIO_MAX, CTD_PIEL_ENCUADERNAR, DESGASTE) values (398, 1, 750, 285000, 185000, 235000, 9, 0.027);

insert into literales (LITERALID, IDIOMAID, LITERAL) values (20398, 1, 'Expositio super Johannem');
insert into literales (LITERALID, IDIOMAID, LITERAL) values (30398, 1, 'Escrito por Alcurnio');

insert into libro_tipo (TIPO_LIBROID, LITERALID, DESCRIPCIONID, DESCRIPCION, COPIABLE, GRAFICO) values (400, 20400, 30400, 'De Sex Dierum Operibus' , 1, 'biblia');

insert into libro_nivel (TIPO_LIBROID, NIVEL, PAGINAS, PUNTUACION, PRECIO_MIN, PRECIO_MAX, CTD_PIEL_ENCUADERNAR, DESGASTE) values (400, 1, 525, 235000, 150000, 200000, 7, 0.027);

insert into literales (LITERALID, IDIOMAID, LITERAL) values (20400, 1, 'De Sex Dierum Operibus');
insert into literales (LITERALID, IDIOMAID, LITERAL) values (30400, 1, 'Escrito por Thierry de Chartres');

insert into libro_tipo (TIPO_LIBROID, LITERALID, DESCRIPCIONID, DESCRIPCION, COPIABLE, GRAFICO) values (401, 20401, 30401, 'Scivias ' , 1, 'biblia');

insert into libro_nivel (TIPO_LIBROID, NIVEL, PAGINAS, PUNTUACION, PRECIO_MIN, PRECIO_MAX, CTD_PIEL_ENCUADERNAR, DESGASTE) values (401, 1, 800, 300000, 200000, 250000, 9, 0.027);

insert into literales (LITERALID, IDIOMAID, LITERAL) values (20401, 1, 'Scivias');
insert into literales (LITERALID, IDIOMAID, LITERAL) values (30401, 1, 'Escrito por Santa Hildegarda de Bingen');

insert into libro_tipo (TIPO_LIBROID, LITERALID, DESCRIPCIONID, DESCRIPCION, COPIABLE, GRAFICO) values (402, 20402, 30402, 'De Spirituali Amicitia ' , 1, 'biblia');

insert into libro_nivel (TIPO_LIBROID, NIVEL, PAGINAS, PUNTUACION, PRECIO_MIN, PRECIO_MAX, CTD_PIEL_ENCUADERNAR, DESGASTE) values (402, 1, 650, 255000, 205000, 255000, 7, 0.027);

insert into literales (LITERALID, IDIOMAID, LITERAL) values (20402, 1, 'De Spirituali Amicitia');
insert into literales (LITERALID, IDIOMAID, LITERAL) values (30402, 1, 'Escrito por el abad Aelred de Rievaulx');

insert into libro_tipo (TIPO_LIBROID, LITERALID, DESCRIPCIONID, DESCRIPCION, COPIABLE, GRAFICO) values (403, 20403, 30403, 'De Cursu Septem Planetarum ' , 1, 'biblia');

insert into libro_nivel (TIPO_LIBROID, NIVEL, PAGINAS, PUNTUACION, PRECIO_MIN, PRECIO_MAX, CTD_PIEL_ENCUADERNAR, DESGASTE) values (403, 1, 550, 230000, 160000, 210000, 6, 0.027);

insert into literales (LITERALID, IDIOMAID, LITERAL) values (20403, 1, 'De Curso Septem Planetarum');
insert into literales (LITERALID, IDIOMAID, LITERAL) values (30403, 1, 'Escrito por Abbon, abad de Fleury');

insert into libro_tipo (TIPO_LIBROID, LITERALID, DESCRIPCIONID, DESCRIPCION, COPIABLE, GRAFICO) values (404, 20404, 30404, 'De Natura Deorum' , 1, 'biblia');

insert into libro_nivel (TIPO_LIBROID, NIVEL, PAGINAS, PUNTUACION, PRECIO_MIN, PRECIO_MAX, CTD_PIEL_ENCUADERNAR, DESGASTE) values (404, 1, 525, 235000, 150000, 200000, 7, 0.027);

insert into literales (LITERALID, IDIOMAID, LITERAL) values (20404, 1, 'De Natura Deorum');
insert into literales (LITERALID, IDIOMAID, LITERAL) values (30404, 1, 'Escrito por Ciceron');

insert into libro_tipo (TIPO_LIBROID, LITERALID, DESCRIPCIONID, DESCRIPCION, COPIABLE, GRAFICO) values (405, 20405, 30405, 'Dictatus Papae' , 1, 'biblia');

insert into libro_nivel (TIPO_LIBROID, NIVEL, PAGINAS, PUNTUACION, PRECIO_MIN, PRECIO_MAX, CTD_PIEL_ENCUADERNAR, DESGASTE) values (405, 1, 450, 205000, 135000, 185000, 5, 0.027);

insert into literales (LITERALID, IDIOMAID, LITERAL) values (20405, 1, 'Dictatus Papae');
insert into literales (LITERALID, IDIOMAID, LITERAL) values (30405, 1, 'Escrito por orden de Gregorio VII');
