INSERT INTO `libro` (`LIBROID`,`TIPO_LIBROID`,`ABADIAID`,`FECHA_CREACION`,`FECHA_ADQUISICION`,`ESTADO`,`IDIOMAID`,`PAGINAS_COPIADAS`,`PRECIO_COPIA`) VALUES (NULL,'411','1000006567','1164-01-04','1164-01-04','2','11','500','400000');

insert into libro_tipo (TIPO_LIBROID, LITERALID, DESCRIPCIONID, DESCRIPCION, COPIABLE, GRAFICO) values (411, 20411, 30411, 'Cantar del Mio Cid' , 1, 'biblia');

insert into libro_nivel (TIPO_LIBROID, NIVEL, PAGINAS, PUNTUACION, PRECIO_MIN, PRECIO_MAX, CTD_PIEL_ENCUADERNAR, DESGASTE) values (411, 1, 500, 500000, 280000, 330000, 6, 0.027);

insert into literales (LITERALID, IDIOMAID, LITERAL) values (20411, 1, 'Cantar del Mio Cid');
insert into literales (LITERALID, IDIOMAID, LITERAL) values (30411, 1, 'Cantar de gesta anónimo que relata las hazañas de Rodrigo Diaz de Vivar');



INSERT INTO `libro` (`LIBROID`,`TIPO_LIBROID`,`ABADIAID`,`FECHA_CREACION`,`FECHA_ADQUISICION`,`ESTADO`,`IDIOMAID`,`PAGINAS_COPIADAS`,`PRECIO_COPIA`) VALUES (NULL,'412',' 1000001360','1164-01-01','1164-01-01','2','16','500','400000');

insert into libro_tipo (TIPO_LIBROID, LITERALID, DESCRIPCIONID, DESCRIPCION, COPIABLE, GRAFICO) values (412, 20412, 30412, 'Cantigas de Santa Maria' , 1, 'biblia');

insert into libro_nivel (TIPO_LIBROID, NIVEL, PAGINAS, PUNTUACION, PRECIO_MIN, PRECIO_MAX, CTD_PIEL_ENCUADERNAR, DESGASTE) values (412, 1, 500, 500000, 280000, 330000, 6, 0.027);

insert into literales (LITERALID, IDIOMAID, LITERAL) values (20412, 1, 'Cantigas de Santa Maria');
insert into literales (LITERALID, IDIOMAID, LITERAL) values (30412, 1, 'Constituyen el cancionero religioso de la literatura galaico-portugesa');




INSERT INTO `libro` (`LIBROID`,`TIPO_LIBROID`,`ABADIAID`,`FECHA_CREACION`,`FECHA_ADQUISICION`,`ESTADO`,`IDIOMAID`,`PAGINAS_COPIADAS`,`PRECIO_COPIA`) VALUES (NULL,'413',' 2036','1164-01-01','1164-01-01','2','14','500','400000');

insert into libro_tipo (TIPO_LIBROID, LITERALID, DESCRIPCIONID, DESCRIPCION, COPIABLE, GRAFICO) values (413, 20413, 30413, 'Livro dos linhagens' , 1, 'biblia');

insert into libro_nivel (TIPO_LIBROID, NIVEL, PAGINAS, PUNTUACION, PRECIO_MIN, PRECIO_MAX, CTD_PIEL_ENCUADERNAR, DESGASTE) values (413, 1, 500, 500000, 280000, 330000, 6, 0.027);

insert into literales (LITERALID, IDIOMAID, LITERAL) values (20413, 1, 'Livro dos linhagens');
insert into literales (LITERALID, IDIOMAID, LITERAL) values (30413, 1, 'Recopilados por Don Pedro, conde de Barcelos constituyen una colección de linajes nobiliarios y señoriales');



INSERT INTO `libro` (`LIBROID`,`TIPO_LIBROID`,`ABADIAID`,`FECHA_CREACION`,`FECHA_ADQUISICION`,`ESTADO`,`IDIOMAID`,`PAGINAS_COPIADAS`,`PRECIO_COPIA`) VALUES (NULL,'414',' 1000026081','1164-01-01','1164-01-01','2','17','500','400000');

insert into libro_tipo (TIPO_LIBROID, LITERALID, DESCRIPCIONID, DESCRIPCION, COPIABLE, GRAFICO) values (414, 20414, 30414, 'Trioedd Ynys Prydein' , 1, 'biblia');

insert into libro_nivel (TIPO_LIBROID, NIVEL, PAGINAS, PUNTUACION, PRECIO_MIN, PRECIO_MAX, CTD_PIEL_ENCUADERNAR, DESGASTE) values (414, 1, 500, 500000, 280000, 330000, 6, 0.027);

insert into literales (LITERALID, IDIOMAID, LITERAL) values (20414, 1, ' Trioedd Ynys Prydein');
insert into literales (LITERALID, IDIOMAID, LITERAL) values (30414, 1, 'Obra compuesta por un grupo de textos sobre la historia tradicional galesa');




INSERT INTO `libro` (`LIBROID`,`TIPO_LIBROID`,`ABADIAID`,`FECHA_CREACION`,`FECHA_ADQUISICION`,`ESTADO`,`IDIOMAID`,`PAGINAS_COPIADAS`,`PRECIO_COPIA`) VALUES (NULL,'415',' 1000031657','1164-01-01','1164-01-01','2','17','500','400000');

insert into libro_tipo (TIPO_LIBROID, LITERALID, DESCRIPCIONID, DESCRIPCION, COPIABLE, GRAFICO) values (415, 20415, 30415, 'Breuddwyd Rhonabwy' , 1, 'biblia');

insert into libro_nivel (TIPO_LIBROID, NIVEL, PAGINAS, PUNTUACION, PRECIO_MIN, PRECIO_MAX, CTD_PIEL_ENCUADERNAR, DESGASTE) values (415, 1, 500, 500000, 280000, 330000, 6, 0.027);

insert into literales (LITERALID, IDIOMAID, LITERAL) values (20415, 1, 'Breuddwyd Rhonabwy');
insert into literales (LITERALID, IDIOMAID, LITERAL) values (30415, 1, 'Relata el sueño de Rhonabwy, en el que viaja a los tiempos del rey Arturo');



INSERT INTO `libro` (`LIBROID`,`TIPO_LIBROID`,`ABADIAID`,`FECHA_CREACION`,`FECHA_ADQUISICION`,`ESTADO`,`IDIOMAID`,`PAGINAS_COPIADAS`,`PRECIO_COPIA`) VALUES (NULL,'416','1538','1164-01-01','1164-01-01','2','19','500','400000');

insert into libro_tipo (TIPO_LIBROID, LITERALID, DESCRIPCIONID, DESCRIPCION, COPIABLE, GRAFICO) values (416, 20416, 30416, 'La Pretiosa' , 1, 'biblia');

insert into libro_nivel (TIPO_LIBROID, NIVEL, PAGINAS, PUNTUACION, PRECIO_MIN, PRECIO_MAX, CTD_PIEL_ENCUADERNAR, DESGASTE) values (416, 1, 500, 500000, 280000, 330000, 6, 0.027);

insert into literales (LITERALID, IDIOMAID, LITERAL) values (20416, 1, 'La Pretiosa');
insert into literales (LITERALID, IDIOMAID, LITERAL) values (30416, 1, 'Poema que describe y alaba a Roncesvalles');




INSERT INTO `libro` (`LIBROID`,`TIPO_LIBROID`,`ABADIAID`,`FECHA_CREACION`,`FECHA_ADQUISICION`,`ESTADO`,`IDIOMAID`,`PAGINAS_COPIADAS`,`PRECIO_COPIA`) VALUES (NULL,'417',' 1680','1164-01-01','1164-01-01','2','13','500','400000');

insert into libro_tipo (TIPO_LIBROID, LITERALID, DESCRIPCIONID, DESCRIPCION, COPIABLE, GRAFICO) values (417, 20417, 30417, 'Vidal Mayor' , 1, 'biblia');

insert into libro_nivel (TIPO_LIBROID, NIVEL, PAGINAS, PUNTUACION, PRECIO_MIN, PRECIO_MAX, CTD_PIEL_ENCUADERNAR, DESGASTE) values (417, 1, 500, 500000, 280000, 330000, 6, 0.027);

insert into literales (LITERALID, IDIOMAID, LITERAL) values (20417, 1, 'Vidal Mayor');
insert into literales (LITERALID, IDIOMAID, LITERAL) values (30417, 1, 'Primera compilación del Fuero de Aragon realizada por el obispo de Huesca, Vidal de Canellas');


INSERT INTO `libro` (`LIBROID`,`TIPO_LIBROID`,`ABADIAID`,`FECHA_CREACION`,`FECHA_ADQUISICION`,`ESTADO`,`IDIOMAID`,`PAGINAS_COPIADAS`,`PRECIO_COPIA`) VALUES (NULL,'418',' 1000028957','1164-01-01','1164-01-01','2','12','500','400000');

insert into libro_tipo (TIPO_LIBROID, LITERALID, DESCRIPCIONID, DESCRIPCION, COPIABLE, GRAFICO) values (418, 20418, 30418, 'Ars Magna' , 1, 'biblia');

insert into libro_nivel (TIPO_LIBROID, NIVEL, PAGINAS, PUNTUACION, PRECIO_MIN, PRECIO_MAX, CTD_PIEL_ENCUADERNAR, DESGASTE) values (418, 1, 500, 500000, 280000, 330000, 6, 0.027);

insert into literales (LITERALID, IDIOMAID, LITERAL) values (20418, 1, 'Ars Magna');
insert into literales (LITERALID, IDIOMAID, LITERAL) values (30418, 1, 'Escrito por Ramon Llull constituye una maquina lógica organizada en figuras geométricas perfectas');