insert into libro_tipo (TIPO_LIBROID, LITERALID, DESCRIPCIONID, DESCRIPCION, COPIABLE, GRAFICO) values (544, 20544, 30544, 'De victoria Verbi dei' , 1, 'biblia');

insert into libro_nivel (TIPO_LIBROID, NIVEL, PAGINAS, PUNTUACION, PRECIO_MIN, PRECIO_MAX, CTD_PIEL_ENCUADERNAR, DESGASTE) values (544, 1, 525, 250000, 150000, 200000, 6, 0.027);

insert into literales (LITERALID, IDIOMAID, LITERAL) values (20544, 1, 'De victoria Verbi dei');
insert into literales (LITERALID, IDIOMAID, LITERAL) values (30544, 1, 'Escrito por Ruperto de Deutz');

 insert into libro_tipo (TIPO_LIBROID, LITERALID, DESCRIPCIONID, DESCRIPCION, COPIABLE, GRAFICO) values (545, 20545, 30545, 'De sancta Trinitate et operibus eius' , 1, 'biblia');

insert into libro_nivel (TIPO_LIBROID, NIVEL, PAGINAS, PUNTUACION, PRECIO_MIN, PRECIO_MAX, CTD_PIEL_ENCUADERNAR, DESGASTE) values (545, 1, 600, 290000, 180000, 230000, 7, 0.027);

insert into literales (LITERALID, IDIOMAID, LITERAL) values (20545, 1, 'De sancta Trinitate et operibus eius');
insert into literales (LITERALID, IDIOMAID, LITERAL) values (30545, 1, 'Escrito por Ruperto de Deutz');

 insert into libro_tipo (TIPO_LIBROID, LITERALID, DESCRIPCIONID, DESCRIPCION, COPIABLE, GRAFICO) values (546, 20546, 30546, 'De incendio oppidi Tuitii' , 1, 'biblia');

insert into libro_nivel (TIPO_LIBROID, NIVEL, PAGINAS, PUNTUACION, PRECIO_MIN, PRECIO_MAX, CTD_PIEL_ENCUADERNAR, DESGASTE) values (546, 1, 550, 270000, 160000, 210000, 6, 0.027);

insert into literales (LITERALID, IDIOMAID, LITERAL) values (20546, 1, 'De incendio oppidi Tuitii');
insert into literales (LITERALID, IDIOMAID, LITERAL) values (30546, 1, 'Homilia escrita por Ruperto de Deutz sobre el incendio que en 1128 debasto las cercanías del monasterio de Deutz');

 insert into libro_tipo (TIPO_LIBROID, LITERALID, DESCRIPCIONID, DESCRIPCION, COPIABLE, GRAFICO) values (547, 20547, 30547, 'Anulus sive Dialogus inter Christianum et Judaeum' , 1, 'biblia');

insert into libro_nivel (TIPO_LIBROID, NIVEL, PAGINAS, PUNTUACION, PRECIO_MIN, PRECIO_MAX, CTD_PIEL_ENCUADERNAR, DESGASTE) values (547, 1, 575, 280000, 170000, 220000, 6, 0.027);

insert into literales (LITERALID, IDIOMAID, LITERAL) values (20547, 1, 'Anulus sive Dialogus inter Christianum et Judaeum');
insert into literales (LITERALID, IDIOMAID, LITERAL) values (30547, 1, 'Escrito por Ruperto de Deutz');

insert into libro_tipo (TIPO_LIBROID, LITERALID, DESCRIPCIONID, DESCRIPCION, COPIABLE, GRAFICO) values (548, 20548, 30548, 'De esu volatilium' , 1, 'biblia');

insert into libro_nivel (TIPO_LIBROID, NIVEL, PAGINAS, PUNTUACION, PRECIO_MIN, PRECIO_MAX, CTD_PIEL_ENCUADERNAR, DESGASTE) values (548, 1, 625, 300000, 190000, 240000, 7, 0.027);

insert into literales (LITERALID, IDIOMAID, LITERAL) values (20548, 1, 'De esu volatilium');
insert into literales (LITERALID, IDIOMAID, LITERAL) values (30548, 1, 'Escrito por Honorio de Autun');

insert into libro_tipo (TIPO_LIBROID, LITERALID, DESCRIPCIONID, DESCRIPCION, COPIABLE, GRAFICO) values (549, 20549, 30549, 'Sigillum sanctae Maria ' , 1, 'biblia');

insert into libro_nivel (TIPO_LIBROID, NIVEL, PAGINAS, PUNTUACION, PRECIO_MIN, PRECIO_MAX, CTD_PIEL_ENCUADERNAR, DESGASTE) values (549, 1, 650, 310000, 200000, 250000, 7, 0.027);

insert into literales (LITERALID, IDIOMAID, LITERAL) values (20549, 1, 'Sigillum sanctae Maria ');
insert into literales (LITERALID, IDIOMAID, LITERAL) values (30549, 1, 'Un conjunto de lecciones sobre Maria, escritas por Honore de Autun ');

 insert into libro_tipo (TIPO_LIBROID, LITERALID, DESCRIPCIONID, DESCRIPCION, COPIABLE, GRAFICO) values (550, 20550, 30550, 'De luminaribus ecclesiae ' , 1, 'biblia');

insert into libro_nivel (TIPO_LIBROID, NIVEL, PAGINAS, PUNTUACION, PRECIO_MIN, PRECIO_MAX, CTD_PIEL_ENCUADERNAR, DESGASTE) values (550, 1, 675, 320000, 210000, 260000, 7, 0.027);

insert into literales (LITERALID, IDIOMAID, LITERAL) values (20550, 1, 'De luminaribus ecclesiae ');
insert into literales (LITERALID, IDIOMAID, LITERAL) values (30550, 1, 'Escrito por Honore de Autun, como bibliografía de autores cristianos');

 insert into libro_tipo (TIPO_LIBROID, LITERALID, DESCRIPCIONID, DESCRIPCION, COPIABLE, GRAFICO) values (551, 20551, 30551, 'De sacramento altaris liber' , 1, 'biblia');

insert into libro_nivel (TIPO_LIBROID, NIVEL, PAGINAS, PUNTUACION, PRECIO_MIN, PRECIO_MAX, CTD_PIEL_ENCUADERNAR, DESGASTE) values (551, 1, 700, 330000, 220000, 270000, 8, 0.027);

insert into literales (LITERALID, IDIOMAID, LITERAL) values (20551, 1, 'De sacramento altaris liber');
insert into literales (LITERALID, IDIOMAID, LITERAL) values (30551, 1, 'Compilacion escrita por Guillermo de Saint Thierry de rango patrístico que tienen como objeto la eucaristia');

 insert into libro_tipo (TIPO_LIBROID, LITERALID, DESCRIPCIONID, DESCRIPCION, COPIABLE, GRAFICO) values (552, 20552, 30552, 'De eucharistia' , 1, 'biblia');

insert into libro_nivel (TIPO_LIBROID, NIVEL, PAGINAS, PUNTUACION, PRECIO_MIN, PRECIO_MAX, CTD_PIEL_ENCUADERNAR, DESGASTE) values (552, 1, 525, 250000, 150000, 200000, 6, 0.027);

insert into literales (LITERALID, IDIOMAID, LITERAL) values (20552, 1, 'De eucharistia');
insert into literales (LITERALID, IDIOMAID, LITERAL) values (30552, 1, 'Escrito por Guillaume de Champeaux');

 insert into libro_tipo (TIPO_LIBROID, LITERALID, DESCRIPCIONID, DESCRIPCION, COPIABLE, GRAFICO) values (553, 20553, 30553, 'Sententiæ ' , 1, 'biblia');

insert into libro_nivel (TIPO_LIBROID, NIVEL, PAGINAS, PUNTUACION, PRECIO_MIN, PRECIO_MAX, CTD_PIEL_ENCUADERNAR, DESGASTE) values (553, 1, 550, 270000, 160000, 210000, 6, 0.027);

insert into literales (LITERALID, IDIOMAID, LITERAL) values (20553, 1, 'Sententiæ ');
insert into literales (LITERALID, IDIOMAID, LITERAL) values (30553, 1, 'Obra de Guillaume de Champeaux como síntesis sistematica de las afirmaciones de los Padres de la Iglesia');

insert into libro_tipo (TIPO_LIBROID, LITERALID, DESCRIPCIONID, DESCRIPCION, COPIABLE, GRAFICO) values (554, 20554, 30554, 'Summa Alexandri ' , 1, 'biblia');

insert into libro_nivel (TIPO_LIBROID, NIVEL, PAGINAS, PUNTUACION, PRECIO_MIN, PRECIO_MAX, CTD_PIEL_ENCUADERNAR, DESGASTE) values (554, 1, 575, 280000, 170000, 220000, 6, 0.027);

insert into literales (LITERALID, IDIOMAID, LITERAL) values (20554, 1, 'Summa Alexandri ');
insert into literales (LITERALID, IDIOMAID, LITERAL) values (30554, 1, 'Obra de los alumnos del maestro franscicano Alejandro de Hales sobre su legado');

insert into libro_tipo (TIPO_LIBROID, LITERALID, DESCRIPCIONID, DESCRIPCION, COPIABLE, GRAFICO) values (555, 20555, 30555, 'Summa de articulis fidei ' , 1, 'biblia');

insert into libro_nivel (TIPO_LIBROID, NIVEL, PAGINAS, PUNTUACION, PRECIO_MIN, PRECIO_MAX, CTD_PIEL_ENCUADERNAR, DESGASTE) values (555, 1, 600, 290000, 180000, 230000, 7, 0.027);

insert into literales (LITERALID, IDIOMAID, LITERAL) values (20555, 1, 'Summa de articulis fidei ');
insert into literales (LITERALID, IDIOMAID, LITERAL) values (30555, 1, 'Obra de Juan de La Rochelle conocido por su labor de predicación');

insert into libro_tipo (TIPO_LIBROID, LITERALID, DESCRIPCIONID, DESCRIPCION, COPIABLE, GRAFICO) values (556, 20556, 30556, 'De Peccatis et eorum Remediis ' , 1, 'biblia');

insert into libro_nivel (TIPO_LIBROID, NIVEL, PAGINAS, PUNTUACION, PRECIO_MIN, PRECIO_MAX, CTD_PIEL_ENCUADERNAR, DESGASTE) values (556, 1, 625, 300000, 190000, 240000, 7, 0.027);

insert into literales (LITERALID, IDIOMAID, LITERAL) values (20556, 1, 'De Peccatis et eorum Remediis');
insert into literales (LITERALID, IDIOMAID, LITERAL) values (30556, 1, 'Obra de Juan de La Rochelle');

 insert into libro_tipo (TIPO_LIBROID, LITERALID, DESCRIPCIONID, DESCRIPCION, COPIABLE, GRAFICO) values (557, 20557, 30557, 'De Gratia ' , 1, 'biblia');

insert into libro_nivel (TIPO_LIBROID, NIVEL, PAGINAS, PUNTUACION, PRECIO_MIN, PRECIO_MAX, CTD_PIEL_ENCUADERNAR, DESGASTE) values (557, 1, 650, 310000, 200000, 250000, 7, 0.027);

insert into literales (LITERALID, IDIOMAID, LITERAL) values (20557, 1, 'De Gratia ');
insert into literales (LITERALID, IDIOMAID, LITERAL) values (30557, 1, 'Obra de Juan de La Rochelle');

insert into libro_tipo (TIPO_LIBROID, LITERALID, DESCRIPCIONID, DESCRIPCION, COPIABLE, GRAFICO) values (558, 20558, 30558, ' Quaestio de Scientia Theologiae' , 1, 'biblia');

insert into libro_nivel (TIPO_LIBROID, NIVEL, PAGINAS, PUNTUACION, PRECIO_MIN, PRECIO_MAX, CTD_PIEL_ENCUADERNAR, DESGASTE) values (558, 1, 675, 320000, 210000, 260000, 7, 0.027);

insert into literales (LITERALID, IDIOMAID, LITERAL) values (20558, 1, 'Quaestio de Scientia Theologiae');
insert into literales (LITERALID, IDIOMAID, LITERAL) values (30558, 1, 'Obra de Eudes Rigaud arzobispo de Rouen que formo parte del Concilio de Lyon');

 insert into libro_tipo (TIPO_LIBROID, LITERALID, DESCRIPCIONID, DESCRIPCION, COPIABLE, GRAFICO) values (559, 20559, 30559, 'Opusculum super misma' , 1, 'biblia');

insert into libro_nivel (TIPO_LIBROID, NIVEL, PAGINAS, PUNTUACION, PRECIO_MIN, PRECIO_MAX, CTD_PIEL_ENCUADERNAR, DESGASTE) values (559, 1, 700, 330000, 220000, 270000, 8, 0.027);

insert into literales (LITERALID, IDIOMAID, LITERAL) values (20559, 1, 'Opusculum super misma');
insert into literales (LITERALID, IDIOMAID, LITERAL) values (30559, 1, 'Obra de Guillermo de Middleton maestro de teología en Paris y en Cambridge');

 insert into libro_tipo (TIPO_LIBROID, LITERALID, DESCRIPCIONID, DESCRIPCION, COPIABLE, GRAFICO) values (560, 20560, 30560, 'Questiones Ineditae' , 1, 'biblia');

insert into libro_nivel (TIPO_LIBROID, NIVEL, PAGINAS, PUNTUACION, PRECIO_MIN, PRECIO_MAX, CTD_PIEL_ENCUADERNAR, DESGASTE) values (560, 1, 525, 250000, 150000, 200000, 6, 0.027);

insert into literales (LITERALID, IDIOMAID, LITERAL) values (20560, 1, 'Questiones Ineditae');
insert into literales (LITERALID, IDIOMAID, LITERAL) values (30560, 1, 'Obra de Guillermo de Middelton');

 insert into libro_tipo (TIPO_LIBROID, LITERALID, DESCRIPCIONID, DESCRIPCION, COPIABLE, GRAFICO) values (561, 20561, 30561, 'Rudimentum Doctrinae' , 1, 'biblia');

insert into libro_nivel (TIPO_LIBROID, NIVEL, PAGINAS, PUNTUACION, PRECIO_MIN, PRECIO_MAX, CTD_PIEL_ENCUADERNAR, DESGASTE) values (561, 1, 550, 270000, 160000, 210000, 6, 0.027);

insert into literales (LITERALID, IDIOMAID, LITERAL) values (20561, 1, 'Rudimentum Doctrinae');
insert into literales (LITERALID, IDIOMAID, LITERAL) values (30561, 1, 'Obra de Gilberto de Tournai maestro de teología');

 insert into libro_tipo (TIPO_LIBROID, LITERALID, DESCRIPCIONID, DESCRIPCION, COPIABLE, GRAFICO) values (562, 20562, 30562, 'Eruditio regum et principum' , 1, 'biblia');

insert into libro_nivel (TIPO_LIBROID, NIVEL, PAGINAS, PUNTUACION, PRECIO_MIN, PRECIO_MAX, CTD_PIEL_ENCUADERNAR, DESGASTE) values (562, 1, 575, 280000, 170000, 220000, 6, 0.027);

insert into literales (LITERALID, IDIOMAID, LITERAL) values (20562, 1, 'Eruditio regum et principum');
insert into literales (LITERALID, IDIOMAID, LITERAL) values (30562, 1, 'Obra de Gilberto de Tournai');

 insert into libro_tipo (TIPO_LIBROID, LITERALID, DESCRIPCIONID, DESCRIPCION, COPIABLE, GRAFICO) values (563, 20563, 30563, 'De deficio episcopi et ecclesiae caeremoniis' , 1, 'biblia');

insert into libro_nivel (TIPO_LIBROID, NIVEL, PAGINAS, PUNTUACION, PRECIO_MIN, PRECIO_MAX, CTD_PIEL_ENCUADERNAR, DESGASTE) values (563, 1, 600, 290000, 180000, 230000, 7, 0.027);

insert into literales (LITERALID, IDIOMAID, LITERAL) values (20563, 1, 'De deficio episcopi et ecclesiae caeremoniis');
insert into literales (LITERALID, IDIOMAID, LITERAL) values (30563, 1, 'Obra de Gilberto de Tournai');

 insert into libro_tipo (TIPO_LIBROID, LITERALID, DESCRIPCIONID, DESCRIPCION, COPIABLE, GRAFICO) values (564, 20564, 30564, 'Phareta' , 1, 'biblia');

insert into libro_nivel (TIPO_LIBROID, NIVEL, PAGINAS, PUNTUACION, PRECIO_MIN, PRECIO_MAX, CTD_PIEL_ENCUADERNAR, DESGASTE) values (564, 1, 625, 300000, 190000, 240000, 7, 0.027);

insert into literales (LITERALID, IDIOMAID, LITERAL) values (20564, 1, 'Phareta');
insert into literales (LITERALID, IDIOMAID, LITERAL) values (30564, 1, 'Obra de Gilberto de Tournai para la meditación, predicación y disputa');

 insert into libro_tipo (TIPO_LIBROID, LITERALID, DESCRIPCIONID, DESCRIPCION, COPIABLE, GRAFICO) values (565, 20565, 30565, 'Tractatus de Pace' , 1, 'biblia');

insert into libro_nivel (TIPO_LIBROID, NIVEL, PAGINAS, PUNTUACION, PRECIO_MIN, PRECIO_MAX, CTD_PIEL_ENCUADERNAR, DESGASTE) values (565, 1, 650, 310000, 200000, 250000, 7, 0.027);

insert into literales (LITERALID, IDIOMAID, LITERAL) values (20565, 1, 'Tractatus de Pace');
insert into literales (LITERALID, IDIOMAID, LITERAL) values (30565, 1, 'Obra de Gilberto de Tournai');

 insert into libro_tipo (TIPO_LIBROID, LITERALID, DESCRIPCIONID, DESCRIPCION, COPIABLE, GRAFICO) values (566, 20566, 30566, 'Tractatus de Virginitate' , 1, 'biblia');

insert into libro_nivel (TIPO_LIBROID, NIVEL, PAGINAS, PUNTUACION, PRECIO_MIN, PRECIO_MAX, CTD_PIEL_ENCUADERNAR, DESGASTE) values (566, 1, 675, 320000, 210000, 260000, 7, 0.027);

insert into literales (LITERALID, IDIOMAID, LITERAL) values (20566, 1, 'Tractatus de Virginitate');
insert into literales (LITERALID, IDIOMAID, LITERAL) values (30566, 1, 'Obra de Gilberto de Tournai');

 insert into libro_tipo (TIPO_LIBROID, LITERALID, DESCRIPCIONID, DESCRIPCION, COPIABLE, GRAFICO) values (567, 20567, 30567, 'Abbrevatio Bonaventurae' , 1, 'biblia');

insert into libro_nivel (TIPO_LIBROID, NIVEL, PAGINAS, PUNTUACION, PRECIO_MIN, PRECIO_MAX, CTD_PIEL_ENCUADERNAR, DESGASTE) values (567, 1, 700, 330000, 220000, 270000, 8, 0.027);

insert into literales (LITERALID, IDIOMAID, LITERAL) values (20567, 1, 'Abbrevatio Bonaventurae');
insert into literales (LITERALID, IDIOMAID, LITERAL) values (30567, 1, 'Obra de Ricardo Rufus de Cornualles sobre Buenaventura');

 insert into libro_tipo (TIPO_LIBROID, LITERALID, DESCRIPCIONID, DESCRIPCION, COPIABLE, GRAFICO) values (568, 20568, 30568, 'Correctio textus bibliae' , 1, 'biblia');

insert into libro_nivel (TIPO_LIBROID, NIVEL, PAGINAS, PUNTUACION, PRECIO_MIN, PRECIO_MAX, CTD_PIEL_ENCUADERNAR, DESGASTE) values (568, 1, 525, 250000, 150000, 200000, 6, 0.027);

insert into literales (LITERALID, IDIOMAID, LITERAL) values (20568, 1, 'Correctio textus bibliae');
insert into literales (LITERALID, IDIOMAID, LITERAL) values (30568, 1, 'Obra de Guillermo de la Mare');

insert into libro_tipo (TIPO_LIBROID, LITERALID, DESCRIPCIONID, DESCRIPCION, COPIABLE, GRAFICO) values (569, 20569, 30569, 'Tractatus de Luce' , 1, 'biblia');

insert into libro_nivel (TIPO_LIBROID, NIVEL, PAGINAS, PUNTUACION, PRECIO_MIN, PRECIO_MAX, CTD_PIEL_ENCUADERNAR, DESGASTE) values (569, 1, 550, 270000, 160000, 210000, 6, 0.027);

insert into literales (LITERALID, IDIOMAID, LITERAL) values (20569, 1, 'Tractatus de Luce');
insert into literales (LITERALID, IDIOMAID, LITERAL) values (30569, 1, 'Obra de Bartolomeo de Bolonia');

insert into libro_tipo (TIPO_LIBROID, LITERALID, DESCRIPCIONID, DESCRIPCION, COPIABLE, GRAFICO) values (570, 20570, 30570, 'Tractatus de Anima' , 1, 'biblia');

insert into libro_nivel (TIPO_LIBROID, NIVEL, PAGINAS, PUNTUACION, PRECIO_MIN, PRECIO_MAX, CTD_PIEL_ENCUADERNAR, DESGASTE) values (570, 1, 575, 280000, 170000, 210000, 6, 0.027);

insert into literales (LITERALID, IDIOMAID, LITERAL) values (20570, 1, 'Tractatus de Anima');
insert into literales (LITERALID, IDIOMAID, LITERAL) values (30570, 1, 'Obra de Juan Pecham maestro de teología en la Universidad de Paris y Oxford a la par que Arzobispo de Canterbury');

 insert into libro_tipo (TIPO_LIBROID, LITERALID, DESCRIPCIONID, DESCRIPCION, COPIABLE, GRAFICO) values (571, 20571, 30571, 'Tractatus Pauperis' , 1, 'biblia');

insert into libro_nivel (TIPO_LIBROID, NIVEL, PAGINAS, PUNTUACION, PRECIO_MIN, PRECIO_MAX, CTD_PIEL_ENCUADERNAR, DESGASTE) values (571, 1, 600, 290000, 180000, 230000, 7, 0.027);

insert into literales (LITERALID, IDIOMAID, LITERAL) values (20571, 1, 'Tractatus Pauperis');
insert into literales (LITERALID, IDIOMAID, LITERAL) values (30571, 1, 'Obra de Juan Pecham, Arzobispo de Canterbury');

 insert into libro_tipo (TIPO_LIBROID, LITERALID, DESCRIPCIONID, DESCRIPCION, COPIABLE, GRAFICO) values (572, 20572, 30572, 'De Numeris Misticis' , 1, 'biblia');

insert into libro_nivel (TIPO_LIBROID, NIVEL, PAGINAS, PUNTUACION, PRECIO_MIN, PRECIO_MAX, CTD_PIEL_ENCUADERNAR, DESGASTE) values (572, 1, 625, 300000, 190000, 240000, 7, 0.027);

insert into literales (LITERALID, IDIOMAID, LITERAL) values (20572, 1, 'De Numeris Misticis');
insert into literales (LITERALID, IDIOMAID, LITERAL) values (30572, 1, 'Obra de Juan Pecham');

 

 

insert into libro_tipo (TIPO_LIBROID, LITERALID, DESCRIPCIONID, DESCRIPCION, COPIABLE, GRAFICO) values (573, 20573, 30573, 'De Correctione Rusticorum' , 1, 'biblia');

insert into libro_nivel (TIPO_LIBROID, NIVEL, PAGINAS, PUNTUACION, PRECIO_MIN, PRECIO_MAX, CTD_PIEL_ENCUADERNAR, DESGASTE) values (573, 1, 650, 310000, 200000, 250000, 7, 0.027);

insert into literales (LITERALID, IDIOMAID, LITERAL) values (20573, 1, 'De Correctione Rusticorum');
insert into literales (LITERALID, IDIOMAID, LITERAL) values (30573, 1, 'Obra de San Martin de Braga, un manual practico para las misiones');

insert into libro_tipo (TIPO_LIBROID, LITERALID, DESCRIPCIONID, DESCRIPCION, COPIABLE, GRAFICO) values (574, 20574, 30574, 'Miracula santi Germani' , 1, 'biblia');

insert into libro_nivel (TIPO_LIBROID, NIVEL, PAGINAS, PUNTUACION, PRECIO_MIN, PRECIO_MAX, CTD_PIEL_ENCUADERNAR, DESGASTE) values (574, 1, 525, 250000, 150000, 200000, 6, 0.027);

insert into literales (LITERALID, IDIOMAID, LITERAL) values (20574, 1, 'Miracula sancti Germani');
insert into literales (LITERALID, IDIOMAID, LITERAL) values (30574, 1, 'Escrito por Heiric de Auxerre monje de Saint-Germanin de Auxerre trata de los milagros de San Germano');

 insert into libro_tipo (TIPO_LIBROID, LITERALID, DESCRIPCIONID, DESCRIPCION, COPIABLE, GRAFICO) values (575, 20575, 30575, 'Collectaeum' , 1, 'biblia');

insert into libro_nivel (TIPO_LIBROID, NIVEL, PAGINAS, PUNTUACION, PRECIO_MIN, PRECIO_MAX, CTD_PIEL_ENCUADERNAR, DESGASTE) values (575, 1, 600, 290000, 180000, 230000, 7, 0.027);

insert into literales (LITERALID, IDIOMAID, LITERAL) values (20575, 1, 'Colectaeum');
insert into literales (LITERALID, IDIOMAID, LITERAL) values (30575, 1, 'colección de homilías recopiladas por Heiric de Auxerre');

 insert into libro_tipo (TIPO_LIBROID, LITERALID, DESCRIPCIONID, DESCRIPCION, COPIABLE, GRAFICO) values (576, 20576, 30576, 'Quomodo organistrum Contruatur' , 1, 'biblia');

insert into libro_nivel (TIPO_LIBROID, NIVEL, PAGINAS, PUNTUACION, PRECIO_MIN, PRECIO_MAX, CTD_PIEL_ENCUADERNAR, DESGASTE) values (576, 1, 550, 270000, 160000, 210000, 6, 0.027);

insert into literales (LITERALID, IDIOMAID, LITERAL) values (20576, 1, 'Quomodo organistrum Contruatur');
insert into literales (LITERALID, IDIOMAID, LITERAL) values (30576, 1, 'Atribuido al abad Odon de Cluny (878-942 d.C.) trata sobre la construcción del organistrum');

 insert into libro_tipo (TIPO_LIBROID, LITERALID, DESCRIPCIONID, DESCRIPCION, COPIABLE, GRAFICO) values (577, 20577, 30577, 'Collactiones' , 1, 'biblia'); 7

insert into libro_nivel (TIPO_LIBROID, NIVEL, PAGINAS, PUNTUACION, PRECIO_MIN, PRECIO_MAX, CTD_PIEL_ENCUADERNAR, DESGASTE) values (577, 1, 575, 280000, 170000, 220000, 6, 0.027);

insert into literales (LITERALID, IDIOMAID, LITERAL) values (20577, 1, 'Collactiones');
insert into literales (LITERALID, IDIOMAID, LITERAL) values (30577, 1, 'Constituyen una colección sobre moral y virtudes asi como el remedio y la meditación espiritual del abad Odon de Cluny');

insert into libro_tipo (TIPO_LIBROID, LITERALID, DESCRIPCIONID, DESCRIPCION, COPIABLE, GRAFICO) values (578, 20578, 30578, 'Translatio' , 1, 'biblia');

insert into libro_nivel (TIPO_LIBROID, NIVEL, PAGINAS, PUNTUACION, PRECIO_MIN, PRECIO_MAX, CTD_PIEL_ENCUADERNAR, DESGASTE) values (578, 1, 625, 300000, 190000, 240000, 7, 0.027);

insert into literales (LITERALID, IDIOMAID, LITERAL) values (20578, 1, 'Translatio');
insert into literales (LITERALID, IDIOMAID, LITERAL) values (30578, 1, 'Escrito por Odon de Cluny donde nos narra la historia del traslado del cuerpo de San Martin de Tours en Borgoña');

insert into libro_tipo (TIPO_LIBROID, LITERALID, DESCRIPCIONID, DESCRIPCION, COPIABLE, GRAFICO) values (579, 20579, 30579, 'De  Harmonica Institutione ' , 1, 'biblia');

insert into libro_nivel (TIPO_LIBROID, NIVEL, PAGINAS, PUNTUACION, PRECIO_MIN, PRECIO_MAX, CTD_PIEL_ENCUADERNAR, DESGASTE) values (579, 1, 650, 310000, 200000, 250000, 7, 0.027);

insert into literales (LITERALID, IDIOMAID, LITERAL) values (20579, 1, 'De Harmonica Institutione ');
insert into literales (LITERALID, IDIOMAID, LITERAL) values (30579, 1, 'Obra escrita por el monje Hucbaldo (850-930 d.C.) alrededor de 880 d.C.  sobre la Musica ');

 insert into libro_tipo (TIPO_LIBROID, LITERALID, DESCRIPCIONID, DESCRIPCION, COPIABLE, GRAFICO) values (580, 20580, 30580, 'Factorum et Dictorum Memorabilium ' , 1, 'biblia');

insert into libro_nivel (TIPO_LIBROID, NIVEL, PAGINAS, PUNTUACION, PRECIO_MIN, PRECIO_MAX, CTD_PIEL_ENCUADERNAR, DESGASTE) values (580, 1, 675, 320000, 210000, 260000, 7, 0.027);

insert into literales (LITERALID, IDIOMAID, LITERAL) values (20580, 1, 'Factorum et Dictorum Memorabilium ');
insert into literales (LITERALID, IDIOMAID, LITERAL) values (30580, 1, 'Escrito por Publio Valerio Maximo (siglo I. a.C – siglo I d.C), ensalza una serie de virtudes romanas a través de anécdotas y relatos tradicionales');

 insert into libro_tipo (TIPO_LIBROID, LITERALID, DESCRIPCIONID, DESCRIPCION, COPIABLE, GRAFICO) values (581, 20581, 30581, 'Epistolae' , 1, 'biblia');

insert into libro_nivel (TIPO_LIBROID, NIVEL, PAGINAS, PUNTUACION, PRECIO_MIN, PRECIO_MAX, CTD_PIEL_ENCUADERNAR, DESGASTE) values (581, 1, 700, 330000, 220000, 270000, 8, 0.027);

insert into literales (LITERALID, IDIOMAID, LITERAL) values (20581, 1, 'Epistolae');
insert into literales (LITERALID, IDIOMAID, LITERAL) values (30581, 1, 'Epistolario de Abbon, abad y santo de Fleury (945 – 1004 d.C.) en el que se recopila sus cartas a diversas personalidadades de la época');

 insert into libro_tipo (TIPO_LIBROID, LITERALID, DESCRIPCIONID, DESCRIPCION, COPIABLE, GRAFICO) values (582, 20582, 30582, 'Bella Parisiacae Urbis' , 1, 'biblia');

insert into libro_nivel (TIPO_LIBROID, NIVEL, PAGINAS, PUNTUACION, PRECIO_MIN, PRECIO_MAX, CTD_PIEL_ENCUADERNAR, DESGASTE) values (582, 1, 525, 250000, 150000, 200000, 6, 0.027);

insert into literales (LITERALID, IDIOMAID, LITERAL) values (20582, 1, 'Bella Parisiacae Urbis');
insert into literales (LITERALID, IDIOMAID, LITERAL) values (30582, 1, 'Escrito por Abon de Paris en 890 d.C advierte sobre la amenaza vikinga entre otros interesantes temas');

 insert into libro_tipo (TIPO_LIBROID, LITERALID, DESCRIPCIONID, DESCRIPCION, COPIABLE, GRAFICO) values (583, 20583, 30583, 'Sequentiæ ' , 1, 'biblia');

insert into libro_nivel (TIPO_LIBROID, NIVEL, PAGINAS, PUNTUACION, PRECIO_MIN, PRECIO_MAX, CTD_PIEL_ENCUADERNAR, DESGASTE) values (583, 1, 550, 270000, 160000, 210000, 6, 0.027);

insert into literales (LITERALID, IDIOMAID, LITERAL) values (20583, 1, 'Sequentiæ ');
insert into literales (LITERALID, IDIOMAID, LITERAL) values (30583, 1, 'Obra de Adam de Saint Victor poeta y músico francés del siglo XII');

insert into libro_tipo (TIPO_LIBROID, LITERALID, DESCRIPCIONID, DESCRIPCION, COPIABLE, GRAFICO) values (584, 20584, 30584, 'Charta de Vassis' , 1, 'biblia');

insert into libro_nivel (TIPO_LIBROID, NIVEL, PAGINAS, PUNTUACION, PRECIO_MIN, PRECIO_MAX, CTD_PIEL_ENCUADERNAR, DESGASTE) values (584, 1, 525, 250000, 150000, 200000, 6, 0.027);

insert into literales (LITERALID, IDIOMAID, LITERAL) values (20584, 1, 'Charta de Vassis');
insert into literales (LITERALID, IDIOMAID, LITERAL) values (30584, 1, 'Escrito por el obispo Aldeboldo');

 insert into libro_tipo (TIPO_LIBROID, LITERALID, DESCRIPCIONID, DESCRIPCION, COPIABLE, GRAFICO) values (585, 20585, 30585, 'Acrosticum' , 1, 'biblia');

insert into libro_nivel (TIPO_LIBROID, NIVEL, PAGINAS, PUNTUACION, PRECIO_MIN, PRECIO_MAX, CTD_PIEL_ENCUADERNAR, DESGASTE) values (585, 1, 600, 290000, 180000, 230000, 7, 0.027);

insert into literales (LITERALID, IDIOMAID, LITERAL) values (20585, 1, 'Acrosticum');
insert into literales (LITERALID, IDIOMAID, LITERAL) values (30585, 1, 'Escrito por Ademar de Chabannes');

 insert into libro_tipo (TIPO_LIBROID, LITERALID, DESCRIPCIONID, DESCRIPCION, COPIABLE, GRAFICO) values (586, 20586, 30586, 'Chronicon in Aetatis Sex Divisum' , 1, 'biblia');

insert into libro_nivel (TIPO_LIBROID, NIVEL, PAGINAS, PUNTUACION, PRECIO_MIN, PRECIO_MAX, CTD_PIEL_ENCUADERNAR, DESGASTE) values (586, 1, 550, 270000, 160000, 210000, 6, 0.027);

insert into literales (LITERALID, IDIOMAID, LITERAL) values (20586, 1, 'Chronicon in Aetatis Sex Divisum');
insert into literales (LITERALID, IDIOMAID, LITERAL) values (30586, 1, 'Escrito por el arzobispo Ado de Viena en el siglo IX, es una crónica basada en la de Beda que forman una narración sobre la unidad del Imperio Romano');

 insert into libro_tipo (TIPO_LIBROID, LITERALID, DESCRIPCIONID, DESCRIPCION, COPIABLE, GRAFICO) values (587, 20587, 30587, 'Vetus Romanum Martyrologium' , 1, 'biblia');

insert into libro_nivel (TIPO_LIBROID, NIVEL, PAGINAS, PUNTUACION, PRECIO_MIN, PRECIO_MAX, CTD_PIEL_ENCUADERNAR, DESGASTE) values (587, 1, 575, 280000, 170000, 220000, 6, 0.027);

insert into literales (LITERALID, IDIOMAID, LITERAL) values (20587, 1, 'Vetus Romanum Martyrologium');
insert into literales (LITERALID, IDIOMAID, LITERAL) values (30587, 1, 'Recopilacion de mártires romanos realizado por el arzobispo Ado de Viena');

insert into libro_tipo (TIPO_LIBROID, LITERALID, DESCRIPCIONID, DESCRIPCION, COPIABLE, GRAFICO) values (588, 20588, 30588, 'Vita Sancti Columbae' , 1, 'biblia');

insert into libro_nivel (TIPO_LIBROID, NIVEL, PAGINAS, PUNTUACION, PRECIO_MIN, PRECIO_MAX, CTD_PIEL_ENCUADERNAR, DESGASTE) values (588, 1, 625, 300000, 190000, 240000, 7, 0.027);

insert into literales (LITERALID, IDIOMAID, LITERAL) values (20588, 1, 'Vita Sancti Columbae');
insert into literales (LITERALID, IDIOMAID, LITERAL) values (30588, 1, 'Escrito por Adomnan noveno abad de Iona en el siglo VII es un documento hagiográfico sobre la vida de San Columba');

insert into libro_tipo (TIPO_LIBROID, LITERALID, DESCRIPCIONID, DESCRIPCION, COPIABLE, GRAFICO) values (589, 20589, 30589, 'De Mortibus Persecutorum' , 1, 'biblia');

insert into libro_nivel (TIPO_LIBROID, NIVEL, PAGINAS, PUNTUACION, PRECIO_MIN, PRECIO_MAX, CTD_PIEL_ENCUADERNAR, DESGASTE) values (589, 1, 625, 300000, 190000, 240000, 7, 0.027);

insert into literales (LITERALID, IDIOMAID, LITERAL) values (20589, 1, 'De Mortibus Persecutorum');
insert into literales (LITERALID, IDIOMAID, LITERAL) values (30589, 1, 'Escrito por Lactancio sobre el 318 narra una espeluznante descripción de los sucesivos destinos de los emperadores que persiguieron a los cristianos');

 insert into libro_tipo (TIPO_LIBROID, LITERALID, DESCRIPCIONID, DESCRIPCION, COPIABLE, GRAFICO) values (590, 20590, 30590, 'De Ira Dei' , 1, 'biblia');

insert into libro_nivel (TIPO_LIBROID, NIVEL, PAGINAS, PUNTUACION, PRECIO_MIN, PRECIO_MAX, CTD_PIEL_ENCUADERNAR, DESGASTE) values (590, 1, 575, 280000, 170000, 220000, 6, 0.027);

insert into literales (LITERALID, IDIOMAID, LITERAL) values (20590, 1, 'De Ira Dei');
insert into literales (LITERALID, IDIOMAID, LITERAL) values (30590, 1, 'Escrito por Lactancio donde sostiene que la ira es un componente necesario del carácter de Dios');

 

insert into libro_tipo (TIPO_LIBROID, LITERALID, DESCRIPCIONID, DESCRIPCION, COPIABLE, GRAFICO) values (591, 20591, 30591, 'Cervus' , 1, 'biblia');

insert into libro_nivel (TIPO_LIBROID, NIVEL, PAGINAS, PUNTUACION, PRECIO_MIN, PRECIO_MAX, CTD_PIEL_ENCUADERNAR, DESGASTE) values (591, 1, 525, 250000, 150000, 200000, 6, 0.027);

insert into literales (LITERALID, IDIOMAID, LITERAL) values (20591, 1, 'Cervus');
insert into literales (LITERALID, IDIOMAID, LITERAL) values (30591, 1, 'Escrito por Paciano de Barcelona dedicada al paganismo del año nuevo');

 insert into libro_tipo (TIPO_LIBROID, LITERALID, DESCRIPCIONID, DESCRIPCION, COPIABLE, GRAFICO) values (592, 20592, 30592, 'De Fabrica Mundi' , 1, 'biblia');

insert into libro_nivel (TIPO_LIBROID, NIVEL, PAGINAS, PUNTUACION, PRECIO_MIN, PRECIO_MAX, CTD_PIEL_ENCUADERNAR, DESGASTE) values (592, 1, 600, 290000, 180000, 230000, 7, 0.027);

insert into literales (LITERALID, IDIOMAID, LITERAL) values (20592, 1, 'De Fabrica Mundi');
insert into literales (LITERALID, IDIOMAID, LITERAL) values (30592, 1, 'Escrito por Victorino de Petovio en donde nos muestra la estructura del mundo, escrito sobre el año 260 d.C.');

 insert into libro_tipo (TIPO_LIBROID, LITERALID, DESCRIPCIONID, DESCRIPCION, COPIABLE, GRAFICO) values (593, 20593, 30593, 'Ad Autolycum' , 1, 'biblia');

insert into libro_nivel (TIPO_LIBROID, NIVEL, PAGINAS, PUNTUACION, PRECIO_MIN, PRECIO_MAX, CTD_PIEL_ENCUADERNAR, DESGASTE) values (593, 1, 550, 270000, 160000, 210000, 6, 0.027);

insert into literales (LITERALID, IDIOMAID, LITERAL) values (20593, 1, 'Ad Autolycum');
insert into literales (LITERALID, IDIOMAID, LITERAL) values (30593, 1, 'Escrito por Teofilo de Antioquia donde defiende el cristianismo contra las objeciones de Autolico');

 insert into libro_tipo (TIPO_LIBROID, LITERALID, DESCRIPCIONID, DESCRIPCION, COPIABLE, GRAFICO) values (594, 20594, 30594, 'Dialogus cum Tryphone' , 1, 'biblia');

insert into libro_nivel (TIPO_LIBROID, NIVEL, PAGINAS, PUNTUACION, PRECIO_MIN, PRECIO_MAX, CTD_PIEL_ENCUADERNAR, DESGASTE) values (594, 1, 575, 280000, 170000, 220000, 6, 0.027);

insert into literales (LITERALID, IDIOMAID, LITERAL) values (20594, 1, 'Dialogus cum Tryphone');
insert into literales (LITERALID, IDIOMAID, LITERAL) values (30594, 1, 'Escrito por Justino Martir en donde cuenta que estudio filosofía con diferentes maestros que fueron para el decepcionantes y habla sobre su conversión en Efeso');

insert into libro_tipo (TIPO_LIBROID, LITERALID, DESCRIPCIONID, DESCRIPCION, COPIABLE, GRAFICO) values (595, 20595, 30595, 'Liber Pontificalis' , 1, 'biblia');

insert into libro_nivel (TIPO_LIBROID, NIVEL, PAGINAS, PUNTUACION, PRECIO_MIN, PRECIO_MAX, CTD_PIEL_ENCUADERNAR, DESGASTE) values (595, 1, 625, 300000, 190000, 240000, 7, 0.027);

insert into literales (LITERALID, IDIOMAID, LITERAL) values (20595, 1, 'Liber Pontificalis');
insert into literales (LITERALID, IDIOMAID, LITERAL) values (30595, 1, 'Es una compilación realizadas por varios autores siendo el ultimo posiblemente Anastasio que en el siglo IX fue bibliotecario de la sede romana');

insert into libro_tipo (TIPO_LIBROID, LITERALID, DESCRIPCIONID, DESCRIPCION, COPIABLE, GRAFICO) values (596, 20596, 30596, 'Homiliae' , 1, 'biblia');

insert into libro_nivel (TIPO_LIBROID, NIVEL, PAGINAS, PUNTUACION, PRECIO_MIN, PRECIO_MAX, CTD_PIEL_ENCUADERNAR, DESGASTE) values (596, 1, 550, 270000, 160000, 210000, 6, 0.027);

insert into literales (LITERALID, IDIOMAID, LITERAL) values (20596, 1, 'Homiliae');
insert into literales (LITERALID, IDIOMAID, LITERAL) values (30596, 1, 'Recopilatorio de las Homilias de Juan Crisostomo');

 insert into libro_tipo (TIPO_LIBROID, LITERALID, DESCRIPCIONID, DESCRIPCION, COPIABLE, GRAFICO) values (597, 20597, 30597, 'De Fide Orthodoxa' , 1, 'biblia');

insert into libro_nivel (TIPO_LIBROID, NIVEL, PAGINAS, PUNTUACION, PRECIO_MIN, PRECIO_MAX, CTD_PIEL_ENCUADERNAR, DESGASTE) values (597, 1, 575, 280000, 170000, 220000, 6, 0.027);

insert into literales (LITERALID, IDIOMAID, LITERAL) values (20597, 1, 'De Fide Orthodoxa');
insert into literales (LITERALID, IDIOMAID, LITERAL) values (30597, 1, 'Escrito por Juan Damasceno');

insert into libro_tipo (TIPO_LIBROID, LITERALID, DESCRIPCIONID, DESCRIPCION, COPIABLE, GRAFICO) values (598, 20598, 30598, 'Contra Ludos et Theatra' , 1, 'biblia');

insert into libro_nivel (TIPO_LIBROID, NIVEL, PAGINAS, PUNTUACION, PRECIO_MIN, PRECIO_MAX, CTD_PIEL_ENCUADERNAR, DESGASTE) values (598, 1, 625, 300000, 190000, 240000, 7, 0.027);

insert into literales (LITERALID, IDIOMAID, LITERAL) values (20598, 1, 'Contra Ludos et Theatra');
insert into literales (LITERALID, IDIOMAID, LITERAL) values (30598, 1, 'Escrito por Juan Crisostomo');

insert into libro_tipo (TIPO_LIBROID, LITERALID, DESCRIPCIONID, DESCRIPCION, COPIABLE, GRAFICO) values (599, 20599, 30599, 'Chronicon' , 1, 'biblia');

insert into libro_nivel (TIPO_LIBROID, NIVEL, PAGINAS, PUNTUACION, PRECIO_MIN, PRECIO_MAX, CTD_PIEL_ENCUADERNAR, DESGASTE) values (599, 1, 650, 310000, 200000, 250000, 7, 0.027);

insert into literales (LITERALID, IDIOMAID, LITERAL) values (20599, 1, 'Chronicon ');
insert into literales (LITERALID, IDIOMAID, LITERAL) values (30599, 1, 'Cronica escrita por Marcellinus Comes, quien paso gran parte de su vida en la Corte de Constantinopla ');

 insert into libro_tipo (TIPO_LIBROID, LITERALID, DESCRIPCIONID, DESCRIPCION, COPIABLE, GRAFICO) values (600, 20600, 30600, 'Contra Haeresim Nestorianam' , 1, 'biblia');

insert into libro_nivel (TIPO_LIBROID, NIVEL, PAGINAS, PUNTUACION, PRECIO_MIN, PRECIO_MAX, CTD_PIEL_ENCUADERNAR, DESGASTE) values (600, 1, 675, 320000, 210000, 260000, 7, 0.027);

insert into literales (LITERALID, IDIOMAID, LITERAL) values (20600, 1, 'Contra Haeresim Nestorianam');
insert into literales (LITERALID, IDIOMAID, LITERAL) values (30600, 1, 'Escrito por Mario Mercator, teólogo romano del siglo V. contra la herejía de Nestorio');

 insert into libro_tipo (TIPO_LIBROID, LITERALID, DESCRIPCIONID, DESCRIPCION, COPIABLE, GRAFICO) values (601, 20601, 30601, 'Refutatio Symboli Mopsuesteni' , 1, 'biblia');

insert into libro_nivel (TIPO_LIBROID, NIVEL, PAGINAS, PUNTUACION, PRECIO_MIN, PRECIO_MAX, CTD_PIEL_ENCUADERNAR, DESGASTE) values (601, 1, 700, 330000, 220000, 270000, 8, 0.027);

insert into literales (LITERALID, IDIOMAID, LITERAL) values (20601, 1, 'Refutatio Symboli Mopsuesteni');
insert into literales (LITERALID, IDIOMAID, LITERAL) values (30601, 1, 'Obra de Mario Mercator donde acusa a Teodoro Mopsuesteno de ser el padre intelectual tanto del nestorianismo como del pelagianismo');

 insert into libro_tipo (TIPO_LIBROID, LITERALID, DESCRIPCIONID, DESCRIPCION, COPIABLE, GRAFICO) values (602, 20602, 30602, 'Liber Spectaculorum' , 1, 'biblia');

insert into libro_nivel (TIPO_LIBROID, NIVEL, PAGINAS, PUNTUACION, PRECIO_MIN, PRECIO_MAX, CTD_PIEL_ENCUADERNAR, DESGASTE) values (602, 1, 525, 250000, 150000, 200000, 6, 0.027);

insert into literales (LITERALID, IDIOMAID, LITERAL) values (20602, 1, 'Liber Spectaculorum');
insert into literales (LITERALID, IDIOMAID, LITERAL) values (30602, 1, 'Escrito por el autor hispanorromano Marcial en el año 80 d.C. celebra la construcción del Anfiteatro Flavio, el Coliseo, por el emperador Tito');

 insert into libro_tipo (TIPO_LIBROID, LITERALID, DESCRIPCIONID, DESCRIPCION, COPIABLE, GRAFICO) values (603, 20603, 30603, 'Epigrammaton' , 1, 'biblia');

insert into libro_nivel (TIPO_LIBROID, NIVEL, PAGINAS, PUNTUACION, PRECIO_MIN, PRECIO_MAX, CTD_PIEL_ENCUADERNAR, DESGASTE) values (603, 1, 550, 270000, 160000, 210000, 6, 0.027);

insert into literales (LITERALID, IDIOMAID, LITERAL) values (20603, 1, 'Epigrammaton');
insert into literales (LITERALID, IDIOMAID, LITERAL) values (30603, 1, 'Los Epigramas son obra del poeta hispanorromano Marcial donde nos muestra su gran poder de observación y la crudeza de la vida diaria en el Imperio Romano');

 

 insert into libro_tipo (TIPO_LIBROID, LITERALID, DESCRIPCIONID, DESCRIPCION, COPIABLE, GRAFICO) values (604, 20604, 30604, 'Pro Repellenda Iactancia' , 1, 'biblia');

insert into libro_nivel (TIPO_LIBROID, NIVEL, PAGINAS, PUNTUACION, PRECIO_MIN, PRECIO_MAX, CTD_PIEL_ENCUADERNAR, DESGASTE) values (604, 1, 525, 250000, 150000, 200000, 6, 0.027);

insert into literales (LITERALID, IDIOMAID, LITERAL) values (20604, 1, 'Pro Repellenda Iactancia');
insert into literales (LITERALID, IDIOMAID, LITERAL) values (30604, 1, 'Escrito por San Martin de Braga sobre la jactancia que debe ser repelida');

 

 insert into libro_tipo (TIPO_LIBROID, LITERALID, DESCRIPCIONID, DESCRIPCION, COPIABLE, GRAFICO) values (605, 20605, 30605, 'Item de Superbia' , 1, 'biblia');

insert into libro_nivel (TIPO_LIBROID, NIVEL, PAGINAS, PUNTUACION, PRECIO_MIN, PRECIO_MAX, CTD_PIEL_ENCUADERNAR, DESGASTE) values (605, 1, 600, 290000, 180000, 230000, 7, 0.027);

insert into literales (LITERALID, IDIOMAID, LITERAL) values (20605, 1, 'Item de Superbia');
insert into literales (LITERALID, IDIOMAID, LITERAL) values (30605, 1, 'Sobre la Soberbia, obra de San Martin de Braga sobre este pecado');

 

 insert into libro_tipo (TIPO_LIBROID, LITERALID, DESCRIPCIONID, DESCRIPCION, COPIABLE, GRAFICO) values (606, 20606, 30606, 'Exhortatio Humilitatis' , 1, 'biblia');

insert into libro_nivel (TIPO_LIBROID, NIVEL, PAGINAS, PUNTUACION, PRECIO_MIN, PRECIO_MAX, CTD_PIEL_ENCUADERNAR, DESGASTE) values (606, 1, 550, 270000, 160000, 210000, 6, 0.027);

insert into literales (LITERALID, IDIOMAID, LITERAL) values (20606, 1, 'Exhortatio Humilitatis');
insert into literales (LITERALID, IDIOMAID, LITERAL) values (30606, 1, 'Obra de San Martin de Braga, que tiene como tema central la Humildad');

 insert into libro_tipo (TIPO_LIBROID, LITERALID, DESCRIPCIONID, DESCRIPCION, COPIABLE, GRAFICO) values (607, 20607, 30607, 'Sententiae Patrum Aegyptiorum' , 1, 'biblia');

insert into libro_nivel (TIPO_LIBROID, NIVEL, PAGINAS, PUNTUACION, PRECIO_MIN, PRECIO_MAX, CTD_PIEL_ENCUADERNAR, DESGASTE) values (607, 1, 575, 280000, 170000, 220000, 6, 0.027);

insert into literales (LITERALID, IDIOMAID, LITERAL) values (20607, 1, 'Sententiae Patrum Aegyptiorum');
insert into literales (LITERALID, IDIOMAID, LITERAL) values (30607, 1, 'Recopilación de sentencias de los padres del cristianismo egipcio por parte de San Martin de Braga');

 insert into libro_tipo (TIPO_LIBROID, LITERALID, DESCRIPCIONID, DESCRIPCION, COPIABLE, GRAFICO) values (608, 20608, 30608, 'De Ira' , 1, 'biblia');

insert into libro_nivel (TIPO_LIBROID, NIVEL, PAGINAS, PUNTUACION, PRECIO_MIN, PRECIO_MAX, CTD_PIEL_ENCUADERNAR, DESGASTE) values (608, 1, 625, 300000, 190000, 240000, 7, 0.027);

insert into literales (LITERALID, IDIOMAID, LITERAL) values (20608, 1, 'De Ira');
insert into literales (LITERALID, IDIOMAID, LITERAL) values (30608, 1, 'Obra de San Martin de Braga');

 insert into libro_tipo (TIPO_LIBROID, LITERALID, DESCRIPCIONID, DESCRIPCION, COPIABLE, GRAFICO) values (609, 20609, 30609, 'Formula Vitae Honestae' , 1, 'biblia');

insert into libro_nivel (TIPO_LIBROID, NIVEL, PAGINAS, PUNTUACION, PRECIO_MIN, PRECIO_MAX, CTD_PIEL_ENCUADERNAR, DESGASTE) values (609, 1, 650, 310000, 200000, 250000, 7, 0.027);

insert into literales (LITERALID, IDIOMAID, LITERAL) values (20609, 1, 'Formula Vitae Honestae');
insert into literales (LITERALID, IDIOMAID, LITERAL) values (30609, 1, 'Obra de San Martin de Braga');

 

 insert into libro_tipo (TIPO_LIBROID, LITERALID, DESCRIPCIONID, DESCRIPCION, COPIABLE, GRAFICO) values (610, 20610, 30610, 'Mystagogia' , 1, 'biblia');

insert into libro_nivel (TIPO_LIBROID, NIVEL, PAGINAS, PUNTUACION, PRECIO_MIN, PRECIO_MAX, CTD_PIEL_ENCUADERNAR, DESGASTE) values (610, 1, 675, 320000, 210000, 260000, 7, 0.027);

insert into literales (LITERALID, IDIOMAID, LITERAL) values (20610, 1, 'Mystagogia');
insert into literales (LITERALID, IDIOMAID, LITERAL) values (30610, 1, 'Obra de Maximo el Confesor que conforma un comentario y meditación sobre la liturgia de la Eucaristia');

 insert into libro_tipo (TIPO_LIBROID, LITERALID, DESCRIPCIONID, DESCRIPCION, COPIABLE, GRAFICO) values (611, 20611, 30611, 'De Christo' , 1, 'biblia');

insert into libro_nivel (TIPO_LIBROID, NIVEL, PAGINAS, PUNTUACION, PRECIO_MIN, PRECIO_MAX, CTD_PIEL_ENCUADERNAR, DESGASTE) values (611, 1, 525, 250000, 150000, 200000, 6, 0.027);

insert into literales (LITERALID, IDIOMAID, LITERAL) values (20611, 1, 'De Christo');
insert into literales (LITERALID, IDIOMAID, LITERAL) values (30611, 1, 'Escrito por el poeta Flavio Merobaudes en el siglo V d.C. nacido en la Betica');

 insert into libro_tipo (TIPO_LIBROID, LITERALID, DESCRIPCIONID, DESCRIPCION, COPIABLE, GRAFICO) values (612, 20612, 30612, 'Liber Gratiae Specialis' , 1, 'biblia');

insert into libro_nivel (TIPO_LIBROID, NIVEL, PAGINAS, PUNTUACION, PRECIO_MIN, PRECIO_MAX, CTD_PIEL_ENCUADERNAR, DESGASTE) values (612, 1, 550, 270000, 160000, 210000, 6, 0.027);

insert into literales (LITERALID, IDIOMAID, LITERAL) values (20612, 1, 'Liber Gratiae Specialis');
insert into literales (LITERALID, IDIOMAID, LITERAL) values (30612, 1, 'Escrito por Santa Matilde de Hackeborn en el siglo XIII, el Libro de  la Gracia Especial recoge sus experiencias misticas asi como aspectos relacionados con la salvación y las virtudes');

 insert into libro_tipo (TIPO_LIBROID, LITERALID, DESCRIPCIONID, DESCRIPCION, COPIABLE, GRAFICO) values (613, 20613, 30613, 'De Electione Romani Pontifici' , 1, 'biblia');

insert into libro_nivel (TIPO_LIBROID, NIVEL, PAGINAS, PUNTUACION, PRECIO_MIN, PRECIO_MAX, CTD_PIEL_ENCUADERNAR, DESGASTE) values (613, 1, 550, 270000, 160000, 210000, 6, 0.027);

insert into literales (LITERALID, IDIOMAID, LITERAL) values (20613, 1, 'De Electione Romani Pontifici');
insert into literales (LITERALID, IDIOMAID, LITERAL) values (30613, 1, 'Decreto de Adeodato II sobre la elección pontificia en el siglo VII');

 insert into libro_tipo (TIPO_LIBROID, LITERALID, DESCRIPCIONID, DESCRIPCION, COPIABLE, GRAFICO) values (614, 20614, 30614, 'De Mysterio Trinitatis' , 1, 'biblia');

insert into libro_nivel (TIPO_LIBROID, NIVEL, PAGINAS, PUNTUACION, PRECIO_MIN, PRECIO_MAX, CTD_PIEL_ENCUADERNAR, DESGASTE) values (614, 1, 525, 250000, 150000, 200000, 6,0.027);

insert into literales (LITERALID, IDIOMAID, LITERAL) values (20614, 1, 'De Mysterio Trinitatis');
insert into literales (LITERALID, IDIOMAID, LITERAL) values (30614, 1, 'Obra de  San Buenaventura sobre la disputada cuestión de la Santisima Trinidad');

 insert into libro_tipo (TIPO_LIBROID, LITERALID, DESCRIPCIONID, DESCRIPCION, COPIABLE, GRAFICO) values (615, 20615, 30615, 'Lignum Vitae' , 1, 'biblia');

insert into libro_nivel (TIPO_LIBROID, NIVEL, PAGINAS, PUNTUACION, PRECIO_MIN, PRECIO_MAX, CTD_PIEL_ENCUADERNAR, DESGASTE) values (615, 1, 600, 290000, 180000, 230000, 7, 0.027);

insert into literales (LITERALID, IDIOMAID, LITERAL) values (20615, 1, 'Lignum Vitae');
insert into literales (LITERALID, IDIOMAID, LITERAL) values (30615, 1, 'Escrito por San Buenvantura');

 insert into libro_tipo (TIPO_LIBROID, LITERALID, DESCRIPCIONID, DESCRIPCION, COPIABLE, GRAFICO) values (616, 20616, 30616, 'Legenda Sancti Francisci' , 1, 'biblia');

insert into libro_nivel (TIPO_LIBROID, NIVEL, PAGINAS, PUNTUACION, PRECIO_MIN, PRECIO_MAX, CTD_PIEL_ENCUADERNAR, DESGASTE) values (616, 1, 550, 270000, 160000, 210000, 6, 0.027);

insert into literales (LITERALID, IDIOMAID, LITERAL) values (20616, 1, 'Legenda Sancti Francisci');
insert into literales (LITERALID, IDIOMAID, LITERAL) values (30616, 1, 'Escrito por San Buenaventura sobre San Francisco de Asis');

 insert into libro_tipo (TIPO_LIBROID, LITERALID, DESCRIPCIONID, DESCRIPCION, COPIABLE, GRAFICO) values (617, 20617, 30617, 'De Sex Alis Seraphin' , 1, 'biblia');

insert into libro_nivel (TIPO_LIBROID, NIVEL, PAGINAS, PUNTUACION, PRECIO_MIN, PRECIO_MAX, CTD_PIEL_ENCUADERNAR, DESGASTE) values (617, 1, 575, 280000, 170000, 220000, 6, 0.027);

insert into literales (LITERALID, IDIOMAID, LITERAL) values (20617, 1, 'De Sex Alis Seraphin');
insert into literales (LITERALID, IDIOMAID, LITERAL) values (30617, 1, 'Las seis alas del Serafin, obra de San Buenaventura');

 insert into libro_tipo (TIPO_LIBROID, LITERALID, DESCRIPCIONID, DESCRIPCION, COPIABLE, GRAFICO) values (618, 20618, 30618, 'Vitis Mystica' , 1, 'biblia');

insert into libro_nivel (TIPO_LIBROID, NIVEL, PAGINAS, PUNTUACION, PRECIO_MIN, PRECIO_MAX, CTD_PIEL_ENCUADERNAR, DESGASTE) values (618, 1, 625, 300000, 190000, 240000, 7, 0.027);

insert into literales (LITERALID, IDIOMAID, LITERAL) values (20618, 1, 'Vitis Mystica');
insert into literales (LITERALID, IDIOMAID, LITERAL) values (30618, 1, 'Obra de San Buenaventura');

 insert into libro_tipo (TIPO_LIBROID, LITERALID, DESCRIPCIONID, DESCRIPCION, COPIABLE, GRAFICO) values (619, 20619, 30619, 'Collationes in Hexaemeron' , 1, 'biblia');

insert into libro_nivel (TIPO_LIBROID, NIVEL, PAGINAS, PUNTUACION, PRECIO_MIN, PRECIO_MAX, CTD_PIEL_ENCUADERNAR, DESGASTE) values (619, 1, 650, 310000, 200000, 250000, 7, 0.027);

insert into literales (LITERALID, IDIOMAID, LITERAL) values (20619, 1, 'Collationes in Hexaemeron');
insert into literales (LITERALID, IDIOMAID, LITERAL) values (30619, 1, 'Obra de San Buenaventura respecto al dia de la Creacion');

 insert into libro_tipo (TIPO_LIBROID, LITERALID, DESCRIPCIONID, DESCRIPCION, COPIABLE, GRAFICO) values (620, 20620, 30620, 'Quaestio de Maria Magdalena' , 1, 'biblia');

insert into libro_nivel (TIPO_LIBROID, NIVEL, PAGINAS, PUNTUACION, PRECIO_MIN, PRECIO_MAX, CTD_PIEL_ENCUADERNAR, DESGASTE) values (620, 1, 675, 320000, 210000, 260000, 7, 0.027);

insert into literales (LITERALID, IDIOMAID, LITERAL) values (20620, 1, 'Questio de Maria Magdalena');
insert into literales (LITERALID, IDIOMAID, LITERAL) values (30620, 1, 'Escrito por  Joaquin de Fiore sobre la santa de Magdala');

 insert into libro_tipo (TIPO_LIBROID, LITERALID, DESCRIPCIONID, DESCRIPCION, COPIABLE, GRAFICO) values (621, 20621, 30621, 'De Operatione Daemonum' , 1, 'biblia');

insert into libro_nivel (TIPO_LIBROID, NIVEL, PAGINAS, PUNTUACION, PRECIO_MIN, PRECIO_MAX, CTD_PIEL_ENCUADERNAR, DESGASTE) values (621, 1, 525, 250000, 150000, 200000, 6, 0.027);

insert into literales (LITERALID, IDIOMAID, LITERAL) values (20621, 1, 'De Operatione Daemonum');
insert into literales (LITERALID, IDIOMAID, LITERAL) values (30621, 1, 'Escrito por Miguel Psellos en la mitad del siglo XI narra en forma de dialogo el enfrentamiento entre el ocultismo y el espíritu cientifico');

insert into libro_tipo (TIPO_LIBROID, LITERALID, DESCRIPCIONID, DESCRIPCION, COPIABLE, GRAFICO) values (622, 20622, 30622, 'De Laudibus Sanctae Crucis' , 1, 'biblia');

insert into libro_nivel (TIPO_LIBROID, NIVEL, PAGINAS, PUNTUACION, PRECIO_MIN, PRECIO_MAX, CTD_PIEL_ENCUADERNAR, DESGASTE) values (622, 1, 550, 270000, 160000, 210000, 6, 0.027);

insert into literales (LITERALID, IDIOMAID, LITERAL) values (20622, 1, 'De Laudibus Sanctae Crucis');
insert into literales (LITERALID, IDIOMAID, LITERAL) values (30622, 1, 'Escrito por Rabano Mauro teólogo alemán del siglo IX versa sobre el símbolo de la cruz y los nombres de Cristo');

 insert into libro_tipo (TIPO_LIBROID, LITERALID, DESCRIPCIONID, DESCRIPCION, COPIABLE, GRAFICO) values (623, 20623, 30623, 'De Clericorum Institutione' , 1, 'biblia');

insert into libro_nivel (TIPO_LIBROID, NIVEL, PAGINAS, PUNTUACION, PRECIO_MIN, PRECIO_MAX, CTD_PIEL_ENCUADERNAR, DESGASTE) values (623, 1, 550, 270000, 160000, 210000, 6, 0.027);

insert into literales (LITERALID, IDIOMAID, LITERAL) values (20623, 1, 'De Clericorum Institutione');
insert into literales (LITERALID, IDIOMAID, LITERAL) values (30623, 1, 'Obra de Rabano Mauro que conforma un manual destinado a futuros apostoles a modo de catecismo');

 insert into libro_tipo (TIPO_LIBROID, LITERALID, DESCRIPCIONID, DESCRIPCION, COPIABLE, GRAFICO) values (624, 20624, 30624, 'De Summa Fidei' , 1, 'biblia');

insert into libro_nivel (TIPO_LIBROID, NIVEL, PAGINAS, PUNTUACION, PRECIO_MIN, PRECIO_MAX, CTD_PIEL_ENCUADERNAR, DESGASTE) values (624, 1, 525, 250000, 150000, 200000, 6, 0.027);

insert into literales (LITERALID, IDIOMAID, LITERAL) values (20624, 1, 'De Summa Fidei');
insert into literales (LITERALID, IDIOMAID, LITERAL) values (30624, 1, 'Escrito por Adalberon, obispo de Laon en el siglo XI');

 insert into libro_tipo (TIPO_LIBROID, LITERALID, DESCRIPCIONID, DESCRIPCION, COPIABLE, GRAFICO) values (625, 20625, 30625, 'Enigmata' , 1, 'biblia');

insert into libro_nivel (TIPO_LIBROID, NIVEL, PAGINAS, PUNTUACION, PRECIO_MIN, PRECIO_MAX, CTD_PIEL_ENCUADERNAR, DESGASTE) values (625, 1, 600, 290000, 180000, 230000, 7, 0.027);

insert into literales (LITERALID, IDIOMAID, LITERAL) values (20625, 1, 'Enigmata');
insert into literales (LITERALID, IDIOMAID, LITERAL) values (30625, 1, 'Escrito por San Aldhelm, obispo de Sherborne y abad de Malmesbury en el siglo VII ');

 

 insert into libro_tipo (TIPO_LIBROID, LITERALID, DESCRIPCIONID, DESCRIPCION, COPIABLE, GRAFICO) values (626, 20626, 30626, 'De Septenerio' , 1, 'biblia');

insert into libro_nivel (TIPO_LIBROID, NIVEL, PAGINAS, PUNTUACION, PRECIO_MIN, PRECIO_MAX, CTD_PIEL_ENCUADERNAR, DESGASTE) values (626, 1, 575, 280000, 170000, 220000, 6, 0.027);

insert into literales (LITERALID, IDIOMAID, LITERAL) values (20626, 1, 'De Septenario');
insert into literales (LITERALID, IDIOMAID, LITERAL) values (30626, 1, 'Escrito por San Aldhelm, es un tratado sobre la influencia del numero siete en aritmetica');

 insert into libro_tipo (TIPO_LIBROID, LITERALID, DESCRIPCIONID, DESCRIPCION, COPIABLE, GRAFICO) values (627, 20627, 30627, 'De Pedum Regulis' , 1, 'biblia');

insert into libro_nivel (TIPO_LIBROID, NIVEL, PAGINAS, PUNTUACION, PRECIO_MIN, PRECIO_MAX, CTD_PIEL_ENCUADERNAR, DESGASTE) values (627, 1, 625, 300000, 190000, 240000, 7, 0.027);

insert into literales (LITERALID, IDIOMAID, LITERAL) values (20627, 1, 'De Pedum Regulis');
insert into literales (LITERALID, IDIOMAID, LITERAL) values (30627, 1, 'Obra de San Aldhelm que versa sobre las medidas métricas en poesia');

 

 insert into libro_tipo (TIPO_LIBROID, LITERALID, DESCRIPCIONID, DESCRIPCION, COPIABLE, GRAFICO) values (628, 20628, 30628, 'Carmen Rhythmicum' , 1, 'biblia');

insert into libro_nivel (TIPO_LIBROID, NIVEL, PAGINAS, PUNTUACION, PRECIO_MIN, PRECIO_MAX, CTD_PIEL_ENCUADERNAR, DESGASTE) values (628, 1, 650, 310000, 200000, 250000, 7, 0.027);

insert into literales (LITERALID, IDIOMAID, LITERAL) values (20628, 1, 'Carmen Rhytmicum ');
insert into literales (LITERALID, IDIOMAID, LITERAL) values (30628, 1, 'Obra de San Aldehelm en la que describe un viaje a través del oeste de Inglaterra');

 

 insert into libro_tipo (TIPO_LIBROID, LITERALID, DESCRIPCIONID, DESCRIPCION, COPIABLE, GRAFICO) values (629, 20629, 30629, 'De Incarnationis Dominicae Sacramento' , 1, 'biblia');

insert into libro_nivel (TIPO_LIBROID, NIVEL, PAGINAS, PUNTUACION, PRECIO_MIN, PRECIO_MAX, CTD_PIEL_ENCUADERNAR, DESGASTE) values (629, 1, 575, 280000, 170000, 220000, 6, 0.027);

insert into literales (LITERALID, IDIOMAID, LITERAL) values (20629, 1, 'De Incarnationis Dominicae Sacramento');
insert into literales (LITERALID, IDIOMAID, LITERAL) values (30629, 1, 'Obra de San Ambrosio de Milan sobre el sacramento de la Encarnación del Señor');

 

 insert into libro_tipo (TIPO_LIBROID, LITERALID, DESCRIPCIONID, DESCRIPCION, COPIABLE, GRAFICO) values (630, 20630, 30630, 'De Bono Mortis' , 1, 'biblia');

insert into libro_nivel (TIPO_LIBROID, NIVEL, PAGINAS, PUNTUACION, PRECIO_MIN, PRECIO_MAX, CTD_PIEL_ENCUADERNAR, DESGASTE) values (630, 1, 550, 270000, 160000, 210000, 6, 0.027);

insert into literales (LITERALID, IDIOMAID, LITERAL) values (20630, 1, 'De Bono Mortis');
insert into literales (LITERALID, IDIOMAID, LITERAL) values (30630, 1, 'Obra de San Ambrosio');

 insert into libro_tipo (TIPO_LIBROID, LITERALID, DESCRIPCIONID, DESCRIPCION, COPIABLE, GRAFICO) values (631, 20631, 30631, 'De Obitu Theodosii' , 1, 'biblia');

insert into libro_nivel (TIPO_LIBROID, NIVEL, PAGINAS, PUNTUACION, PRECIO_MIN, PRECIO_MAX, CTD_PIEL_ENCUADERNAR, DESGASTE) values (631, 1, 600, 290000, 180000, 230000, 7,0.027);

insert into literales (LITERALID, IDIOMAID, LITERAL) values (20631, 1, 'De Obitu Theodosii');
insert into literales (LITERALID, IDIOMAID, LITERAL) values (30631, 1, 'Escrito por San Ambrosio a modo de oración funeraria');

 insert into libro_tipo (TIPO_LIBROID, LITERALID, DESCRIPCIONID, DESCRIPCION, COPIABLE, GRAFICO) values (632, 20632, 30632, 'Collectio Canonum' , 1, 'biblia');

insert into libro_nivel (TIPO_LIBROID, NIVEL, PAGINAS, PUNTUACION, PRECIO_MIN, PRECIO_MAX, CTD_PIEL_ENCUADERNAR, DESGASTE) values (632, 1, 625, 300000, 190000, 240000, 7, 0.027);

insert into literales (LITERALID, IDIOMAID, LITERAL) values (20632, 1, 'Collectio Canonum');
insert into literales (LITERALID, IDIOMAID, LITERAL) values (30632, 1, 'Escrito por San Anselmo de Lucca el Joven, obispo italiano, son una recopilación de decretos y leyes eclesiásticos que pretendían apoyar la reforma gregoriana');

 insert into libro_tipo (TIPO_LIBROID, LITERALID, DESCRIPCIONID, DESCRIPCION, COPIABLE, GRAFICO) values (633, 20633, 30633, 'De Vocatione Omnium Gentium' , 1, 'biblia');

insert into libro_nivel (TIPO_LIBROID, NIVEL, PAGINAS, PUNTUACION, PRECIO_MIN, PRECIO_MAX, CTD_PIEL_ENCUADERNAR, DESGASTE) values (633, 1, 550, 270000, 160000, 210000, 6, 0.027);

insert into literales (LITERALID, IDIOMAID, LITERAL) values (20633, 1, 'De Vocatione Omnium Gentium');
insert into literales (LITERALID, IDIOMAID, LITERAL) values (30633, 1, 'Escrito por Prospero de Aquitania en el siglo V constituye su más importante teologica al intentar reconciliar las enseñanzas de San Agustion sobre la Gracia con su opinión de que Dios desea salvar a todos los hombres');

insert into libro_tipo (TIPO_LIBROID, LITERALID, DESCRIPCIONID, DESCRIPCION, COPIABLE, GRAFICO) values (634, 20634, 30634, 'De Synodis' , 1, 'biblia');

insert into libro_nivel (TIPO_LIBROID, NIVEL, PAGINAS, PUNTUACION, PRECIO_MIN, PRECIO_MAX, CTD_PIEL_ENCUADERNAR, DESGASTE) values (634, 1, 525, 250000, 150000, 200000, 6,0.027);

insert into literales (LITERALID, IDIOMAID, LITERAL) values (20634, 1, 'De Synodis');
insert into literales (LITERALID, IDIOMAID, LITERAL) values (30634, 1, 'Escrito por Hilario de Poitiers en el siglo IV y enviado a los obispos galos, alemanes y británicos, donde expone las verdaderas visiones del concilio de Nicea');

 insert into libro_tipo (TIPO_LIBROID, LITERALID, DESCRIPCIONID, DESCRIPCION, COPIABLE, GRAFICO) values (635, 20635, 30635, 'Historia Ottonis' , 1, 'biblia');

insert into libro_nivel (TIPO_LIBROID, NIVEL, PAGINAS, PUNTUACION, PRECIO_MIN, PRECIO_MAX, CTD_PIEL_ENCUADERNAR, DESGASTE) values (635, 1, 600, 290000, 180000, 230000, 7, 0.027);

insert into literales (LITERALID, IDIOMAID, LITERAL) values (20635, 1, 'Historia Ottonis');
insert into literales (LITERALID, IDIOMAID, LITERAL) values (30635, 1, 'Escrito por Liutprando de Cremona es una loa a su patrón el empresador Oton I');

insert into libro_tipo (TIPO_LIBROID, LITERALID, DESCRIPCIONID, DESCRIPCION, COPIABLE, GRAFICO) values (636, 20636, 30636, 'De Misericordia et Iustitia' , 1, 'biblia');

insert into libro_nivel (TIPO_LIBROID, NIVEL, PAGINAS, PUNTUACION, PRECIO_MIN, PRECIO_MAX, CTD_PIEL_ENCUADERNAR, DESGASTE) values (636, 1, 550, 270000, 160000, 210000, 6, 0.027);

insert into literales (LITERALID, IDIOMAID, LITERAL) values (20636, 1, 'De Misericordia et Iustitia');
insert into literales (LITERALID, IDIOMAID, LITERAL) values (30636, 1, 'Escrito por Alger de Lieja es una colección de extractos bíblicos y dichos de los Padres de la Iglesia comentador por el mismo');

 

 

 insert into libro_tipo (TIPO_LIBROID, LITERALID, DESCRIPCIONID, DESCRIPCION, COPIABLE, GRAFICO) values (637, 20637, 30637, 'Confessio Patricii' , 1, 'biblia');

insert into libro_nivel (TIPO_LIBROID, NIVEL, PAGINAS, PUNTUACION, PRECIO_MIN, PRECIO_MAX, CTD_PIEL_ENCUADERNAR, DESGASTE) values (637, 1, 575, 280000, 170000, 220000, 6, 0.027);

insert into literales (LITERALID, IDIOMAID, LITERAL) values (20637, 1, 'Confessio Patricii');
insert into literales (LITERALID, IDIOMAID, LITERAL) values (30637, 1, 'Las Confesiones de San Patricio, santo irlandés del siglo IV, son su obra más importante junto con su gran legado evangelizador y en ella da cuenta de su vida y su misión');

 

 insert into libro_tipo (TIPO_LIBROID, LITERALID, DESCRIPCIONID, DESCRIPCION, COPIABLE, GRAFICO) values (638, 20638, 30638, 'Tonarius' , 1, 'biblia');

insert into libro_nivel (TIPO_LIBROID, NIVEL, PAGINAS, PUNTUACION, PRECIO_MIN, PRECIO_MAX, CTD_PIEL_ENCUADERNAR, DESGASTE) values (638, 1, 625, 300000, 190000, 240000, 7, 0.027);

insert into literales (LITERALID, IDIOMAID, LITERAL) values (20638, 1, 'Tonarius ');
insert into literales (LITERALID, IDIOMAID, LITERAL) values (30638, 1, 'Obra del abad benedictino Regino de Prum compuesta por un conjunto de cantos');

 

 insert into libro_tipo (TIPO_LIBROID, LITERALID, DESCRIPCIONID, DESCRIPCION, COPIABLE, GRAFICO) values (639, 20639, 30639, 'De Adulteratione Librorum Origenis' , 1, 'biblia');

insert into libro_nivel (TIPO_LIBROID, NIVEL, PAGINAS, PUNTUACION, PRECIO_MIN, PRECIO_MAX, CTD_PIEL_ENCUADERNAR, DESGASTE) values (639, 1, 650, 310000, 200000, 250000, 7, 0.027);

insert into literales (LITERALID, IDIOMAID, LITERAL) values (20639, 1, 'De Adulteratione Librorum Origenis');
insert into literales (LITERALID, IDIOMAID, LITERAL) values (30639, 1, 'Escrito por Rufinus de Aquileia sobre la falsificación de los textos originales y la subjetividad de la interpretacion');

 

 insert into libro_tipo (TIPO_LIBROID, LITERALID, DESCRIPCIONID, DESCRIPCION, COPIABLE, GRAFICO) values (640, 20640, 30640, 'Monodiae' , 1, 'biblia');

insert into libro_nivel (TIPO_LIBROID, NIVEL, PAGINAS, PUNTUACION, PRECIO_MIN, PRECIO_MAX, CTD_PIEL_ENCUADERNAR, DESGASTE) values (640, 1, 675, 320000, 210000, 260000, 7, 0.027);

insert into literales (LITERALID, IDIOMAID, LITERAL) values (20640, 1, 'Monodiae');
insert into literales (LITERALID, IDIOMAID, LITERAL) values (30640, 1, 'Escrito por Guibert de Nogent  en 1115 al final de su vida traza su existencia y las costumbres de su pais');

 insert into libro_tipo (TIPO_LIBROID, LITERALID, DESCRIPCIONID, DESCRIPCION, COPIABLE, GRAFICO) values (641, 20641, 30641, 'Paraenesis Didascalica' , 1, 'biblia');

insert into libro_nivel (TIPO_LIBROID, NIVEL, PAGINAS, PUNTUACION, PRECIO_MIN, PRECIO_MAX, CTD_PIEL_ENCUADERNAR, DESGASTE) values (641, 1, 525, 250000, 150000, 200000, 6, 0.027);

insert into literales (LITERALID, IDIOMAID, LITERAL) values (20641, 1, 'Paraenesis Didascalia');
insert into literales (LITERALID, IDIOMAID, LITERAL) values (30641, 1, 'Escrito por Enodio de Pavia como guía educacional en la que clama por la gramatica y la retorica');

 insert into libro_tipo (TIPO_LIBROID, LITERALID, DESCRIPCIONID, DESCRIPCION, COPIABLE, GRAFICO) values (642, 20642, 30642, 'De Imagine Tetrici' , 1, 'biblia');

insert into libro_nivel (TIPO_LIBROID, NIVEL, PAGINAS, PUNTUACION, PRECIO_MIN, PRECIO_MAX, CTD_PIEL_ENCUADERNAR, DESGASTE) values (642, 1, 550, 270000, 160000, 210000, 6, 0.027);

insert into literales (LITERALID, IDIOMAID, LITERAL) values (20642, 1, 'De Imagine Tetrici');
insert into literales (LITERALID, IDIOMAID, LITERAL) values (30642, 1, 'Escrito por  Walafrido Strabo, es un curioso poema inspirado en la estatua ecuestre de Teodorico el Grande');

 insert into libro_tipo (TIPO_LIBROID, LITERALID, DESCRIPCIONID, DESCRIPCION, COPIABLE, GRAFICO) values (643, 20643, 30643, 'Libri Carolini' , 1, 'biblia');

insert into libro_nivel (TIPO_LIBROID, NIVEL, PAGINAS, PUNTUACION, PRECIO_MIN, PRECIO_MAX, CTD_PIEL_ENCUADERNAR, DESGASTE) values (643, 1, 550, 270000, 160000, 210000, 6, 0.027);

insert into literales (LITERALID, IDIOMAID, LITERAL) values (20643, 1, 'Libri Carolini');
insert into literales (LITERALID, IDIOMAID, LITERAL) values (30643, 1, 'Escrito por Teodolfo de Orleans en el siglo IX sobre el Segundo Concilio de Nicia celebrado en 787 d.C.');

 