insert into libro_tipo (TIPO_LIBROID, LITERALID, DESCRIPCIONID, DESCRIPCION, COPIABLE, GRAFICO) values (355, 20355, 30355, 'Summulae Logicales' , 1, 'biblia');

insert into libro_nivel (TIPO_LIBROID, NIVEL, PAGINAS, PUNTUACION, PRECIO_MIN, PRECIO_MAX, CTD_PIEL_ENCUADERNAR, DESGASTE) values (355, 1, 525, 283000, 125000, 175000, 7, 0.027);

insert into literales (LITERALID, IDIOMAID, LITERAL) values (20355, 1, 'Summulae Logicales');
insert into literales (LITERALID, IDIOMAID, LITERAL) values (30355, 1, 'Escrito por el Papa Juan XXI');

insert into libro_tipo (TIPO_LIBROID, LITERALID, DESCRIPCIONID, DESCRIPCION, COPIABLE, GRAFICO) values (356, 20356, 30356, 'De Viris Illustribus' , 1, 'biblia');

insert into libro_nivel (TIPO_LIBROID, NIVEL, PAGINAS, PUNTUACION, PRECIO_MIN, PRECIO_MAX, CTD_PIEL_ENCUADERNAR, DESGASTE) values (356, 1, 460, 195000, 140000, 190000, 5, 0.027);

insert into literales (LITERALID, IDIOMAID, LITERAL) values (20356, 1, 'De Viris Illustribus');
insert into literales (LITERALID, IDIOMAID, LITERAL) values (30356, 1, 'Escrito por San Ildefonso de Toledo');

insert into libro_tipo (TIPO_LIBROID, LITERALID, DESCRIPCIONID, DESCRIPCION, COPIABLE, GRAFICO) values (357, 20357, 30357, 'Paraenesis ad Paenitentiam' , 1, 'biblia');

insert into libro_nivel (TIPO_LIBROID, NIVEL, PAGINAS, PUNTUACION, PRECIO_MIN, PRECIO_MAX, CTD_PIEL_ENCUADERNAR, DESGASTE) values (357, 1, 550, 230000, 160000, 210000, 6, 0.027);

insert into literales (LITERALID, IDIOMAID, LITERAL) values (20357, 1, 'Paraenesis ad Paenitentiam');
insert into literales (LITERALID, IDIOMAID, LITERAL) values (30357, 1, 'Escrito por San Paciano');

insert into libro_tipo (TIPO_LIBROID, LITERALID, DESCRIPCIONID, DESCRIPCION, COPIABLE, GRAFICO) values (358, 20358, 30358, 'De Vera Religione Liber' , 1, 'biblia');

insert into libro_nivel (TIPO_LIBROID, NIVEL, PAGINAS, PUNTUACION, PRECIO_MIN, PRECIO_MAX, CTD_PIEL_ENCUADERNAR, DESGASTE) values (358, 1, 450, 205000, 135000, 185000, 5, 0.027);

insert into literales (LITERALID, IDIOMAID, LITERAL) values (20358, 1, 'De Vera Religione Liber');
insert into literales (LITERALID, IDIOMAID, LITERAL) values (30358, 1, 'Escrito por San Agustin en el año 390');

insert into libro_tipo (TIPO_LIBROID, LITERALID, DESCRIPCIONID, DESCRIPCION, COPIABLE, GRAFICO) values (359, 20359, 30359, 'Etymologiae' , 1, 'biblia');

insert into libro_nivel (TIPO_LIBROID, NIVEL, PAGINAS, PUNTUACION, PRECIO_MIN, PRECIO_MAX, CTD_PIEL_ENCUADERNAR, DESGASTE) values (359, 1, 800, 300000, 200000, 250000, 9, 0.027);

insert into literales (LITERALID, IDIOMAID, LITERAL) values (20359, 1, 'Etymologiae');
insert into literales (LITERALID, IDIOMAID, LITERAL) values (30359, 1, 'Escrito por San Isidoro de Sevilla');

insert into libro_tipo (TIPO_LIBROID, LITERALID, DESCRIPCIONID, DESCRIPCION, COPIABLE, GRAFICO) values (360, 20360, 30360, 'De Genere Monachorum' , 1, 'biblia');

insert into libro_nivel (TIPO_LIBROID, NIVEL, PAGINAS, PUNTUACION, PRECIO_MIN, PRECIO_MAX, CTD_PIEL_ENCUADERNAR, DESGASTE) values (360, 1, 750, 285000, 185000, 235000, 9, 0.027);

insert into literales (LITERALID, IDIOMAID, LITERAL) values (20360, 1, 'De Genere Monachorum');
insert into literales (LITERALID, IDIOMAID, LITERAL) values (30360, 1, 'Escrito por San Valerio');

insert into libro_tipo (TIPO_LIBROID, LITERALID, DESCRIPCIONID, DESCRIPCION, COPIABLE, GRAFICO) values (361, 20361, 30361, 'Soliloquiorum Libri' , 1, 'biblia');

insert into libro_nivel (TIPO_LIBROID, NIVEL, PAGINAS, PUNTUACION, PRECIO_MIN, PRECIO_MAX, CTD_PIEL_ENCUADERNAR, DESGASTE) values (361, 1, 700, 265000, 175000, 225000, 9, 0.027);

insert into literales (LITERALID, IDIOMAID, LITERAL) values (20361, 1, 'Soliloquiorum Libri');
insert into literales (LITERALID, IDIOMAID, LITERAL) values (30361, 1, 'Escrito por San Agustin');

insert into libro_tipo (TIPO_LIBROID, LITERALID, DESCRIPCIONID, DESCRIPCION, COPIABLE, GRAFICO) values (362, 20362, 30362, 'De Spiritu Sancto' , 1, 'biblia');

insert into libro_nivel (TIPO_LIBROID, NIVEL, PAGINAS, PUNTUACION, PRECIO_MIN, PRECIO_MAX, CTD_PIEL_ENCUADERNAR, DESGASTE) values (362, 1, 450, 205000, 135000, 185000, 5, 0.027);

insert into literales (LITERALID, IDIOMAID, LITERAL) values (20362, 1, 'De Spiritu Sancto');
insert into literales (LITERALID, IDIOMAID, LITERAL) values (30362, 1, 'Escrito por San Basilio de Cesarea');

insert into libro_tipo (TIPO_LIBROID, LITERALID, DESCRIPCIONID, DESCRIPCION, COPIABLE, GRAFICO) values (363, 20363, 30363, 'Panarion' , 1, 'biblia');

insert into libro_nivel (TIPO_LIBROID, NIVEL, PAGINAS, PUNTUACION, PRECIO_MIN, PRECIO_MAX, CTD_PIEL_ENCUADERNAR, DESGASTE) values (363, 1, 525, 283000, 125000, 175000, 7, 0.027);

insert into literales (LITERALID, IDIOMAID, LITERAL) values (20363, 1, 'Panarion');
insert into literales (LITERALID, IDIOMAID, LITERAL) values (30363, 1, 'Escrito por Epifanio de Salamis');

insert into libro_tipo (TIPO_LIBROID, LITERALID, DESCRIPCIONID, DESCRIPCION, COPIABLE, GRAFICO) values (364, 20364, 30364, 'De Libero Arbitrio Libri' , 1, 'biblia');

insert into libro_nivel (TIPO_LIBROID, NIVEL, PAGINAS, PUNTUACION, PRECIO_MIN, PRECIO_MAX, CTD_PIEL_ENCUADERNAR, DESGASTE) values (364, 1, 625, 250000, 150000, 200000, 8, 0.027);

insert into literales (LITERALID, IDIOMAID, LITERAL) values (20364, 1, 'De Libero Arbitrio Libri');
insert into literales (LITERALID, IDIOMAID, LITERAL) values (30364, 1, 'Escrito por San Agustin');

insert into libro_tipo (TIPO_LIBROID, LITERALID, DESCRIPCIONID, DESCRIPCION, COPIABLE, GRAFICO) values (365, 20365, 30365, 'Moralium in Job' , 1, 'biblia');

insert into libro_nivel (TIPO_LIBROID, NIVEL, PAGINAS, PUNTUACION, PRECIO_MIN, PRECIO_MAX, CTD_PIEL_ENCUADERNAR, DESGASTE) values (365, 1, 700, 265000, 175000, 225000, 9, 0.027);

insert into literales (LITERALID, IDIOMAID, LITERAL) values (20365, 1, 'Moralium in Job');
insert into literales (LITERALID, IDIOMAID, LITERAL) values (30365, 1, 'Escrito por San Gregorio Magno');

insert into libro_tipo (TIPO_LIBROID, LITERALID, DESCRIPCIONID, DESCRIPCION, COPIABLE, GRAFICO) values (366, 20366, 30366, 'De Diligendo Deo' , 1, 'biblia');

insert into libro_nivel (TIPO_LIBROID, NIVEL, PAGINAS, PUNTUACION, PRECIO_MIN, PRECIO_MAX, CTD_PIEL_ENCUADERNAR, DESGASTE) values (366, 1, 500, 275000, 135000, 185000,6, 0.027);

insert into literales (LITERALID, IDIOMAID, LITERAL) values (20366, 1, 'De Diligendo Deo');
insert into literales (LITERALID, IDIOMAID, LITERAL) values (30366, 1, 'Escrito por San Bernardo en 1126');

insert into libro_tipo (TIPO_LIBROID, LITERALID, DESCRIPCIONID, DESCRIPCION, COPIABLE, GRAFICO) values (367, 20367, 30367, 'De Beata Vita Liber' , 1, 'biblia');

insert into libro_nivel (TIPO_LIBROID, NIVEL, PAGINAS, PUNTUACION, PRECIO_MIN, PRECIO_MAX, CTD_PIEL_ENCUADERNAR, DESGASTE) values (367, 1, 625, 235000, 150000, 200000, 7, 0.027);

insert into literales (LITERALID, IDIOMAID, LITERAL) values (20367, 1, 'De Beata Vita Liber');
insert into literales (LITERALID, IDIOMAID, LITERAL) values (30367, 1, 'Escrito por San Agustin');

insert into libro_tipo (TIPO_LIBROID, LITERALID, DESCRIPCIONID, DESCRIPCION, COPIABLE, GRAFICO) values (368, 20368, 30368, 'De Planctu Naturae' , 1, 'biblia');

insert into libro_nivel (TIPO_LIBROID, NIVEL, PAGINAS, PUNTUACION, PRECIO_MIN, PRECIO_MAX, CTD_PIEL_ENCUADERNAR, DESGASTE) values (368, 1, 675, 255000, 165000, 195000, 8, 0.027);

insert into literales (LITERALID, IDIOMAID, LITERAL) values (20368, 1, 'De Planctu Naturae');
insert into literales (LITERALID, IDIOMAID, LITERAL) values (30368, 1, 'Escrito por Alain de Lille');

insert into libro_tipo (TIPO_LIBROID, LITERALID, DESCRIPCIONID, DESCRIPCION, COPIABLE, GRAFICO) values (369, 20369, 30369, 'De Hominis Opificio' , 1, 'biblia');

insert into libro_nivel (TIPO_LIBROID, NIVEL, PAGINAS, PUNTUACION, PRECIO_MIN, PRECIO_MAX, CTD_PIEL_ENCUADERNAR, DESGASTE) values (369, 1, 485, 215000, 145000, 195000, 6, 0.027);

insert into literales (LITERALID, IDIOMAID, LITERAL) values (20369, 1, 'De Hominis Opificio');
insert into literales (LITERALID, IDIOMAID, LITERAL) values (30369, 1, 'Escrito por Gregorio Niseno');

insert into libro_tipo (TIPO_LIBROID, LITERALID, DESCRIPCIONID, DESCRIPCION, COPIABLE, GRAFICO) values (370, 20370, 30370, 'De Immortalitate Animae Liber' , 1, 'biblia');

insert into libro_nivel (TIPO_LIBROID, NIVEL, PAGINAS, PUNTUACION, PRECIO_MIN, PRECIO_MAX, CTD_PIEL_ENCUADERNAR, DESGASTE) values (370, 1, 450, 205000, 135000, 185000, 5, 0.027);

insert into literales (LITERALID, IDIOMAID, LITERAL) values (20370, 1, 'De Immortalitate Animae Liber');
insert into literales (LITERALID, IDIOMAID, LITERAL) values (30370, 1, 'Escrito por San Agustin');

insert into libro_tipo (TIPO_LIBROID, LITERALID, DESCRIPCIONID, DESCRIPCION, COPIABLE, GRAFICO) values (371, 20371, 30371, 'De Natura Hominis' , 1, 'biblia');

insert into libro_nivel (TIPO_LIBROID, NIVEL, PAGINAS, PUNTUACION, PRECIO_MIN, PRECIO_MAX, CTD_PIEL_ENCUADERNAR, DESGASTE) values (371, 1, 450, 205000, 135000, 185000, 5, 0.027);

insert into literales (LITERALID, IDIOMAID, LITERAL) values (20371, 1, 'De Natura Hominis');
insert into literales (LITERALID, IDIOMAID, LITERAL) values (30371, 1, 'Escrito por Nemesio de Emesa');

insert into libro_tipo (TIPO_LIBROID, LITERALID, DESCRIPCIONID, DESCRIPCION, COPIABLE, GRAFICO) values (372, 20372, 30372, 'Hortus Deliciarum' , 1, 'biblia');

insert into libro_nivel (TIPO_LIBROID, NIVEL, PAGINAS, PUNTUACION, PRECIO_MIN, PRECIO_MAX, CTD_PIEL_ENCUADERNAR, DESGASTE) values (372, 1, 700, 265000, 175000, 225000, 9, 0.027);

insert into literales (LITERALID, IDIOMAID, LITERAL) values (20372, 1, 'Hortus Deliciarum');
insert into literales (LITERALID, IDIOMAID, LITERAL) values (30372, 1, 'Escrito por la abadesa Herrade de Lansberg');

insert into libro_tipo (TIPO_LIBROID, LITERALID, DESCRIPCIONID, DESCRIPCION, COPIABLE, GRAFICO) values (373, 20373, 30373, 'De Magistro Liber' , 1, 'biblia');

insert into libro_nivel (TIPO_LIBROID, NIVEL, PAGINAS, PUNTUACION, PRECIO_MIN, PRECIO_MAX, CTD_PIEL_ENCUADERNAR, DESGASTE) values (373, 1, 650, 255000, 155000, 205000, 8, 0.027);

insert into literales (LITERALID, IDIOMAID, LITERAL) values (20373, 1, 'De Magistro Liber');
insert into literales (LITERALID, IDIOMAID, LITERAL) values (30373, 1, 'Escrito por San Agustin');

insert into libro_tipo (TIPO_LIBROID, LITERALID, DESCRIPCIONID, DESCRIPCION, COPIABLE, GRAFICO) values (374, 20374, 30374, 'Chronographia' , 1, 'biblia');

insert into libro_nivel (TIPO_LIBROID, NIVEL, PAGINAS, PUNTUACION, PRECIO_MIN, PRECIO_MAX, CTD_PIEL_ENCUADERNAR, DESGASTE) values (374, 1, 750, 285000, 185000, 235000, 9, 0.027);

insert into literales (LITERALID, IDIOMAID, LITERAL) values (20374, 1, 'Chronographia');
insert into literales (LITERALID, IDIOMAID, LITERAL) values (30374, 1, 'Escrito por Sigeberto de Gembloux');
