insert into libro_tipo (TIPO_LIBROID, LITERALID, DESCRIPCIONID, DESCRIPCION, COPIABLE, GRAFICO) values (407, 20407, 30407, 'Antiphonarium Benchorense' , 1, 'biblia');
insert into libro_nivel (TIPO_LIBROID, NIVEL, PAGINAS, PUNTUACION, PRECIO_MIN, PRECIO_MAX, CTD_PIEL_ENCUADERNAR, DESGASTE) values (407, 1, 500, 500000, 280000, 330000, 6, 0.027);
insert into literales (LITERALID, IDIOMAID, LITERAL) values (20407, 1, 'Antiphonarium Benchorense');
insert into literales (LITERALID, IDIOMAID, LITERAL) values (30407, 1, 'Escrito en la abadia de Bangor es uno de los textos cristianos irlandeses más antiguos');

INSERT INTO `libro` (`LIBROID`,`TIPO_LIBROID`,`ABADIAID`,`FECHA_CREACION`,`FECHA_ADQUISICION`,`ESTADO`,`IDIOMAID`,`PAGINAS_COPIADAS`,`PRECIO_COPIA`) VALUES (NULL,'407','1000014053','1163-11-20','1163-11-12','2','17','500','400000');


insert into libro_tipo (TIPO_LIBROID, LITERALID, DESCRIPCIONID, DESCRIPCION, COPIABLE, GRAFICO) values (408, 20408, 30408, 'Leabhar Ghabhala Erenn' , 1, 'biblia');
insert into libro_nivel (TIPO_LIBROID, NIVEL, PAGINAS, PUNTUACION, PRECIO_MIN, PRECIO_MAX, CTD_PIEL_ENCUADERNAR, DESGASTE) values (408, 1, 500, 500000, 280000, 330000, 6, 0.027);
insert into literales (LITERALID, IDIOMAID, LITERAL) values (20408, 1, 'Leabhar Ghabhala Erenn');
insert into literales (LITERALID, IDIOMAID, LITERAL) values (30408, 1, 'Conjunto de manuscritos que relatan las invasiones celtas de Irlanda hasta el siglo XI');

INSERT INTO `libro` (`LIBROID`,`TIPO_LIBROID`,`ABADIAID`,`FECHA_CREACION`,`FECHA_ADQUISICION`,`ESTADO`,`IDIOMAID`,`PAGINAS_COPIADAS`,`PRECIO_COPIA`) VALUES (NULL,'408',' 3948','1163-11-20','1163-11-12','2','17','500','400000');


insert into libro_tipo (TIPO_LIBROID, LITERALID, DESCRIPCIONID, DESCRIPCION, COPIABLE, GRAFICO) values (409, 20409, 30409, 'Leabhar Cheanannais' , 1, 'biblia');
insert into libro_nivel (TIPO_LIBROID, NIVEL, PAGINAS, PUNTUACION, PRECIO_MIN, PRECIO_MAX, CTD_PIEL_ENCUADERNAR, DESGASTE) values (409, 1, 500, 500000, 280000, 330000, 6, 0.027);
insert into literales (LITERALID, IDIOMAID, LITERAL) values (20409, 1, 'Leabhar Cheanannais');
insert into literales (LITERALID, IDIOMAID, LITERAL) values (30409, 1, 'El Gran Evangelario de San Columba esa una obra ricamente ornada realizado por monjes celtas hacia el año 800');

INSERT INTO `libro` (`LIBROID`,`TIPO_LIBROID`,`ABADIAID`,`FECHA_CREACION`,`FECHA_ADQUISICION`,`ESTADO`,`IDIOMAID`,`PAGINAS_COPIADAS`,`PRECIO_COPIA`) VALUES (NULL,'409',' 1000000719','1163-11-20','1163-11-12','2','17','500','400000');

insert into libro_tipo (TIPO_LIBROID, LITERALID, DESCRIPCIONID, DESCRIPCION, COPIABLE, GRAFICO) values (410, 20410, 30410, 'Lebor na Nuachongbala' , 1, 'biblia');
insert into libro_nivel (TIPO_LIBROID, NIVEL, PAGINAS, PUNTUACION, PRECIO_MIN, PRECIO_MAX, CTD_PIEL_ENCUADERNAR, DESGASTE) values (410, 1, 500, 500000, 280000, 330000, 6, 0.027);
insert into literales (LITERALID, IDIOMAID, LITERAL) values (20410, 1, 'Lebor na Nuachongbala');
insert into literales (LITERALID, IDIOMAID, LITERAL) values (30410, 1, 'Compilado por  Aed Ua Crimthainn constituye una de las fuentes más importantes para la cultura irlandesa antigua');

INSERT INTO `libro` (`LIBROID`,`TIPO_LIBROID`,`ABADIAID`,`FECHA_CREACION`,`FECHA_ADQUISICION`,`ESTADO`,`IDIOMAID`,`PAGINAS_COPIADAS`,`PRECIO_COPIA`) VALUES (NULL,'410',' 1000012718','1163-11-20','1163-11-12','2','17','500','400000');