 
insert into libro_tipo (TIPO_LIBROID, LITERALID, DESCRIPCIONID, DESCRIPCION, COPIABLE, GRAFICO) values (494, 20494, 30494, 'Corpus Iuris Civilis' , 1, 'biblia');
insert into libro_nivel (TIPO_LIBROID, NIVEL, PAGINAS, PUNTUACION, PRECIO_MIN, PRECIO_MAX, CTD_PIEL_ENCUADERNAR, DESGASTE) values (494, 1, 800, 325500, 220000, 276000, 9, 0.027);
insert into literales (LITERALID, IDIOMAID, LITERAL) values (20494, 1, 'Corpus Iuris Civilis');
insert into literales (LITERALID, IDIOMAID, LITERAL) values (30494, 1, 'Recopilación de Derecho Romano realizada en el siglo VI por orden de Justiniano I');
insert into libro_tipo (TIPO_LIBROID, LITERALID, DESCRIPCIONID, DESCRIPCION, COPIABLE, GRAFICO) values (495, 20495, 30495, 'Corpus Iuris Canonici' , 1, 'biblia');
insert into libro_nivel (TIPO_LIBROID, NIVEL, PAGINAS, PUNTUACION, PRECIO_MIN, PRECIO_MAX, CTD_PIEL_ENCUADERNAR, DESGASTE) values (495, 1, 800, 325500, 220000, 276000, 9, 0.027);
insert into literales (LITERALID, IDIOMAID, LITERAL) values (20495, 1, 'Corpus Iuris Canonici');
insert into literales (LITERALID, IDIOMAID, LITERAL) values (30495, 1, 'Colección de Derecho canonico de la Iglesia');
insert into libro_tipo (TIPO_LIBROID, LITERALID, DESCRIPCIONID, DESCRIPCION, COPIABLE, GRAFICO) values (496, 20496, 30496, 'De senectute' , 1, 'biblia');
insert into libro_nivel (TIPO_LIBROID, NIVEL, PAGINAS, PUNTUACION, PRECIO_MIN, PRECIO_MAX, CTD_PIEL_ENCUADERNAR, DESGASTE) values (496, 1, 625, 251000, 186000, 236000, 7, 0.027);
insert into literales (LITERALID, IDIOMAID, LITERAL) values (20496, 1, 'De senectute');
insert into literales (LITERALID, IDIOMAID, LITERAL) values (30496, 1, 'Tratado sobre la vejez escrito por Ciceron');
insert into libro_tipo (TIPO_LIBROID, LITERALID, DESCRIPCIONID, DESCRIPCION, COPIABLE, GRAFICO) values (497, 20497, 30497, 'De legibus' , 1, 'biblia');
insert into libro_nivel (TIPO_LIBROID, NIVEL, PAGINAS, PUNTUACION, PRECIO_MIN, PRECIO_MAX, CTD_PIEL_ENCUADERNAR, DESGASTE) values (497, 1, 520, 228000, 159000, 200000, 6, 0.027);
insert into literales (LITERALID, IDIOMAID, LITERAL) values (20497, 1, 'De legibus');
insert into literales (LITERALID, IDIOMAID, LITERAL) values (30497, 1, 'Tratado sobre el derecho natural y las leyes escrito por Ciceron');
insert into libro_tipo (TIPO_LIBROID, LITERALID, DESCRIPCIONID, DESCRIPCION, COPIABLE, GRAFICO) values (498, 20498, 30498, 'In Catilinam' , 1, 'biblia');
insert into libro_nivel (TIPO_LIBROID, NIVEL, PAGINAS, PUNTUACION, PRECIO_MIN, PRECIO_MAX, CTD_PIEL_ENCUADERNAR, DESGASTE) values (498, 1, 420, 215000, 125000, 175000, 5, 0.027);
insert into literales (LITERALID, IDIOMAID, LITERAL) values (20498, 1, 'In Catilinam');
insert into literales (LITERALID, IDIOMAID, LITERAL) values (30498, 1, 'Discursos de Ciceron contra Catilina');
insert into libro_tipo (TIPO_LIBROID, LITERALID, DESCRIPCIONID, DESCRIPCION, COPIABLE, GRAFICO) values (499, 20499, 30499, 'Categoriae' , 1, 'biblia');
insert into libro_nivel (TIPO_LIBROID, NIVEL, PAGINAS, PUNTUACION, PRECIO_MIN, PRECIO_MAX, CTD_PIEL_ENCUADERNAR, DESGASTE) values (499, 1, 510, 226000, 156000, 186000, 5, 0.027);
insert into literales (LITERALID, IDIOMAID, LITERAL) values (20499, 1, 'Categoriae');
insert into literales (LITERALID, IDIOMAID, LITERAL) values (30499, 1, 'Obra de Aristoteles, en la que propone una clasificación de aspecto lógicos y filosoficos');
insert into libro_tipo (TIPO_LIBROID, LITERALID, DESCRIPCIONID, DESCRIPCION, COPIABLE, GRAFICO) values (500, 20500, 30500, 'Apologeticum' , 1, 'biblia');
insert into libro_nivel (TIPO_LIBROID, NIVEL, PAGINAS, PUNTUACION, PRECIO_MIN, PRECIO_MAX, CTD_PIEL_ENCUADERNAR, DESGASTE) values (500, 1, 420, 215000, 125000, 175000, 5, 0.027);
insert into literales (LITERALID, IDIOMAID, LITERAL) values (20500, 1, 'Apologeticum');
insert into literales (LITERALID, IDIOMAID, LITERAL) values (30500, 1, 'Obra de Tertuliano en la que realiza una defensa del Cristianismo frente a los gentiles');
insert into libro_tipo (TIPO_LIBROID, LITERALID, DESCRIPCIONID, DESCRIPCION, COPIABLE, GRAFICO) values (501, 20501, 30501, 'De Carne Christi' , 1, 'biblia');
insert into libro_nivel (TIPO_LIBROID, NIVEL, PAGINAS, PUNTUACION, PRECIO_MIN, PRECIO_MAX, CTD_PIEL_ENCUADERNAR, DESGASTE) values (501, 1, 480, 220000, 150000, 205000, 5, 0.027);
insert into literales (LITERALID, IDIOMAID, LITERAL) values (20501, 1, 'De Carne Christi');
insert into literales (LITERALID, IDIOMAID, LITERAL) values (30501, 1, 'Obra de Tertuliano');
insert into libro_tipo (TIPO_LIBROID, LITERALID, DESCRIPCIONID, DESCRIPCION, COPIABLE, GRAFICO) values (502, 20502, 30502, 'De Consolatione Philosophiae' , 1, 'biblia');
insert into libro_nivel (TIPO_LIBROID, NIVEL, PAGINAS, PUNTUACION, PRECIO_MIN, PRECIO_MAX, CTD_PIEL_ENCUADERNAR, DESGASTE) values (502, 1, 600, 250000, 175000, 200000, 6, 0.027);
insert into literales (LITERALID, IDIOMAID, LITERAL) values (20502, 1, 'De Consolatione Philosophiae');
insert into literales (LITERALID, IDIOMAID, LITERAL) values (30502, 1, 'Obra de Boecio a modo de dialogo entre el autor y la Filosofia');
insert into libro_tipo (TIPO_LIBROID, LITERALID, DESCRIPCIONID, DESCRIPCION, COPIABLE, GRAFICO) values (503, 20503, 30503, 'Opuscula Theologiae' , 1, 'biblia');
insert into libro_nivel (TIPO_LIBROID, NIVEL, PAGINAS, PUNTUACION, PRECIO_MIN, PRECIO_MAX, CTD_PIEL_ENCUADERNAR, DESGASTE) values (503, 1, 630, 255000, 188000, 218000, 7, 0.027);
insert into literales (LITERALID, IDIOMAID, LITERAL) values (20503, 1, 'Opuscula Theologiae');
insert into literales (LITERALID, IDIOMAID, LITERAL) values (30503, 1, 'Obra de Boecio sobre teologia');
insert into libro_tipo (TIPO_LIBROID, LITERALID, DESCRIPCIONID, DESCRIPCION, COPIABLE, GRAFICO) values (504, 20504, 30504, 'Institutiones' , 1, 'biblia');
insert into libro_nivel (TIPO_LIBROID, NIVEL, PAGINAS, PUNTUACION, PRECIO_MIN, PRECIO_MAX, CTD_PIEL_ENCUADERNAR, DESGASTE) values (504, 1, 540, 246000, 156000, 206000, 5, 0.027);
insert into literales (LITERALID, IDIOMAID, LITERAL) values (20504, 1, 'Institutiones');
insert into literales (LITERALID, IDIOMAID, LITERAL) values (30504, 1, 'Obra de Casiano, Padre de la Iglesia');
insert into libro_tipo (TIPO_LIBROID, LITERALID, DESCRIPCIONID, DESCRIPCION, COPIABLE, GRAFICO) values (505, 20505, 30505, 'Collationes' , 1, 'biblia');
insert into libro_nivel (TIPO_LIBROID, NIVEL, PAGINAS, PUNTUACION, PRECIO_MIN, PRECIO_MAX, CTD_PIEL_ENCUADERNAR, DESGASTE) values (505, 1, 680, 270000, 190000, 260000, 7, 0.027);
insert into literales (LITERALID, IDIOMAID, LITERAL) values (20505, 1, 'Collationes');
insert into literales (LITERALID, IDIOMAID, LITERAL) values (30505, 1, 'Obra de Casiano donde dialoga con veinticuatro monjes famosos de la antiguedad');
insert into libro_tipo (TIPO_LIBROID, LITERALID, DESCRIPCIONID, DESCRIPCION, COPIABLE, GRAFICO) values (506, 20506, 30506, 'Antiquitates Iudaicae' , 1, 'biblia');
insert into libro_nivel (TIPO_LIBROID, NIVEL, PAGINAS, PUNTUACION, PRECIO_MIN, PRECIO_MAX, CTD_PIEL_ENCUADERNAR, DESGASTE) values (506, 1, 560, 249000, 157000, 208000, 5, 0.027);
insert into literales (LITERALID, IDIOMAID, LITERAL) values (20506, 1, 'Antiquitates Iudaicae');
insert into literales (LITERALID, IDIOMAID, LITERAL) values (30506, 1, 'Obra de Flavio Josefo donde narra la historia del pueblo judio');
insert into libro_tipo (TIPO_LIBROID, LITERALID, DESCRIPCIONID, DESCRIPCION, COPIABLE, GRAFICO) values (507, 20507, 30507, 'Iuvenalis Saturae' , 1, 'biblia');
insert into libro_nivel (TIPO_LIBROID, NIVEL, PAGINAS, PUNTUACION, PRECIO_MIN, PRECIO_MAX, CTD_PIEL_ENCUADERNAR, DESGASTE) values (507, 1, 660, 259000, 189000, 229000, 7, 0.027);
insert into literales (LITERALID, IDIOMAID, LITERAL) values (20507, 1, 'Iuvenalis Saturae');
insert into literales (LITERALID, IDIOMAID, LITERAL) values (30507, 1, 'Colección de satiras de Juvenal orador y poeta romano');
insert into libro_tipo (TIPO_LIBROID, LITERALID, DESCRIPCIONID, DESCRIPCION, COPIABLE, GRAFICO) values (508, 20508, 30508, 'Persius Saturae' , 1, 'biblia');
insert into libro_nivel (TIPO_LIBROID, NIVEL, PAGINAS, PUNTUACION, PRECIO_MIN, PRECIO_MAX, CTD_PIEL_ENCUADERNAR, DESGASTE) values (508, 1, 625, 251000, 186000, 236000, 7, 0.027);
insert into literales (LITERALID, IDIOMAID, LITERAL) values (20508, 1, 'Persius Saturae');
insert into literales (LITERALID, IDIOMAID, LITERAL) values (30508, 1, 'Colección de satiras de Persio poeta satirico latino');
insert into libro_tipo (TIPO_LIBROID, LITERALID, DESCRIPCIONID, DESCRIPCION, COPIABLE, GRAFICO) values (509, 20509, 30509, 'Andria' , 1, 'biblia');
insert into libro_nivel (TIPO_LIBROID, NIVEL, PAGINAS, PUNTUACION, PRECIO_MIN, PRECIO_MAX, CTD_PIEL_ENCUADERNAR, DESGASTE) values (509, 1, 625, 251000, 186000, 236000, 7, 0.027);
insert into literales (LITERALID, IDIOMAID, LITERAL) values (20509, 1, 'Andria');
insert into literales (LITERALID, IDIOMAID, LITERAL) values (30509, 1, 'Obra de Publio Terencio, autor comico romano');
insert into libro_tipo (TIPO_LIBROID, LITERALID, DESCRIPCIONID, DESCRIPCION, COPIABLE, GRAFICO) values (510, 20510, 30510, 'Hecyra' , 1, 'biblia');
insert into libro_nivel (TIPO_LIBROID, NIVEL, PAGINAS, PUNTUACION, PRECIO_MIN, PRECIO_MAX, CTD_PIEL_ENCUADERNAR, DESGASTE) values (510, 1, 500, 225000, 155000, 210000, 5, 0.027);
insert into literales (LITERALID, IDIOMAID, LITERAL) values (20510, 1, 'Hecyra');
insert into literales (LITERALID, IDIOMAID, LITERAL) values (30510, 1, 'Obra de Publio Terencio, autor comico romano');
insert into libro_tipo (TIPO_LIBROID, LITERALID, DESCRIPCIONID, DESCRIPCION, COPIABLE, GRAFICO) values (511, 20511, 30511, 'Heautontimorumenos' , 1, 'biblia');
insert into libro_nivel (TIPO_LIBROID, NIVEL, PAGINAS, PUNTUACION, PRECIO_MIN, PRECIO_MAX, CTD_PIEL_ENCUADERNAR, DESGASTE) values (511, 1, 520, 228000, 159000, 200000, 6, 0.027);
insert into literales (LITERALID, IDIOMAID, LITERAL) values (20511, 1, 'Heautontimorumenos');
insert into literales (LITERALID, IDIOMAID, LITERAL) values (30511, 1, 'Obra de Publio Terencio, autor comico romano');
insert into libro_tipo (TIPO_LIBROID, LITERALID, DESCRIPCIONID, DESCRIPCION, COPIABLE, GRAFICO) values (512, 20512, 30512, 'Eunuchus' , 1, 'biblia');
insert into libro_nivel (TIPO_LIBROID, NIVEL, PAGINAS, PUNTUACION, PRECIO_MIN, PRECIO_MAX, CTD_PIEL_ENCUADERNAR, DESGASTE) values (512, 1, 680, 270000, 190000, 260000, 7, 0.027);
insert into literales (LITERALID, IDIOMAID, LITERAL) values (20512, 1, 'Eunuchus');
insert into literales (LITERALID, IDIOMAID, LITERAL) values (30512, 1, 'Obra de Publio Terencio, autor comico romano');
insert into libro_tipo (TIPO_LIBROID, LITERALID, DESCRIPCIONID, DESCRIPCION, COPIABLE, GRAFICO) values (513, 20513, 30513, 'Phormio' , 1, 'biblia');
insert into libro_nivel (TIPO_LIBROID, NIVEL, PAGINAS, PUNTUACION, PRECIO_MIN, PRECIO_MAX, CTD_PIEL_ENCUADERNAR, DESGASTE) values (513, 1, 630, 255000, 188000, 218000, 7, 0.027);
insert into literales (LITERALID, IDIOMAID, LITERAL) values (20513, 1, 'Phormio');
insert into literales (LITERALID, IDIOMAID, LITERAL) values (30513, 1, 'Obra de Publio Terencio, autor comico romano');
insert into libro_tipo (TIPO_LIBROID, LITERALID, DESCRIPCIONID, DESCRIPCION, COPIABLE, GRAFICO) values (514, 20514, 30514, 'Adelphi' , 1, 'biblia');
insert into libro_nivel (TIPO_LIBROID, NIVEL, PAGINAS, PUNTUACION, PRECIO_MIN, PRECIO_MAX, CTD_PIEL_ENCUADERNAR, DESGASTE) values (514, 1, 540, 246000, 156000, 206000, 5, 0.027);
insert into literales (LITERALID, IDIOMAID, LITERAL) values (20514, 1, 'Adelphi');
insert into literales (LITERALID, IDIOMAID, LITERAL) values (30514, 1, 'Obra de Publio Terencio, autor comico romano');
insert into libro_tipo (TIPO_LIBROID, LITERALID, DESCRIPCIONID, DESCRIPCION, COPIABLE, GRAFICO) values (515, 20515, 30515, 'Glossam Ordinariam' , 1, 'biblia');
insert into libro_nivel (TIPO_LIBROID, NIVEL, PAGINAS, PUNTUACION, PRECIO_MIN, PRECIO_MAX, CTD_PIEL_ENCUADERNAR, DESGASTE) values (515, 1, 480, 220000, 150000, 205000, 5, 0.027);
insert into literales (LITERALID, IDIOMAID, LITERAL) values (20515, 1, 'Glossam Ordinariam');
insert into literales (LITERALID, IDIOMAID, LITERAL) values (30515, 1, 'Escrito por Walafrido Strabo en el siglo IX como manual de consulta en la mayor parte de las escuelas monásticas y episcopales');
insert into libro_tipo (TIPO_LIBROID, LITERALID, DESCRIPCIONID, DESCRIPCION, COPIABLE, GRAFICO) values (516, 20516, 30516, 'Confessiones' , 1, 'biblia');
insert into libro_nivel (TIPO_LIBROID, NIVEL, PAGINAS, PUNTUACION, PRECIO_MIN, PRECIO_MAX, CTD_PIEL_ENCUADERNAR, DESGASTE) values (516, 1, 625, 251000, 186000, 236000, 7, 0.027);
insert into literales (LITERALID, IDIOMAID, LITERAL) values (20516, 1, 'Confessiones');
insert into literales (LITERALID, IDIOMAID, LITERAL) values (30516, 1, 'Escrito por San Agustin de Hipona entre 397 y 401 d.C. narra su vida y evolucion interior');
insert into libro_tipo (TIPO_LIBROID, LITERALID, DESCRIPCIONID, DESCRIPCION, COPIABLE, GRAFICO) values (517, 20517, 30517, 'De Temporum Ratione' , 1, 'biblia');
insert into libro_nivel (TIPO_LIBROID, NIVEL, PAGINAS, PUNTUACION, PRECIO_MIN, PRECIO_MAX, CTD_PIEL_ENCUADERNAR, DESGASTE) values (517, 1, 700, 285000, 192000, 261000, 8, 0.027);
insert into literales (LITERALID, IDIOMAID, LITERAL) values (20517, 1, 'De Temporum Ratione');
insert into literales (LITERALID, IDIOMAID, LITERAL) values (30517, 1, 'Escrito por Beda el Venerable donde analiza la cuestión de la cronología y la cosmologia');
insert into libro_tipo (TIPO_LIBROID, LITERALID, DESCRIPCIONID, DESCRIPCION, COPIABLE, GRAFICO) values (518, 20518, 30518, 'Quaestiones Quodlibetales' , 1, 'biblia');
insert into libro_nivel (TIPO_LIBROID, NIVEL, PAGINAS, PUNTUACION, PRECIO_MIN, PRECIO_MAX, CTD_PIEL_ENCUADERNAR, DESGASTE) values (518, 1, 775, 289500, 199000, 267000, 8, 0.027);
insert into literales (LITERALID, IDIOMAID, LITERAL) values (20518, 1, 'Questiones Quodlibetales');
insert into literales (LITERALID, IDIOMAID, LITERAL) values (30518, 1, 'Obra de John Duns Scoto');
insert into libro_tipo (TIPO_LIBROID, LITERALID, DESCRIPCIONID, DESCRIPCION, COPIABLE, GRAFICO) values (519, 20519, 30519, 'Tractatus de Primo Principio' , 1, 'biblia');
insert into libro_nivel (TIPO_LIBROID, NIVEL, PAGINAS, PUNTUACION, PRECIO_MIN, PRECIO_MAX, CTD_PIEL_ENCUADERNAR, DESGASTE) values (519, 1, 625, 251000, 186000, 236000, 7, 0.027);
insert into literales (LITERALID, IDIOMAID, LITERAL) values (20519, 1, 'Tractatus de Primo Principio');
insert into literales (LITERALID, IDIOMAID, LITERAL) values (30519, 1, 'Obra de John Duns Scoto');
insert into libro_tipo (TIPO_LIBROID, LITERALID, DESCRIPCIONID, DESCRIPCION, COPIABLE, GRAFICO) values (520, 20520, 30520, 'Passio sanctarum Perpetuae et Felecitatis' , 1, 'biblia');
insert into libro_nivel (TIPO_LIBROID, NIVEL, PAGINAS, PUNTUACION, PRECIO_MIN, PRECIO_MAX, CTD_PIEL_ENCUADERNAR, DESGASTE) values (520, 1, 510, 226000, 156000, 186000, 5, 0.027);
insert into literales (LITERALID, IDIOMAID, LITERAL) values (20520, 1, 'Passio sanctarum Perpetuae et Felecitatis');
insert into literales (LITERALID, IDIOMAID, LITERAL) values (30520, 1, 'Escrito por Tertuliano narra el martirio de Perpetua y Felecidad en torno al año 202 d.C.');
insert into libro_tipo (TIPO_LIBROID, LITERALID, DESCRIPCIONID, DESCRIPCION, COPIABLE, GRAFICO) values (521, 20521, 30521, 'Breviarium Alaricianum' , 1, 'biblia');
insert into libro_nivel (TIPO_LIBROID, NIVEL, PAGINAS, PUNTUACION, PRECIO_MIN, PRECIO_MAX, CTD_PIEL_ENCUADERNAR, DESGASTE) values (521, 1, 420, 215000, 125000, 175000, 5, 0.027);
insert into literales (LITERALID, IDIOMAID, LITERAL) values (20521, 1, 'Brevarium Alaricianum');
insert into literales (LITERALID, IDIOMAID, LITERAL) values (30521, 1, 'Es un cuerpo legal promulgado en Tolosa en 506 d.C.');
insert into libro_tipo (TIPO_LIBROID, LITERALID, DESCRIPCIONID, DESCRIPCION, COPIABLE, GRAFICO) values (522, 20522, 30522, 'Appendix Virgiliana' , 1, 'biblia');
insert into libro_nivel (TIPO_LIBROID, NIVEL, PAGINAS, PUNTUACION, PRECIO_MIN, PRECIO_MAX, CTD_PIEL_ENCUADERNAR, DESGASTE) values (522, 1, 660, 259000, 189000, 229000, 7, 0.027);
insert into literales (LITERALID, IDIOMAID, LITERAL) values (20522, 1, 'Appendix Virgiliana');
insert into literales (LITERALID, IDIOMAID, LITERAL) values (30522, 1, 'Conjuto de poemas de juventud atribuidos a Virgilio');
insert into libro_tipo (TIPO_LIBROID, LITERALID, DESCRIPCIONID, DESCRIPCION, COPIABLE, GRAFICO) values (523, 20523, 30523, 'Aeneis' , 1, 'biblia');
insert into libro_nivel (TIPO_LIBROID, NIVEL, PAGINAS, PUNTUACION, PRECIO_MIN, PRECIO_MAX, CTD_PIEL_ENCUADERNAR, DESGASTE) values (523, 1, 720, 287000, 195000, 262000, 8, 0.027);
insert into literales (LITERALID, IDIOMAID, LITERAL) values (20523, 1, 'Aeneis');
insert into literales (LITERALID, IDIOMAID, LITERAL) values (30523, 1, 'Escrito por Virgilio, la Eneida es una epopeya que atribuye un origen mitico al Imperio Romano');
insert into libro_tipo (TIPO_LIBROID, LITERALID, DESCRIPCIONID, DESCRIPCION, COPIABLE, GRAFICO) values (524, 20524, 30524, 'Bucolica' , 1, 'biblia');
insert into libro_nivel (TIPO_LIBROID, NIVEL, PAGINAS, PUNTUACION, PRECIO_MIN, PRECIO_MAX, CTD_PIEL_ENCUADERNAR, DESGASTE) values (524, 1, 560, 249000, 157000, 208000, 5, 0.027);
insert into literales (LITERALID, IDIOMAID, LITERAL) values (20524, 1, 'Bucolica');
insert into literales (LITERALID, IDIOMAID, LITERAL) values (30524, 1, 'Escritas por Virgilio constituyen la primera de sus grandes obras');
insert into libro_tipo (TIPO_LIBROID, LITERALID, DESCRIPCIONID, DESCRIPCION, COPIABLE, GRAFICO) values (525, 20525, 30525, 'De Bello Civili' , 1, 'biblia');
insert into libro_nivel (TIPO_LIBROID, NIVEL, PAGINAS, PUNTUACION, PRECIO_MIN, PRECIO_MAX, CTD_PIEL_ENCUADERNAR, DESGASTE) values (525, 1, 520, 228000, 159000, 200000, 6, 0.027);
insert into literales (LITERALID, IDIOMAID, LITERAL) values (20525, 1, 'De Bello Civili');
insert into literales (LITERALID, IDIOMAID, LITERAL) values (30525, 1, 'Escrito por Julio Cesar narra las operaciones militares y vicisitudes políticas acaecidas durante la guerra civil de la Republica de Roma');
insert into libro_tipo (TIPO_LIBROID, LITERALID, DESCRIPCIONID, DESCRIPCION, COPIABLE, GRAFICO) values (526, 20526, 30526, 'Dialogus de Oratoribus' , 1, 'biblia');
insert into libro_nivel (TIPO_LIBROID, NIVEL, PAGINAS, PUNTUACION, PRECIO_MIN, PRECIO_MAX, CTD_PIEL_ENCUADERNAR, DESGASTE) values (526, 1, 600, 250000, 175000, 200000, 6, 0.027);
insert into literales (LITERALID, IDIOMAID, LITERAL) values (20526, 1, 'Dialogus de Oratoribus');
insert into literales (LITERALID, IDIOMAID, LITERAL) values (30526, 1, 'Escrito por Tacito trata sobre la decadencia de la oratoria');
insert into libro_tipo (TIPO_LIBROID, LITERALID, DESCRIPCIONID, DESCRIPCION, COPIABLE, GRAFICO) values (527, 20527, 30527, 'De vita Iulii Agricolae' , 1, 'biblia');
insert into libro_nivel (TIPO_LIBROID, NIVEL, PAGINAS, PUNTUACION, PRECIO_MIN, PRECIO_MAX, CTD_PIEL_ENCUADERNAR, DESGASTE) values (527, 1, 775, 289500, 199000, 267000, 8, 0.027);
insert into literales (LITERALID, IDIOMAID, LITERAL) values (20527, 1, 'De vita Iulii Agricolae');
insert into literales (LITERALID, IDIOMAID, LITERAL) values (30527, 1, 'Escrito por Tacito dedicado al gobierno de Agricola en Britania');
insert into libro_tipo (TIPO_LIBROID, LITERALID, DESCRIPCIONID, DESCRIPCION, COPIABLE, GRAFICO) values (528, 20528, 30528, 'De vita Caesarum' , 1, 'biblia');
insert into libro_nivel (TIPO_LIBROID, NIVEL, PAGINAS, PUNTUACION, PRECIO_MIN, PRECIO_MAX, CTD_PIEL_ENCUADERNAR, DESGASTE) values (528, 1, 625, 251000, 186000, 236000, 7, 0.027);
insert into literales (LITERALID, IDIOMAID, LITERAL) values (20528, 1, 'De vita Caesarum');
insert into literales (LITERALID, IDIOMAID, LITERAL) values (30528, 1, 'Escrito por Suetonio narra las biografias de los doce cesares');
insert into libro_tipo (TIPO_LIBROID, LITERALID, DESCRIPCIONID, DESCRIPCION, COPIABLE, GRAFICO) values (529, 20529, 30529, 'De Origine et situ Germanorum' , 1, 'biblia');
insert into libro_nivel (TIPO_LIBROID, NIVEL, PAGINAS, PUNTUACION, PRECIO_MIN, PRECIO_MAX, CTD_PIEL_ENCUADERNAR, DESGASTE) values (529, 1, 560, 249000, 157000, 208000, 5, 0.027);
insert into literales (LITERALID, IDIOMAID, LITERAL) values (20529, 1, 'De Origine et situ Germanorum');
insert into literales (LITERALID, IDIOMAID, LITERAL) values (30529, 1, 'Escrito por Tactio es una obra etnográfica que trata sobre los diversos pueblos germanicos');
insert into libro_tipo (TIPO_LIBROID, LITERALID, DESCRIPCIONID, DESCRIPCION, COPIABLE, GRAFICO) values (530, 20530, 30530, 'Liber de episcopis Mettensibus' , 1, 'biblia');
insert into libro_nivel (TIPO_LIBROID, NIVEL, PAGINAS, PUNTUACION, PRECIO_MIN, PRECIO_MAX, CTD_PIEL_ENCUADERNAR, DESGASTE) values (530, 1, 700, 285000, 192000, 261000, 8, 0.027);
insert into literales (LITERALID, IDIOMAID, LITERAL) values (20530, 1, 'Liber de episcopis Mettensibus');
insert into literales (LITERALID, IDIOMAID, LITERAL) values (30530, 1, 'Escrito por Pablo el Diacono, el Libro de los Obispos de Metz es una recopilación de la historia episcopal de dicha ciudad');
insert into libro_tipo (TIPO_LIBROID, LITERALID, DESCRIPCIONID, DESCRIPCION, COPIABLE, GRAFICO) values (531, 20531, 30531, 'De Bello Gallico' , 1, 'biblia');
insert into libro_nivel (TIPO_LIBROID, NIVEL, PAGINAS, PUNTUACION, PRECIO_MIN, PRECIO_MAX, CTD_PIEL_ENCUADERNAR, DESGASTE) values (531, 1, 660, 259000, 189000, 229000, 7, 0.027);
insert into literales (LITERALID, IDIOMAID, LITERAL) values (20531, 1, 'De Bello Gallico');
insert into literales (LITERALID, IDIOMAID, LITERAL) values (30531, 1, 'Libro escrito por Julio Cesar donde relata las guerras de las Galias');
insert into libro_tipo (TIPO_LIBROID, LITERALID, DESCRIPCIONID, DESCRIPCION, COPIABLE, GRAFICO) values (532, 20532, 30532, 'Didascalicon' , 1, 'biblia');
insert into libro_nivel (TIPO_LIBROID, NIVEL, PAGINAS, PUNTUACION, PRECIO_MIN, PRECIO_MAX, CTD_PIEL_ENCUADERNAR, DESGASTE) values (532, 1, 720, 287000, 195000, 262000, 8, 0.027);
insert into literales (LITERALID, IDIOMAID, LITERAL) values (20532, 1, 'Didascalicon');
insert into literales (LITERALID, IDIOMAID, LITERAL) values (30532, 1, 'Escrito por Hugo de San Victor es un tratado sobre el estudio de las artes liberales');
insert into libro_tipo (TIPO_LIBROID, LITERALID, DESCRIPCIONID, DESCRIPCION, COPIABLE, GRAFICO) values (533, 20533, 30533, 'Metalogicon' , 1, 'biblia');
insert into libro_nivel (TIPO_LIBROID, NIVEL, PAGINAS, PUNTUACION, PRECIO_MIN, PRECIO_MAX, CTD_PIEL_ENCUADERNAR, DESGASTE) values (533, 1, 540, 246000, 156000, 206000, 5, 0.027);
insert into literales (LITERALID, IDIOMAID, LITERAL) values (20533, 1, 'Metalogicon');
insert into literales (LITERALID, IDIOMAID, LITERAL) values (30533, 1, 'Escrito por Juan de Salisbury');
insert into libro_tipo (TIPO_LIBROID, LITERALID, DESCRIPCIONID, DESCRIPCION, COPIABLE, GRAFICO) values (534, 20534, 30534, 'Graecismus' , 1, 'biblia');
insert into libro_nivel (TIPO_LIBROID, NIVEL, PAGINAS, PUNTUACION, PRECIO_MIN, PRECIO_MAX, CTD_PIEL_ENCUADERNAR, DESGASTE) values (534, 1, 775, 289500, 199000, 267000, 8, 0.027);
insert into literales (LITERALID, IDIOMAID, LITERAL) values (20534, 1, 'Graecismus');
insert into literales (LITERALID, IDIOMAID, LITERAL) values (30534, 1, 'Escrito por Evrard de Bethunne en 1212');
insert into libro_tipo (TIPO_LIBROID, LITERALID, DESCRIPCIONID, DESCRIPCION, COPIABLE, GRAFICO) values (535, 20535, 30535, 'De Philosophia Mundi' , 1, 'biblia');
insert into libro_nivel (TIPO_LIBROID, NIVEL, PAGINAS, PUNTUACION, PRECIO_MIN, PRECIO_MAX, CTD_PIEL_ENCUADERNAR, DESGASTE) values (535, 1, 660, 259000, 189000, 229000, 7, 0.027);
insert into literales (LITERALID, IDIOMAID, LITERAL) values (20535, 1, 'De Philosophia Mundi');
insert into literales (LITERALID, IDIOMAID, LITERAL) values (30535, 1, 'Escrito por Guillermo de Conches en el que abarca la física, la astronomía, la geometría, meteorología y la medicina');
insert into libro_tipo (TIPO_LIBROID, LITERALID, DESCRIPCIONID, DESCRIPCION, COPIABLE, GRAFICO) values (536, 20536, 30536, 'De Corpore et Sanguine Domini' , 1, 'biblia');
insert into libro_nivel (TIPO_LIBROID, NIVEL, PAGINAS, PUNTUACION, PRECIO_MIN, PRECIO_MAX, CTD_PIEL_ENCUADERNAR, DESGASTE) values (536, 1, 720, 287000, 195000, 262000, 8, 0.027);
insert into literales (LITERALID, IDIOMAID, LITERAL) values (20536, 1, 'De Corpore et Sanguine Domini');
insert into literales (LITERALID, IDIOMAID, LITERAL) values (30536, 1, 'Escrito por Gerberto de Aurillac, Papa Silvestre II');
insert into libro_tipo (TIPO_LIBROID, LITERALID, DESCRIPCIONID, DESCRIPCION, COPIABLE, GRAFICO) values (537, 20537, 30537, 'Descriptio mappe Mundi' , 1, 'biblia');
insert into libro_nivel (TIPO_LIBROID, NIVEL, PAGINAS, PUNTUACION, PRECIO_MIN, PRECIO_MAX, CTD_PIEL_ENCUADERNAR, DESGASTE) values (537, 1, 560, 249000, 157000, 208000, 5, 0.027);
insert into literales (LITERALID, IDIOMAID, LITERAL) values (20537, 1, 'Descriptio mappe Mundi');
insert into literales (LITERALID, IDIOMAID, LITERAL) values (30537, 1, 'Escrito por Hugo de San Victor sobre cartografia');
insert into libro_tipo (TIPO_LIBROID, LITERALID, DESCRIPCIONID, DESCRIPCION, COPIABLE, GRAFICO) values (538, 20538, 30538, 'De Miraculis' , 1, 'biblia');
insert into libro_nivel (TIPO_LIBROID, NIVEL, PAGINAS, PUNTUACION, PRECIO_MIN, PRECIO_MAX, CTD_PIEL_ENCUADERNAR, DESGASTE) values (538, 1, 720, 287000, 195000, 262000, 8, 0.027);
insert into literales (LITERALID, IDIOMAID, LITERAL) values (20538, 1, 'De Miraculis');
insert into literales (LITERALID, IDIOMAID, LITERAL) values (30538, 1, 'Escrito por Pedro el Venerable en el que recoge señales celestiales y las maravillas que Dios estaba obrando en su epoca');
insert into libro_tipo (TIPO_LIBROID, LITERALID, DESCRIPCIONID, DESCRIPCION, COPIABLE, GRAFICO) values (539, 20539, 30539, 'Consuetudines' , 1, 'biblia');
insert into libro_nivel (TIPO_LIBROID, NIVEL, PAGINAS, PUNTUACION, PRECIO_MIN, PRECIO_MAX, CTD_PIEL_ENCUADERNAR, DESGASTE) values (539, 1, 520, 228000, 159000, 200000, 6, 0.027);
insert into literales (LITERALID, IDIOMAID, LITERAL) values (20539, 1, 'Consuetudines');
insert into literales (LITERALID, IDIOMAID, LITERAL) values (30539, 1, 'Guigues, sucesor de San Bruno, redacta las costumbres de la Orden Cartuja');
insert into libro_tipo (TIPO_LIBROID, LITERALID, DESCRIPCIONID, DESCRIPCION, COPIABLE, GRAFICO) values (540, 20540, 30540, 'Aenigma fidei' , 1, 'biblia');
insert into libro_nivel (TIPO_LIBROID, NIVEL, PAGINAS, PUNTUACION, PRECIO_MIN, PRECIO_MAX, CTD_PIEL_ENCUADERNAR, DESGASTE) values (540, 1, 420, 215000, 125000, 175000, 5, 0.027);
insert into literales (LITERALID, IDIOMAID, LITERAL) values (20540, 1, 'Aenigma fidei');
insert into literales (LITERALID, IDIOMAID, LITERAL) values (30540, 1, 'Opusculo de Guillermo de Saint Therry sobre la simplicidad de la fe');
insert into libro_tipo (TIPO_LIBROID, LITERALID, DESCRIPCIONID, DESCRIPCION, COPIABLE, GRAFICO) values (541, 20541, 30541, 'De Contemplatio Deo' , 1, 'biblia');
insert into libro_nivel (TIPO_LIBROID, NIVEL, PAGINAS, PUNTUACION, PRECIO_MIN, PRECIO_MAX, CTD_PIEL_ENCUADERNAR, DESGASTE) values (541, 1, 700, 285000, 192000, 261000, 8, 0.027);
insert into literales (LITERALID, IDIOMAID, LITERAL) values (20541, 1, 'De Contemplatio Deo');
insert into literales (LITERALID, IDIOMAID, LITERAL) values (30541, 1, 'Escrito por Guillermo de Saint Therry aunque también es una obra atribuida a San Bernardo');
insert into libro_tipo (TIPO_LIBROID, LITERALID, DESCRIPCIONID, DESCRIPCION, COPIABLE, GRAFICO) values (542, 20542, 30542, 'Speculum fidei' , 1, 'biblia');
insert into libro_nivel (TIPO_LIBROID, NIVEL, PAGINAS, PUNTUACION, PRECIO_MIN, PRECIO_MAX, CTD_PIEL_ENCUADERNAR, DESGASTE) values (542, 1, 520, 228000, 159000, 200000, 6, 0.027);
insert into literales (LITERALID, IDIOMAID, LITERAL) values (20542, 1, 'Speculum fidei');
insert into literales (LITERALID, IDIOMAID, LITERAL) values (30542, 1, 'Escrito por Guillermo de Saint Thierry es un tratado sobre las virtudes teologales');
insert into libro_tipo (TIPO_LIBROID, LITERALID, DESCRIPCIONID, DESCRIPCION, COPIABLE, GRAFICO) values (543, 20543, 30543, 'Laudes Creaturarum' , 1, 'biblia');
insert into libro_nivel (TIPO_LIBROID, NIVEL, PAGINAS, PUNTUACION, PRECIO_MIN, PRECIO_MAX, CTD_PIEL_ENCUADERNAR, DESGASTE) values (543, 1, 480, 220000, 150000, 205000, 5, 0.027);
insert into literales (LITERALID, IDIOMAID, LITERAL) values (20543, 1, 'Laudes Creaturarum');
insert into literales (LITERALID, IDIOMAID, LITERAL) values (30543, 1, 'Escrito por San Franscico de Asis');



